Timestamp,Real_J1,Real_J2,Real_J3,Real_J4,Real_J5,Real_J6,Sim_J1,Sim_J2,Sim_J3,Sim_J4,Sim_J5,Sim_J6,RMSE_per_joint,Avg_RMSE,TimeDelay_ms
2025-11-07 20:37:49,0.0,0.0,0.0,0.0,0.0,0.0,0.0,0.0,0.0,0.0,0.0,0.0,0.0,0.0,0.0,0.0,0.0,0.0,0.0,0.0
2025-11-07 20:37:50,0.0,0.0,0.0,0.0,0.0,0.0,0.0898,-0.7505,-1.3312,-0.1477,-1.5365,-0.1362,0.0898,0.7505,1.3312,0.1477,1.5365,0.1362,0.6653166666666667,0.0
2025-11-07 20:37:50,0.0,0.0,0.0,0.0,0.0,0.0,0.0898,-0.7505,-1.3312,-0.1477,-1.5365,-0.1362,0.0898,0.7505,1.3312,0.1477,1.5365,0.1362,0.6653166666666667,0.0
2025-11-07 20:37:50,0.0,0.0,0.0,0.0,0.0,0.0,0.0898,-0.7505,-1.3312,-0.1477,-1.5365,-0.1362,0.0898,0.7505,1.3312,0.1477,1.5365,0.1362,0.6653166666666667,0.0
2025-11-07 20:37:50,0.0,0.0,0.0,0.0,0.0,0.0,0.0898,-0.7505,-1.3312,-0.1477,-1.5365,-0.1362,0.0898,0.7505,1.3312,0.1477,1.5365,0.1362,0.6653166666666667,0.0
2025-11-07 20:37:50,0.08980690687894821,-0.7481703758239746,-1.3323792219161987,-0.14773577451705933,-1.542068362236023,-0.136225163936615,0.0898,-0.7505,-1.3312,-0.1477,-1.5365,-0.1362,6.9068789482068516e-06,0.0023296241760253356,0.0011792219161987916,3.5774517059328215e-05,0.005568362236022972,2.516393661500249e-05,0.0015241756101449396,-0.340017
2025-11-07 20:37:50,0.08980690687894821,-0.7481703758239746,-1.3323792219161987,-0.14773577451705933,-1.542068362236023,-0.136225163936615,0.0898,-0.7505,-1.3312,-0.1477,-1.5365,-0.1362,6.9068789482068516e-06,0.0023296241760253356,0.0011792219161987916,3.5774517059328215e-05,0.005568362236022972,2.516393661500249e-05,0.0015241756101449396,-12.505421
2025-11-07 20:37:51,0.08980690687894821,-0.7481703758239746,-1.3323792219161987,-0.14773577451705933,-1.542068362236023,-0.136225163936615,0.0898,-0.7505,-1.3312,-0.1477,-1.5365,-0.1362,6.9068789482068516e-06,0.0023296241760253356,0.0011792219161987916,3.5774517059328215e-05,0.005568362236022972,2.516393661500249e-05,0.0015241756101449396,3.143846
2025-11-07 20:37:51,0.08980690687894821,-0.7481703758239746,-1.3323792219161987,-0.14773577451705933,-1.542068362236023,-0.136225163936615,0.0898,-0.7505,-1.3312,-0.1477,-1.5365,-0.1362,6.9068789482068516e-06,0.0023296241760253356,0.0011792219161987916,3.5774517059328215e-05,0.005568362236022972,2.516393661500249e-05,0.0015241756101449396,4.312271
2025-11-07 20:37:51,0.08980690687894821,-0.7481703758239746,-1.3323792219161987,-0.14773577451705933,-1.542068362236023,-0.136225163936615,0.0898,-0.7505,-1.3312,-0.1477,-1.5365,-0.1362,6.9068789482068516e-06,0.0023296241760253356,0.0011792219161987916,3.5774517059328215e-05,0.005568362236022972,2.516393661500249e-05,0.0015241756101449396,12.054452
2025-11-07 20:37:51,0.08980690687894821,-0.7481703758239746,-1.3323792219161987,-0.14773577451705933,-1.542068362236023,-0.136225163936615,0.0898,-0.7505,-1.3312,-0.1477,-1.5365,-0.1362,6.9068789482068516e-06,0.0023296241760253356,0.0011792219161987916,3.5774517059328215e-05,0.005568362236022972,2.516393661500249e-05,0.0015241756101449396,1.074766
2025-11-07 20:37:51,0.08980690687894821,-0.7481703758239746,-1.3323792219161987,-0.14773577451705933,-1.542068362236023,-0.136225163936615,0.0898,-0.7505,-1.3312,-0.1477,-1.5365,-0.1362,6.9068789482068516e-06,0.0023296241760253356,0.0011792219161987916,3.5774517059328215e-05,0.005568362236022972,2.516393661500249e-05,0.0015241756101449396,-14.278767
2025-11-07 20:37:51,0.08980690687894821,-0.7481703758239746,-1.3323792219161987,-0.14773577451705933,-1.542068362236023,-0.136225163936615,0.0898,-0.7505,-1.3312,-0.1477,-1.5365,-0.1362,6.9068789482068516e-06,0.0023296241760253356,0.0011792219161987916,3.5774517059328215e-05,0.005568362236022972,2.516393661500249e-05,0.0015241756101449396,-12.270704
2025-11-07 20:37:51,0.08980690687894821,-0.7481703758239746,-1.3323792219161987,-0.14773385226726532,-1.542068362236023,-0.136225163936615,0.0898,-0.7505,-1.3312,-0.1477,-1.5365,-0.1362,6.9068789482068516e-06,0.0023296241760253356,0.0011792219161987916,3.385226726532187e-05,0.005568362236022972,2.516393661500249e-05,0.0015238552351792718,30.643097
2025-11-07 20:37:52,0.08980690687894821,-0.7481703758239746,-1.3323792219161987,-0.14773385226726532,-1.542068362236023,-0.136225163936615,0.0898,-0.7505,-1.3312,-0.1477,-1.5365,-0.1362,6.9068789482068516e-06,0.0023296241760253356,0.0011792219161987916,3.385226726532187e-05,0.005568362236022972,2.516393661500249e-05,0.0015238552351792718,4.443401
2025-11-07 20:37:52,0.08980690687894821,-0.7481703758239746,-1.3323792219161987,-0.1477319300174713,-1.542068362236023,-0.136225163936615,0.0898,-0.7505,-1.3312,-0.1477,-1.5365,-0.1362,6.9068789482068516e-06,0.0023296241760253356,0.0011792219161987916,3.193001747131552e-05,0.005568362236022972,2.516393661500249e-05,0.0015235348602136041,28.80102
2025-11-07 20:37:52,0.08980690687894821,-0.7481703758239746,-1.3323792219161987,-0.1477319300174713,-1.542068362236023,-0.136225163936615,0.0898,-0.7505,-1.3312,-0.1477,-1.5365,-0.1362,6.9068789482068516e-06,0.0023296241760253356,0.0011792219161987916,3.193001747131552e-05,0.005568362236022972,2.516393661500249e-05,0.0015235348602136041,-7.524307
2025-11-07 20:37:52,0.08980690687894821,-0.7481703758239746,-1.3323792219161987,-0.1477319300174713,-1.542068362236023,-0.136225163936615,0.0898,-0.7505,-1.3312,-0.1477,-1.5365,-0.1362,6.9068789482068516e-06,0.0023296241760253356,0.0011792219161987916,3.193001747131552e-05,0.005568362236022972,2.516393661500249e-05,0.0015235348602136041,-9.659953
2025-11-07 20:37:52,0.08980690687894821,-0.7481703758239746,-1.3323792219161987,-0.1477319300174713,-1.542068362236023,-0.136225163936615,0.0898,-0.7505,-1.3312,-0.1477,-1.5365,-0.1362,6.9068789482068516e-06,0.0023296241760253356,0.0011792219161987916,3.193001747131552e-05,0.005568362236022972,2.516393661500249e-05,0.0015235348602136041,-4.055562
2025-11-07 20:37:52,0.08980690687894821,-0.7481703758239746,-1.3323792219161987,-0.1477319300174713,-1.542068362236023,-0.136225163936615,0.0898,-0.7505,-1.3312,-0.1477,-1.5365,-0.1362,6.9068789482068516e-06,0.0023296241760253356,0.0011792219161987916,3.193001747131552e-05,0.005568362236022972,2.516393661500249e-05,0.0015235348602136041,-8.687863
2025-11-07 20:37:53,0.08980690687894821,-0.7481703758239746,-1.3323792219161987,-0.1477319300174713,-1.542068362236023,-0.136225163936615,0.0898,-0.7505,-1.3312,-0.1477,-1.5365,-0.1362,6.9068789482068516e-06,0.0023296241760253356,0.0011792219161987916,3.193001747131552e-05,0.005568362236022972,2.516393661500249e-05,0.0015235348602136041,-29.208395
2025-11-07 20:37:53,0.08980690687894821,-0.7481703758239746,-1.3323792219161987,-0.1477319300174713,-1.542068362236023,-0.136225163936615,0.0898,-0.7505,-1.3312,-0.1477,-1.5365,-0.1362,6.9068789482068516e-06,0.0023296241760253356,0.0011792219161987916,3.193001747131552e-05,0.005568362236022972,2.516393661500249e-05,0.0015235348602136041,31.226969
2025-11-07 20:37:53,0.08980690687894821,-0.7481703758239746,-1.3323792219161987,-0.1477319300174713,-1.542068362236023,-0.136225163936615,0.0898,-0.7505,-1.3312,-0.1477,-1.5365,-0.1362,6.9068789482068516e-06,0.0023296241760253356,0.0011792219161987916,3.193001747131552e-05,0.005568362236022972,2.516393661500249e-05,0.0015235348602136041,25.181538
2025-11-07 20:37:53,0.08980690687894821,-0.7481703758239746,-1.3323792219161987,-0.1477319300174713,-1.542068362236023,-0.136225163936615,0.0898,-0.7505,-1.3312,-0.1477,-1.5365,-0.1362,6.9068789482068516e-06,0.0023296241760253356,0.0011792219161987916,3.193001747131552e-05,0.005568362236022972,2.516393661500249e-05,0.0015235348602136041,2.335557
2025-11-07 20:37:53,0.08980690687894821,-0.7481703758239746,-1.3323792219161987,-0.1477319300174713,-1.5420702695846558,-0.136225163936615,0.0898,-0.7505,-1.3312,-0.1477,-1.5365,-0.1362,6.9068789482068516e-06,0.0023296241760253356,0.0011792219161987916,3.193001747131552e-05,0.005570269584655785,2.516393661500249e-05,0.0015238527516524061,5.219318
2025-11-07 20:37:53,0.08980690687894821,-0.7481703758239746,-1.3323792219161987,-0.1477319300174713,-1.5420702695846558,-0.136225163936615,0.0898,-0.7505,-1.3312,-0.1477,-1.5365,-0.1362,6.9068789482068516e-06,0.0023296241760253356,0.0011792219161987916,3.193001747131552e-05,0.005570269584655785,2.516393661500249e-05,0.0015238527516524061,10.985337
2025-11-07 20:37:53,0.08980690687894821,-0.7481703758239746,-1.3323792219161987,-0.1477319300174713,-1.5420702695846558,-0.136225163936615,0.0898,-0.7505,-1.3312,-0.1477,-1.5365,-0.1362,6.9068789482068516e-06,0.0023296241760253356,0.0011792219161987916,3.193001747131552e-05,0.005570269584655785,2.516393661500249e-05,0.0015238527516524061,-0.321593
2025-11-07 20:37:54,0.08980690687894821,-0.7481703758239746,-1.3323792219161987,-0.1477319300174713,-1.5420702695846558,-0.136225163936615,0.0898,-0.7505,-1.3312,-0.1477,-1.5365,-0.1362,6.9068789482068516e-06,0.0023296241760253356,0.0011792219161987916,3.193001747131552e-05,0.005570269584655785,2.516393661500249e-05,0.0015238527516524061,-1.35501
2025-11-07 20:37:54,0.08980690687894821,-0.7481703758239746,-1.3323792219161987,-0.1477319300174713,-1.5420702695846558,-0.136225163936615,0.0898,-0.7505,-1.3312,-0.1477,-1.5365,-0.1362,6.9068789482068516e-06,0.0023296241760253356,0.0011792219161987916,3.193001747131552e-05,0.005570269584655785,2.516393661500249e-05,0.0015238527516524061,-0.311824
2025-11-07 20:37:54,0.08980690687894821,-0.7481703758239746,-1.3323792219161987,-0.1477319300174713,-1.5420702695846558,-0.136225163936615,0.0898,-0.7505,-1.3312,-0.1477,-1.5365,-0.1362,6.9068789482068516e-06,0.0023296241760253356,0.0011792219161987916,3.193001747131552e-05,0.005570269584655785,2.516393661500249e-05,0.0015238527516524061,-2.188607
2025-11-07 20:37:54,0.08980690687894821,-0.7481703758239746,-1.3323792219161987,-0.1477319300174713,-1.5420702695846558,-0.136225163936615,0.0898,-0.7505,-1.3312,-0.1477,-1.5365,-0.1362,6.9068789482068516e-06,0.0023296241760253356,0.0011792219161987916,3.193001747131552e-05,0.005570269584655785,2.516393661500249e-05,0.0015238527516524061,-12.099669
2025-11-07 20:37:54,0.08980690687894821,-0.7481703758239746,-1.3323792219161987,-0.1477319300174713,-1.5420721769332886,-0.136225163936615,0.0898,-0.7505,-1.3312,-0.1477,-1.5365,-0.1362,6.9068789482068516e-06,0.0023296241760253356,0.0011792219161987916,3.193001747131552e-05,0.005572176933288597,2.516393661500249e-05,0.0015241706430912081,-4.024723
2025-11-07 20:37:54,0.08980690687894821,-0.7481703758239746,-1.3323792219161987,-0.1477319300174713,-1.5420721769332886,-0.136225163936615,0.0898,-0.7505,-1.3312,-0.1477,-1.5365,-0.1362,6.9068789482068516e-06,0.0023296241760253356,0.0011792219161987916,3.193001747131552e-05,0.005572176933288597,2.516393661500249e-05,0.0015241706430912081,-18.128458
2025-11-07 20:37:54,0.08980690687894821,-0.7481703758239746,-1.3323792219161987,-0.1477319300174713,-1.5420721769332886,-0.136225163936615,0.0898,-0.7505,-1.3312,-0.1477,-1.5365,-0.1362,6.9068789482068516e-06,0.0023296241760253356,0.0011792219161987916,3.193001747131552e-05,0.005572176933288597,2.516393661500249e-05,0.0015241706430912081,33.766374
2025-11-07 20:37:55,0.08980690687894821,-0.7481703758239746,-1.3323792219161987,-0.1477319300174713,-1.5420721769332886,-0.136225163936615,0.0898,-0.7505,-1.3312,-0.1477,-1.5365,-0.1362,6.9068789482068516e-06,0.0023296241760253356,0.0011792219161987916,3.193001747131552e-05,0.005572176933288597,2.516393661500249e-05,0.0015241706430912081,31.907444
2025-11-07 20:37:55,0.08980690687894821,-0.7481703758239746,-1.3323792219161987,-0.1477319300174713,-1.5420721769332886,-0.136225163936615,0.0898,-0.7505,-1.3312,-0.1477,-1.5365,-0.1362,6.9068789482068516e-06,0.0023296241760253356,0.0011792219161987916,3.193001747131552e-05,0.005572176933288597,2.516393661500249e-05,0.0015241706430912081,29.795112
2025-11-07 20:37:55,0.08980690687894821,-0.7481703758239746,-1.3323792219161987,-0.1477319300174713,-1.5420721769332886,-0.136225163936615,0.0898,-0.7505,-1.3312,-0.1477,-1.5365,-0.1362,6.9068789482068516e-06,0.0023296241760253356,0.0011792219161987916,3.193001747131552e-05,0.005572176933288597,2.516393661500249e-05,0.0015241706430912081,26.994881
2025-11-07 20:37:55,0.08980690687894821,-0.7481703758239746,-1.3323792219161987,-0.1477319300174713,-1.5420721769332886,-0.136225163936615,0.0898,-0.7505,-1.3312,-0.1477,-1.5365,-0.1362,6.9068789482068516e-06,0.0023296241760253356,0.0011792219161987916,3.193001747131552e-05,0.005572176933288597,2.516393661500249e-05,0.0015241706430912081,17.934639
2025-11-07 20:37:55,0.08980690687894821,-0.7481703758239746,-1.3323792219161987,-0.1477319300174713,-1.5420721769332886,-0.136225163936615,0.0898,-0.7505,-1.3312,-0.1477,-1.5365,-0.1362,6.9068789482068516e-06,0.0023296241760253356,0.0011792219161987916,3.193001747131552e-05,0.005572176933288597,2.516393661500249e-05,0.0015241706430912081,-4.32722
2025-11-07 20:37:55,0.08980690687894821,-0.7481703758239746,-1.3323792219161987,-0.1477319300174713,-1.5420721769332886,-0.136225163936615,0.0898,-0.7505,-1.3312,-0.1477,-1.5365,-0.1362,6.9068789482068516e-06,0.0023296241760253356,0.0011792219161987916,3.193001747131552e-05,0.005572176933288597,2.516393661500249e-05,0.0015241706430912081,19.852611
2025-11-07 20:37:55,0.08980690687894821,-0.7481703758239746,-1.3323792219161987,-0.1477319300174713,-1.5420721769332886,-0.136225163936615,0.0898,-0.7505,-1.3312,-0.1477,-1.5365,-0.1362,6.9068789482068516e-06,0.0023296241760253356,0.0011792219161987916,3.193001747131552e-05,0.005572176933288597,2.516393661500249e-05,0.0015241706430912081,-10.093328
2025-11-07 20:37:56,0.08980690687894821,-0.7481703758239746,-1.3323792219161987,-0.1477319300174713,-1.5420721769332886,-0.136225163936615,0.0898,-0.7505,-1.3312,-0.1477,-1.5365,-0.1362,6.9068789482068516e-06,0.0023296241760253356,0.0011792219161987916,3.193001747131552e-05,0.005572176933288597,2.516393661500249e-05,0.0015241706430912081,12.691045
2025-11-07 20:37:56,0.08980690687894821,-0.7481703758239746,-1.3323792219161987,-0.1477319300174713,-1.5420721769332886,-0.136225163936615,0.0898,-0.7505,-1.3312,-0.1477,-1.5365,-0.1362,6.9068789482068516e-06,0.0023296241760253356,0.0011792219161987916,3.193001747131552e-05,0.005572176933288597,2.516393661500249e-05,0.0015241706430912081,-14.945858
2025-11-07 20:37:56,0.08980690687894821,-0.7481703758239746,-1.3323792219161987,-0.1477319300174713,-1.5420721769332886,-0.136225163936615,0.0898,-0.7505,-1.3312,-0.1477,-1.5365,-0.1362,6.9068789482068516e-06,0.0023296241760253356,0.0011792219161987916,3.193001747131552e-05,0.005572176933288597,2.516393661500249e-05,0.0015241706430912081,10.677
2025-11-07 20:37:56,0.08980690687894821,-0.7481703758239746,-1.3323792219161987,-0.1477319300174713,-1.5420721769332886,-0.136225163936615,0.0898,-0.7505,-1.3312,-0.1477,-1.5365,-0.1362,6.9068789482068516e-06,0.0023296241760253356,0.0011792219161987916,3.193001747131552e-05,0.005572176933288597,2.516393661500249e-05,0.0015241706430912081,36.065201
2025-11-07 20:37:56,0.08980690687894821,-0.7481703758239746,-1.3323792219161987,-0.1477319300174713,-1.5420721769332886,-0.136225163936615,0.0898,-0.7505,-1.3312,-0.1477,-1.5365,-0.1362,6.9068789482068516e-06,0.0023296241760253356,0.0011792219161987916,3.193001747131552e-05,0.005572176933288597,2.516393661500249e-05,0.0015241706430912081,6.69048
2025-11-07 20:37:56,0.08980690687894821,-0.7481703758239746,-1.3323792219161987,-0.1477319300174713,-1.5420721769332886,-0.136225163936615,0.0898,-0.7505,-1.3312,-0.1477,-1.5365,-0.1362,6.9068789482068516e-06,0.0023296241760253356,0.0011792219161987916,3.193001747131552e-05,0.005572176933288597,2.516393661500249e-05,0.0015241706430912081,18.279646
2025-11-07 20:37:57,0.08980690687894821,-0.7481703758239746,-1.3323792219161987,-0.1477319300174713,-1.5420721769332886,-0.136225163936615,0.0898,-0.7505,-1.3312,-0.1477,-1.5365,-0.1362,6.9068789482068516e-06,0.0023296241760253356,0.0011792219161987916,3.193001747131552e-05,0.005572176933288597,2.516393661500249e-05,0.0015241706430912081,-13.598172
2025-11-07 20:37:57,0.08980690687894821,-0.7481703758239746,-1.3323792219161987,-0.1477319300174713,-1.5420721769332886,-0.136225163936615,0.0898,-0.7505,-1.3312,-0.1477,-1.5365,-0.1362,6.9068789482068516e-06,0.0023296241760253356,0.0011792219161987916,3.193001747131552e-05,0.005572176933288597,2.516393661500249e-05,0.0015241706430912081,28.733481
2025-11-07 20:37:57,0.08980690687894821,-0.7481703758239746,-1.3323792219161987,-0.14773385226726532,-1.5420721769332886,-0.136225163936615,0.0898,-0.7505,-1.3312,-0.1477,-1.5365,-0.1362,6.9068789482068516e-06,0.0023296241760253356,0.0011792219161987916,3.385226726532187e-05,0.005572176933288597,2.516393661500249e-05,0.0015244910180568759,0.534138
2025-11-07 20:37:57,0.08980690687894821,-0.7481703758239746,-1.3323792219161987,-0.14773577451705933,-1.5420721769332886,-0.136225163936615,0.0898,-0.7505,-1.3312,-0.1477,-1.5365,-0.1362,6.9068789482068516e-06,0.0023296241760253356,0.0011792219161987916,3.5774517059328215e-05,0.005572176933288597,2.516393661500249e-05,0.0015248113930225436,-10.358033
2025-11-07 20:37:57,0.08980690687894821,-0.7481703758239746,-1.3323792219161987,-0.14773577451705933,-1.5420721769332886,-0.136225163936615,0.0898,-0.7505,-1.3312,-0.1477,-1.5365,-0.1362,6.9068789482068516e-06,0.0023296241760253356,0.0011792219161987916,3.5774517059328215e-05,0.005572176933288597,2.516393661500249e-05,0.0015248113930225436,12.487227
2025-11-07 20:37:57,0.08980690687894821,-0.7481703758239746,-1.3323792219161987,-0.14773577451705933,-1.5420721769332886,-0.136225163936615,0.0898,-0.7505,-1.3312,-0.1477,-1.5365,-0.1362,6.9068789482068516e-06,0.0023296241760253356,0.0011792219161987916,3.5774517059328215e-05,0.005572176933288597,2.516393661500249e-05,0.0015248113930225436,17.980446
2025-11-07 20:37:58,0.08980690687894821,-0.7481703758239746,-1.3323792219161987,-0.14773577451705933,-1.5420721769332886,-0.136225163936615,0.0898,-0.7505,-1.3312,-0.1477,-1.5365,-0.1362,6.9068789482068516e-06,0.0023296241760253356,0.0011792219161987916,3.5774517059328215e-05,0.005572176933288597,2.516393661500249e-05,0.0015248113930225436,-0.274783
2025-11-07 20:37:58,0.08980690687894821,-0.7481703758239746,-1.3323792219161987,-0.14773577451705933,-1.5420721769332886,-0.136225163936615,0.0898,-0.7505,-1.3312,-0.1477,-1.5365,-0.1362,6.9068789482068516e-06,0.0023296241760253356,0.0011792219161987916,3.5774517059328215e-05,0.005572176933288597,2.516393661500249e-05,0.0015248113930225436,19.699349
2025-11-07 20:37:58,0.08980690687894821,-0.7481703758239746,-1.3323792219161987,-0.14773577451705933,-1.5420721769332886,-0.136225163936615,0.0898,-0.7505,-1.3312,-0.1477,-1.5365,-0.1362,6.9068789482068516e-06,0.0023296241760253356,0.0011792219161987916,3.5774517059328215e-05,0.005572176933288597,2.516393661500249e-05,0.0015248113930225436,4.398445
2025-11-07 20:37:58,0.08980690687894821,-0.7481703758239746,-1.3323792219161987,-0.14773577451705933,-1.5420721769332886,-0.136225163936615,0.0898,-0.7505,-1.3312,-0.1477,-1.5365,-0.1362,6.9068789482068516e-06,0.0023296241760253356,0.0011792219161987916,3.5774517059328215e-05,0.005572176933288597,2.516393661500249e-05,0.0015248113930225436,8.368164
2025-11-07 20:37:58,0.08980690687894821,-0.7481703758239746,-1.3323792219161987,-0.14773577451705933,-1.5420721769332886,-0.136225163936615,0.0898,-0.7505,-1.3312,-0.1477,-1.5365,-0.1362,6.9068789482068516e-06,0.0023296241760253356,0.0011792219161987916,3.5774517059328215e-05,0.005572176933288597,2.516393661500249e-05,0.0015248113930225436,30.403851
2025-11-07 20:37:58,0.08980690687894821,-0.7481703758239746,-1.3323792219161987,-0.14773577451705933,-1.5420721769332886,-0.136225163936615,0.0898,-0.7505,-1.3312,-0.1477,-1.5365,-0.1362,6.9068789482068516e-06,0.0023296241760253356,0.0011792219161987916,3.5774517059328215e-05,0.005572176933288597,2.516393661500249e-05,0.0015248113930225436,24.050053
2025-11-07 20:37:58,0.08980690687894821,-0.7481703758239746,-1.3323792219161987,-0.14773577451705933,-1.5420721769332886,-0.136225163936615,0.0898,-0.7505,-1.3312,-0.1477,-1.5365,-0.1362,6.9068789482068516e-06,0.0023296241760253356,0.0011792219161987916,3.5774517059328215e-05,0.005572176933288597,2.516393661500249e-05,0.0015248113930225436,-4.808255
2025-11-07 20:37:59,0.08980690687894821,-0.7481703758239746,-1.3323792219161987,-0.14773577451705933,-1.5420721769332886,-0.136225163936615,0.0898,-0.7505,-1.3312,-0.1477,-1.5365,-0.1362,6.9068789482068516e-06,0.0023296241760253356,0.0011792219161987916,3.5774517059328215e-05,0.005572176933288597,2.516393661500249e-05,0.0015248113930225436,12.513477
2025-11-07 20:37:59,0.08980690687894821,-0.7481703758239746,-1.3323792219161987,-0.14773577451705933,-1.5420721769332886,-0.136225163936615,0.0898,-0.7505,-1.3312,-0.1477,-1.5365,-0.1362,6.9068789482068516e-06,0.0023296241760253356,0.0011792219161987916,3.5774517059328215e-05,0.005572176933288597,2.516393661500249e-05,0.0015248113930225436,4.620117
2025-11-07 20:37:59,0.08980690687894821,-0.7481703758239746,-1.3323792219161987,-0.14773577451705933,-1.5420721769332886,-0.136225163936615,0.0898,-0.7505,-1.3312,-0.1477,-1.5365,-0.1362,6.9068789482068516e-06,0.0023296241760253356,0.0011792219161987916,3.5774517059328215e-05,0.005572176933288597,2.516393661500249e-05,0.0015248113930225436,5.417766
2025-11-07 20:37:59,0.08980690687894821,-0.7481703758239746,-1.3323792219161987,-0.14773577451705933,-1.5420721769332886,-0.136225163936615,0.0898,-0.7505,-1.3312,-0.1477,-1.5365,-0.1362,6.9068789482068516e-06,0.0023296241760253356,0.0011792219161987916,3.5774517059328215e-05,0.005572176933288597,2.516393661500249e-05,0.0015248113930225436,3.571311
2025-11-07 20:37:59,0.08980690687894821,-0.7481703758239746,-1.3323792219161987,-0.14773577451705933,-1.5420721769332886,-0.136225163936615,0.0898,-0.7505,-1.3312,-0.1477,-1.5365,-0.1362,6.9068789482068516e-06,0.0023296241760253356,0.0011792219161987916,3.5774517059328215e-05,0.005572176933288597,2.516393661500249e-05,0.0015248113930225436,4.250834
2025-11-07 20:37:59,0.08980690687894821,-0.7481703758239746,-1.3323792219161987,-0.14773577451705933,-1.5420721769332886,-0.136225163936615,0.0898,-0.7505,-1.3312,-0.1477,-1.5365,-0.1362,6.9068789482068516e-06,0.0023296241760253356,0.0011792219161987916,3.5774517059328215e-05,0.005572176933288597,2.516393661500249e-05,0.0015248113930225436,-0.695324
2025-11-07 20:37:59,0.08980690687894821,-0.7481703758239746,-1.3323792219161987,-0.14773577451705933,-1.5420721769332886,-0.136225163936615,0.0898,-0.7505,-1.3312,-0.1477,-1.5365,-0.1362,6.9068789482068516e-06,0.0023296241760253356,0.0011792219161987916,3.5774517059328215e-05,0.005572176933288597,2.516393661500249e-05,0.0015248113930225436,-2.86217
2025-11-07 20:38:00,0.08980690687894821,-0.7481703758239746,-1.3323792219161987,-0.14773577451705933,-1.5420721769332886,-0.136225163936615,0.0898,-0.7505,-1.3312,-0.1477,-1.5365,-0.1362,6.9068789482068516e-06,0.0023296241760253356,0.0011792219161987916,3.5774517059328215e-05,0.005572176933288597,2.516393661500249e-05,0.0015248113930225436,-5.534137
2025-11-07 20:38:00,0.08980690687894821,-0.7481703758239746,-1.3323792219161987,-0.14773577451705933,-1.5420721769332886,-0.136225163936615,0.0898,-0.7505,-1.3312,-0.1477,-1.5365,-0.1362,6.9068789482068516e-06,0.0023296241760253356,0.0011792219161987916,3.5774517059328215e-05,0.005572176933288597,2.516393661500249e-05,0.0015248113930225436,34.989734
2025-11-07 20:38:00,0.08980690687894821,-0.7481703758239746,-1.3323792219161987,-0.14773577451705933,-1.5420721769332886,-0.136225163936615,0.0898,-0.7505,-1.3312,-0.1477,-1.5365,-0.1362,6.9068789482068516e-06,0.0023296241760253356,0.0011792219161987916,3.5774517059328215e-05,0.005572176933288597,2.516393661500249e-05,0.0015248113930225436,31.286692
2025-11-07 20:38:00,0.08980690687894821,-0.7481703758239746,-1.3323792219161987,-0.14773577451705933,-1.5420721769332886,-0.136225163936615,0.0898,-0.7505,-1.3312,-0.1477,-1.5365,-0.1362,6.9068789482068516e-06,0.0023296241760253356,0.0011792219161987916,3.5774517059328215e-05,0.005572176933288597,2.516393661500249e-05,0.0015248113930225436,6.534993
2025-11-07 20:38:00,0.08980690687894821,-0.7481703758239746,-1.3323792219161987,-0.14773577451705933,-1.5420721769332886,-0.136225163936615,0.0898,-0.7505,-1.3312,-0.1477,-1.5365,-0.1362,6.9068789482068516e-06,0.0023296241760253356,0.0011792219161987916,3.5774517059328215e-05,0.005572176933288597,2.516393661500249e-05,0.0015248113930225436,29.987789
2025-11-07 20:38:00,0.08980690687894821,-0.7481703758239746,-1.3323792219161987,-0.14773577451705933,-1.5420721769332886,-0.136225163936615,0.0898,-0.7505,-1.3312,-0.1477,-1.5365,-0.1362,6.9068789482068516e-06,0.0023296241760253356,0.0011792219161987916,3.5774517059328215e-05,0.005572176933288597,2.516393661500249e-05,0.0015248113930225436,-7.980997
2025-11-07 20:38:00,0.08980690687894821,-0.7481703758239746,-1.3323792219161987,-0.14773577451705933,-1.5420721769332886,-0.136225163936615,0.0898,-0.7505,-1.3312,-0.1477,-1.5365,-0.1362,6.9068789482068516e-06,0.0023296241760253356,0.0011792219161987916,3.5774517059328215e-05,0.005572176933288597,2.516393661500249e-05,0.0015248113930225436,29.072837
2025-11-07 20:38:01,0.08980690687894821,-0.7481703758239746,-1.3323792219161987,-0.14773577451705933,-1.5420721769332886,-0.136225163936615,0.0898,-0.7505,-1.3312,-0.1477,-1.5365,-0.1362,6.9068789482068516e-06,0.0023296241760253356,0.0011792219161987916,3.5774517059328215e-05,0.005572176933288597,2.516393661500249e-05,0.0015248113930225436,-0.532284
2025-11-07 20:38:01,0.08980690687894821,-0.7481703758239746,-1.3323792219161987,-0.14773577451705933,-1.5420721769332886,-0.136225163936615,0.0898,-0.7505,-1.3312,-0.1477,-1.5365,-0.1362,6.9068789482068516e-06,0.0023296241760253356,0.0011792219161987916,3.5774517059328215e-05,0.005572176933288597,2.516393661500249e-05,0.0015248113930225436,-12.259874
2025-11-07 20:38:01,0.08980690687894821,-0.7481703758239746,-1.3323792219161987,-0.14773577451705933,-1.5420721769332886,-0.136225163936615,0.0898,-0.7505,-1.3312,-0.1477,-1.5365,-0.1362,6.9068789482068516e-06,0.0023296241760253356,0.0011792219161987916,3.5774517059328215e-05,0.005572176933288597,2.516393661500249e-05,0.0015248113930225436,26.563679
2025-11-07 20:38:01,0.08980690687894821,-0.7481703758239746,-1.3323792219161987,-0.14773577451705933,-1.5420721769332886,-0.136225163936615,0.0898,-0.7505,-1.3312,-0.1477,-1.5365,-0.1362,6.9068789482068516e-06,0.0023296241760253356,0.0011792219161987916,3.5774517059328215e-05,0.005572176933288597,2.516393661500249e-05,0.0015248113930225436,-11.804997
2025-11-07 20:38:01,0.08980690687894821,-0.7481703758239746,-1.3323792219161987,-0.14773577451705933,-1.5420721769332886,-0.136225163936615,0.0898,-0.7505,-1.3312,-0.1477,-1.5365,-0.1362,6.9068789482068516e-06,0.0023296241760253356,0.0011792219161987916,3.5774517059328215e-05,0.005572176933288597,2.516393661500249e-05,0.0015248113930225436,8.852065
2025-11-07 20:38:01,0.08980690687894821,-0.7481703758239746,-1.3323792219161987,-0.14773577451705933,-1.5420721769332886,-0.136225163936615,0.0898,-0.7505,-1.3312,-0.1477,-1.5365,-0.1362,6.9068789482068516e-06,0.0023296241760253356,0.0011792219161987916,3.5774517059328215e-05,0.005572176933288597,2.516393661500249e-05,0.0015248113930225436,5.095442
2025-11-07 20:38:02,0.08980690687894821,-0.7481703758239746,-1.3323792219161987,-0.14773577451705933,-1.5420721769332886,-0.136225163936615,0.0898,-0.7505,-1.3312,-0.1477,-1.5365,-0.1362,6.9068789482068516e-06,0.0023296241760253356,0.0011792219161987916,3.5774517059328215e-05,0.005572176933288597,2.516393661500249e-05,0.0015248113930225436,-21.058106
2025-11-07 20:38:02,0.08980690687894821,-0.7481703758239746,-1.3323792219161987,-0.14773577451705933,-1.5420721769332886,-0.136225163936615,0.0898,-0.7505,-1.3312,-0.1477,-1.5365,-0.1362,6.9068789482068516e-06,0.0023296241760253356,0.0011792219161987916,3.5774517059328215e-05,0.005572176933288597,2.516393661500249e-05,0.0015248113930225436,-10.306173
2025-11-07 20:38:02,0.08980690687894821,-0.7481703758239746,-1.3323792219161987,-0.14773577451705933,-1.5420721769332886,-0.136225163936615,0.0898,-0.7505,-1.3312,-0.1477,-1.5365,-0.1362,6.9068789482068516e-06,0.0023296241760253356,0.0011792219161987916,3.5774517059328215e-05,0.005572176933288597,2.516393661500249e-05,0.0015248113930225436,-12.806745
2025-11-07 20:38:02,0.08980690687894821,-0.7481703758239746,-1.3323792219161987,-0.14773577451705933,-1.5420721769332886,-0.136225163936615,0.0898,-0.7505,-1.3312,-0.1477,-1.5365,-0.1362,6.9068789482068516e-06,0.0023296241760253356,0.0011792219161987916,3.5774517059328215e-05,0.005572176933288597,2.516393661500249e-05,0.0015248113930225436,25.930774
2025-11-07 20:38:02,0.08980690687894821,-0.7481703758239746,-1.3323792219161987,-0.14773577451705933,-1.5420721769332886,-0.136225163936615,0.0898,-0.7505,-1.3312,-0.1477,-1.5365,-0.1362,6.9068789482068516e-06,0.0023296241760253356,0.0011792219161987916,3.5774517059328215e-05,0.005572176933288597,2.516393661500249e-05,0.0015248113930225436,29.04254
2025-11-07 20:38:02,0.08980690687894821,-0.7481703758239746,-1.3323792219161987,-0.14773577451705933,-1.5420721769332886,-0.136225163936615,0.0898,-0.7505,-1.3312,-0.1477,-1.5365,-0.1362,6.9068789482068516e-06,0.0023296241760253356,0.0011792219161987916,3.5774517059328215e-05,0.005572176933288597,2.516393661500249e-05,0.0015248113930225436,12.690554
2025-11-07 20:38:02,0.08980690687894821,-0.7481703758239746,-1.3323792219161987,-0.14773577451705933,-1.5420721769332886,-0.136225163936615,0.0898,-0.7505,-1.3312,-0.1477,-1.5365,-0.1362,6.9068789482068516e-06,0.0023296241760253356,0.0011792219161987916,3.5774517059328215e-05,0.005572176933288597,2.516393661500249e-05,0.0015248113930225436,1.894016
2025-11-07 20:38:02,0.08980690687894821,-0.7481703758239746,-1.3323792219161987,-0.14773577451705933,-1.5420721769332886,-0.136225163936615,0.0898,-0.7505,-1.3312,-0.1477,-1.5365,-0.1362,6.9068789482068516e-06,0.0023296241760253356,0.0011792219161987916,3.5774517059328215e-05,0.005572176933288597,2.516393661500249e-05,0.0015248113930225436,-2.885554
2025-11-07 20:38:03,0.08980690687894821,-0.7481703758239746,-1.3323792219161987,-0.14773577451705933,-1.5420721769332886,-0.136225163936615,0.0898,-0.7505,-1.3312,-0.1477,-1.5365,-0.1362,6.9068789482068516e-06,0.0023296241760253356,0.0011792219161987916,3.5774517059328215e-05,0.005572176933288597,2.516393661500249e-05,0.0015248113930225436,-8.372952
2025-11-07 20:38:03,0.08980690687894821,-0.7481703758239746,-1.3323792219161987,-0.14773577451705933,-1.5420721769332886,-0.136225163936615,0.0898,-0.7505,-1.3312,-0.1477,-1.5365,-0.1362,6.9068789482068516e-06,0.0023296241760253356,0.0011792219161987916,3.5774517059328215e-05,0.005572176933288597,2.516393661500249e-05,0.0015248113930225436,8.97534
2025-11-07 20:38:03,0.08980690687894821,-0.7481703758239746,-1.3323792219161987,-0.14773577451705933,-1.5420721769332886,-0.136225163936615,0.0898,-0.7505,-1.3312,-0.1477,-1.5365,-0.1362,6.9068789482068516e-06,0.0023296241760253356,0.0011792219161987916,3.5774517059328215e-05,0.005572176933288597,2.516393661500249e-05,0.0015248113930225436,1.857968
2025-11-07 20:38:03,0.08980690687894821,-0.7481703758239746,-1.3323792219161987,-0.14773577451705933,-1.5420721769332886,-0.136225163936615,0.0898,-0.7505,-1.3312,-0.1477,-1.5365,-0.1362,6.9068789482068516e-06,0.0023296241760253356,0.0011792219161987916,3.5774517059328215e-05,0.005572176933288597,2.516393661500249e-05,0.0015248113930225436,11.267665
2025-11-07 20:38:03,0.08980690687894821,-0.7481703758239746,-1.3323792219161987,-0.14773577451705933,-1.5420721769332886,-0.136225163936615,0.0898,-0.7505,-1.3312,-0.1477,-1.5365,-0.1362,6.9068789482068516e-06,0.0023296241760253356,0.0011792219161987916,3.5774517059328215e-05,0.005572176933288597,2.516393661500249e-05,0.0015248113930225436,10.067169
2025-11-07 20:38:03,0.08980690687894821,-0.7481703758239746,-1.3323792219161987,-0.14773577451705933,-1.5420721769332886,-0.136225163936615,0.0898,-0.7505,-1.3312,-0.1477,-1.5365,-0.1362,6.9068789482068516e-06,0.0023296241760253356,0.0011792219161987916,3.5774517059328215e-05,0.005572176933288597,2.516393661500249e-05,0.0015248113930225436,-0.614801
2025-11-07 20:38:04,0.08980690687894821,-0.7481703758239746,-1.3323792219161987,-0.14773577451705933,-1.5420721769332886,-0.136225163936615,0.0898,-0.7505,-1.3312,-0.1477,-1.5365,-0.1362,6.9068789482068516e-06,0.0023296241760253356,0.0011792219161987916,3.5774517059328215e-05,0.005572176933288597,2.516393661500249e-05,0.0015248113930225436,5.069613
2025-11-07 20:38:04,0.08980690687894821,-0.7481703758239746,-1.3323792219161987,-0.14773577451705933,-1.5420721769332886,-0.136225163936615,0.0898,-0.7505,-1.3312,-0.1477,-1.5365,-0.1362,6.9068789482068516e-06,0.0023296241760253356,0.0011792219161987916,3.5774517059328215e-05,0.005572176933288597,2.516393661500249e-05,0.0015248113930225436,7.517464
2025-11-07 20:38:04,0.08980690687894821,-0.7481703758239746,-1.3323792219161987,-0.14773577451705933,-1.5420721769332886,-0.136225163936615,0.0898,-0.7505,-1.3312,-0.1477,-1.5365,-0.1362,6.9068789482068516e-06,0.0023296241760253356,0.0011792219161987916,3.5774517059328215e-05,0.005572176933288597,2.516393661500249e-05,0.0015248113930225436,5.236451
2025-11-07 20:38:04,0.08980690687894821,-0.7481703758239746,-1.3323792219161987,-0.14773385226726532,-1.5420721769332886,-0.136225163936615,0.0898,-0.7505,-1.3312,-0.1477,-1.5365,-0.1362,6.9068789482068516e-06,0.0023296241760253356,0.0011792219161987916,3.385226726532187e-05,0.005572176933288597,2.516393661500249e-05,0.0015244910180568759,3.273483
2025-11-07 20:38:04,0.08980690687894821,-0.7481703758239746,-1.3323792219161987,-0.14773385226726532,-1.5420721769332886,-0.136225163936615,0.0898,-0.7505,-1.3312,-0.1477,-1.5365,-0.1362,6.9068789482068516e-06,0.0023296241760253356,0.0011792219161987916,3.385226726532187e-05,0.005572176933288597,2.516393661500249e-05,0.0015244910180568759,3.146602
2025-11-07 20:38:04,0.08980690687894821,-0.7481703758239746,-1.3323792219161987,-0.1477319300174713,-1.5420721769332886,-0.136225163936615,0.0898,-0.7505,-1.3312,-0.1477,-1.5365,-0.1362,6.9068789482068516e-06,0.0023296241760253356,0.0011792219161987916,3.193001747131552e-05,0.005572176933288597,2.516393661500249e-05,0.0015241706430912081,7.880415
2025-11-07 20:38:04,0.08980690687894821,-0.7481703758239746,-1.3323792219161987,-0.1477319300174713,-1.5420721769332886,-0.136225163936615,0.0898,-0.7505,-1.3312,-0.1477,-1.5365,-0.1362,6.9068789482068516e-06,0.0023296241760253356,0.0011792219161987916,3.193001747131552e-05,0.005572176933288597,2.516393661500249e-05,0.0015241706430912081,0.889944
2025-11-07 20:38:05,0.08980690687894821,-0.7481703758239746,-1.3323792219161987,-0.1477319300174713,-1.5420721769332886,-0.136225163936615,0.0898,-0.7505,-1.3312,-0.1477,-1.5365,-0.1362,6.9068789482068516e-06,0.0023296241760253356,0.0011792219161987916,3.193001747131552e-05,0.005572176933288597,2.516393661500249e-05,0.0015241706430912081,-3.926477
2025-11-07 20:38:05,0.08980690687894821,-0.7481703758239746,-1.332377314567566,-0.1477319300174713,-1.5420721769332886,-0.136225163936615,0.0898,-0.7505,-1.3312,-0.1477,-1.5365,-0.1362,6.9068789482068516e-06,0.0023296241760253356,0.001177314567565979,3.193001747131552e-05,0.005572176933288597,2.516393661500249e-05,0.0015238527516524061,5.943747
2025-11-07 20:38:05,0.08980690687894821,-0.7481703758239746,-1.332377314567566,-0.1477319300174713,-1.5420721769332886,-0.136225163936615,0.0898,-0.7505,-1.3312,-0.1477,-1.5365,-0.1362,6.9068789482068516e-06,0.0023296241760253356,0.001177314567565979,3.193001747131552e-05,0.005572176933288597,2.516393661500249e-05,0.0015238527516524061,8.241482
2025-11-07 20:38:05,0.08980690687894821,-0.7481703758239746,-1.332377314567566,-0.1477319300174713,-1.5420721769332886,-0.136225163936615,0.0898,-0.7505,-1.3312,-0.1477,-1.5365,-0.1362,6.9068789482068516e-06,0.0023296241760253356,0.001177314567565979,3.193001747131552e-05,0.005572176933288597,2.516393661500249e-05,0.0015238527516524061,-0.250126
2025-11-07 20:38:05,0.08980690687894821,-0.7481703758239746,-1.332377314567566,-0.1477319300174713,-1.5420721769332886,-0.136225163936615,0.0898,-0.7505,-1.3312,-0.1477,-1.5365,-0.1362,6.9068789482068516e-06,0.0023296241760253356,0.001177314567565979,3.193001747131552e-05,0.005572176933288597,2.516393661500249e-05,0.0015238527516524061,-6.134491
2025-11-07 20:38:05,0.08980690687894821,-0.7481703758239746,-1.332375407218933,-0.1477319300174713,-1.5420721769332886,-0.136225163936615,0.0898,-0.7505,-1.3312,-0.1477,-1.5365,-0.1362,6.9068789482068516e-06,0.0023296241760253356,0.0011754072189331666,3.193001747131552e-05,0.005572176933288597,2.516393661500249e-05,0.0015235348602136041,31.43241
2025-11-07 20:38:05,0.08980690687894821,-0.7481703758239746,-1.332375407218933,-0.1477319300174713,-1.5420721769332886,-0.136225163936615,0.0898,-0.7505,-1.3312,-0.1477,-1.5365,-0.1362,6.9068789482068516e-06,0.0023296241760253356,0.0011754072189331666,3.193001747131552e-05,0.005572176933288597,2.516393661500249e-05,0.0015235348602136041,9.960256
2025-11-07 20:38:06,0.08980690687894821,-0.7481703758239746,-1.332375407218933,-0.1477319300174713,-1.5420721769332886,-0.136225163936615,0.0898,-0.7505,-1.3312,-0.1477,-1.5365,-0.1362,6.9068789482068516e-06,0.0023296241760253356,0.0011754072189331666,3.193001747131552e-05,0.005572176933288597,2.516393661500249e-05,0.0015235348602136041,5.941032
2025-11-07 20:38:06,0.08980690687894821,-0.7481703758239746,-1.332375407218933,-0.1477319300174713,-1.5420721769332886,-0.136225163936615,0.0898,-0.7505,-1.3312,-0.1477,-1.5365,-0.1362,6.9068789482068516e-06,0.0023296241760253356,0.0011754072189331666,3.193001747131552e-05,0.005572176933288597,2.516393661500249e-05,0.0015235348602136041,12.190983
2025-11-07 20:38:06,0.08980690687894821,-0.7481703758239746,-1.332375407218933,-0.1477319300174713,-1.5420702695846558,-0.136225163936615,0.0898,-0.7505,-1.3312,-0.1477,-1.5365,-0.1362,6.9068789482068516e-06,0.0023296241760253356,0.0011754072189331666,3.193001747131552e-05,0.005570269584655785,2.516393661500249e-05,0.001523216968774802,3.511306
2025-11-07 20:38:06,0.08980690687894821,-0.7481703758239746,-1.332375407218933,-0.1477319300174713,-1.5420702695846558,-0.136225163936615,0.0898,-0.7505,-1.3312,-0.1477,-1.5365,-0.1362,6.9068789482068516e-06,0.0023296241760253356,0.0011754072189331666,3.193001747131552e-05,0.005570269584655785,2.516393661500249e-05,0.001523216968774802,9.959835
2025-11-07 20:38:06,0.08980690687894821,-0.7481703758239746,-1.332375407218933,-0.1477319300174713,-1.5420702695846558,-0.136225163936615,0.0898,-0.7505,-1.3312,-0.1477,-1.5365,-0.1362,6.9068789482068516e-06,0.0023296241760253356,0.0011754072189331666,3.193001747131552e-05,0.005570269584655785,2.516393661500249e-05,0.001523216968774802,9.454933
2025-11-07 20:38:06,0.08980690687894821,-0.7481703758239746,-1.332375407218933,-0.1477319300174713,-1.5420702695846558,-0.136225163936615,0.0898,-0.7505,-1.3312,-0.1477,-1.5365,-0.1362,6.9068789482068516e-06,0.0023296241760253356,0.0011754072189331666,3.193001747131552e-05,0.005570269584655785,2.516393661500249e-05,0.001523216968774802,6.216106
2025-11-07 20:38:06,0.08980690687894821,-0.7481703758239746,-1.332375407218933,-0.1477319300174713,-1.5420702695846558,-0.136225163936615,0.0898,-0.7505,-1.3312,-0.1477,-1.5365,-0.1362,6.9068789482068516e-06,0.0023296241760253356,0.0011754072189331666,3.193001747131552e-05,0.005570269584655785,2.516393661500249e-05,0.001523216968774802,-11.274919
2025-11-07 20:38:07,0.08980690687894821,-0.7481703758239746,-1.332375407218933,-0.1477319300174713,-1.5420702695846558,-0.136225163936615,0.0898,-0.7505,-1.3312,-0.1477,-1.5365,-0.1362,6.9068789482068516e-06,0.0023296241760253356,0.0011754072189331666,3.193001747131552e-05,0.005570269584655785,2.516393661500249e-05,0.001523216968774802,25.536805
2025-11-07 20:38:07,0.08980690687894821,-0.7481703758239746,-1.332375407218933,-0.1477319300174713,-1.5420702695846558,-0.136225163936615,0.0898,-0.7505,-1.3312,-0.1477,-1.5365,-0.1362,6.9068789482068516e-06,0.0023296241760253356,0.0011754072189331666,3.193001747131552e-05,0.005570269584655785,2.516393661500249e-05,0.001523216968774802,28.390808
2025-11-07 20:38:07,0.08980690687894821,-0.7481703758239746,-1.332375407218933,-0.1477319300174713,-1.5420702695846558,-0.136225163936615,0.0898,-0.7505,-1.3312,-0.1477,-1.5365,-0.1362,6.9068789482068516e-06,0.0023296241760253356,0.0011754072189331666,3.193001747131552e-05,0.005570269584655785,2.516393661500249e-05,0.001523216968774802,26.22228
2025-11-07 20:38:07,0.08980690687894821,-0.7481703758239746,-1.332375407218933,-0.1477319300174713,-1.5420702695846558,-0.136225163936615,0.0898,-0.7505,-1.3312,-0.1477,-1.5365,-0.1362,6.9068789482068516e-06,0.0023296241760253356,0.0011754072189331666,3.193001747131552e-05,0.005570269584655785,2.516393661500249e-05,0.001523216968774802,20.654338
2025-11-07 20:38:07,0.08980690687894821,-0.7481703758239746,-1.332375407218933,-0.1477319300174713,-1.5420702695846558,-0.136225163936615,0.0898,-0.7505,-1.3312,-0.1477,-1.5365,-0.1362,6.9068789482068516e-06,0.0023296241760253356,0.0011754072189331666,3.193001747131552e-05,0.005570269584655785,2.516393661500249e-05,0.001523216968774802,-9.679971
2025-11-07 20:38:07,0.08980690687894821,-0.7481703758239746,-1.332375407218933,-0.1477319300174713,-1.5420702695846558,-0.136225163936615,0.0898,-0.7505,-1.3312,-0.1477,-1.5365,-0.1362,6.9068789482068516e-06,0.0023296241760253356,0.0011754072189331666,3.193001747131552e-05,0.005570269584655785,2.516393661500249e-05,0.001523216968774802,28.120544
2025-11-07 20:38:07,0.08980690687894821,-0.7481703758239746,-1.332375407218933,-0.1477319300174713,-1.5420702695846558,-0.136225163936615,0.0898,-0.7505,-1.3312,-0.1477,-1.5365,-0.1362,6.9068789482068516e-06,0.0023296241760253356,0.0011754072189331666,3.193001747131552e-05,0.005570269584655785,2.516393661500249e-05,0.001523216968774802,25.549288
2025-11-07 20:38:08,0.08980690687894821,-0.7481703758239746,-1.332375407218933,-0.1477319300174713,-1.5420702695846558,-0.136225163936615,0.0898,-0.7505,-1.3312,-0.1477,-1.5365,-0.1362,6.9068789482068516e-06,0.0023296241760253356,0.0011754072189331666,3.193001747131552e-05,0.005570269584655785,2.516393661500249e-05,0.001523216968774802,10.156278
2025-11-07 20:38:08,0.08980690687894821,-0.7481703758239746,-1.332375407218933,-0.1477319300174713,-1.5420702695846558,-0.136225163936615,0.0898,-0.7505,-1.3312,-0.1477,-1.5365,-0.1362,6.9068789482068516e-06,0.0023296241760253356,0.0011754072189331666,3.193001747131552e-05,0.005570269584655785,2.516393661500249e-05,0.001523216968774802,33.52812
2025-11-07 20:38:08,0.08980690687894821,-0.7481703758239746,-1.332375407218933,-0.1477319300174713,-1.5420702695846558,-0.136225163936615,0.0898,-0.7505,-1.3312,-0.1477,-1.5365,-0.1362,6.9068789482068516e-06,0.0023296241760253356,0.0011754072189331666,3.193001747131552e-05,0.005570269584655785,2.516393661500249e-05,0.001523216968774802,24.053359
2025-11-07 20:38:08,0.08980690687894821,-0.7481703758239746,-1.332375407218933,-0.1477319300174713,-1.5420702695846558,-0.136225163936615,0.0898,-0.7505,-1.3312,-0.1477,-1.5365,-0.1362,6.9068789482068516e-06,0.0023296241760253356,0.0011754072189331666,3.193001747131552e-05,0.005570269584655785,2.516393661500249e-05,0.001523216968774802,26.882747
2025-11-07 20:38:08,0.08980882167816162,-0.7481703758239746,-1.332375407218933,-0.1477319300174713,-1.5420702695846558,-0.136225163936615,0.0898,-0.7505,-1.3312,-0.1477,-1.5365,-0.1362,8.821678161616275e-06,0.0023296241760253356,0.0011754072189331666,3.193001747131552e-05,0.005570269584655785,2.516393661500249e-05,0.0015235361019770369,29.425238
2025-11-07 20:38:08,0.08980882167816162,-0.7481703758239746,-1.332375407218933,-0.1477319300174713,-1.5420702695846558,-0.136225163936615,0.0898,-0.7505,-1.3312,-0.1477,-1.5365,-0.1362,8.821678161616275e-06,0.0023296241760253356,0.0011754072189331666,3.193001747131552e-05,0.005570269584655785,2.516393661500249e-05,0.0015235361019770369,-11.151524
2025-11-07 20:38:09,0.08980882167816162,-0.7481703758239746,-1.332375407218933,-0.1477319300174713,-1.5420702695846558,-0.136225163936615,0.0898,-0.7505,-1.3312,-0.1477,-1.5365,-0.1362,8.821678161616275e-06,0.0023296241760253356,0.0011754072189331666,3.193001747131552e-05,0.005570269584655785,2.516393661500249e-05,0.0015235361019770369,-8.525003
2025-11-07 20:38:09,0.08980882167816162,-0.7481703758239746,-1.332375407218933,-0.1477319300174713,-1.5420702695846558,-0.136225163936615,0.0898,-0.7505,-1.3312,-0.1477,-1.5365,-0.1362,8.821678161616275e-06,0.0023296241760253356,0.0011754072189331666,3.193001747131552e-05,0.005570269584655785,2.516393661500249e-05,0.0015235361019770369,-11.401911
2025-11-07 20:38:09,0.08980882167816162,-0.7481703758239746,-1.332375407218933,-0.1477319300174713,-1.5420702695846558,-0.136225163936615,0.0898,-0.7505,-1.3312,-0.1477,-1.5365,-0.1362,8.821678161616275e-06,0.0023296241760253356,0.0011754072189331666,3.193001747131552e-05,0.005570269584655785,2.516393661500249e-05,0.0015235361019770369,-13.85432
2025-11-07 20:38:09,0.08980882167816162,-0.7481703758239746,-1.332375407218933,-0.1477319300174713,-1.542068362236023,-0.136225163936615,0.0898,-0.7505,-1.3312,-0.1477,-1.5365,-0.1362,8.821678161616275e-06,0.0023296241760253356,0.0011754072189331666,3.193001747131552e-05,0.005568362236022972,2.516393661500249e-05,0.0015232182105382349,-2.358712
2025-11-07 20:38:09,0.08980882167816162,-0.7481703758239746,-1.332375407218933,-0.1477319300174713,-1.542068362236023,-0.136225163936615,0.0898,-0.7505,-1.3312,-0.1477,-1.5365,-0.1362,8.821678161616275e-06,0.0023296241760253356,0.0011754072189331666,3.193001747131552e-05,0.005568362236022972,2.516393661500249e-05,0.0015232182105382349,28.047264
2025-11-07 20:38:09,0.08980882167816162,-0.7481703758239746,-1.332375407218933,-0.1477319300174713,-1.542068362236023,-0.136225163936615,0.0898,-0.7505,-1.3312,-0.1477,-1.5365,-0.1362,8.821678161616275e-06,0.0023296241760253356,0.0011754072189331666,3.193001747131552e-05,0.005568362236022972,2.516393661500249e-05,0.0015232182105382349,21.297602
2025-11-07 20:38:09,0.08980882167816162,-0.7481703758239746,-1.332375407218933,-0.14773385226726532,-1.542068362236023,-0.136225163936615,0.0898,-0.7505,-1.3312,-0.1477,-1.5365,-0.1362,8.821678161616275e-06,0.0023296241760253356,0.0011754072189331666,3.385226726532187e-05,0.005568362236022972,2.516393661500249e-05,0.0015235385855039026,19.66267
2025-11-07 20:38:09,0.08980882167816162,-0.7481703758239746,-1.332375407218933,-0.14773577451705933,-1.542068362236023,-0.136225163936615,0.0898,-0.7505,-1.3312,-0.1477,-1.5365,-0.1362,8.821678161616275e-06,0.0023296241760253356,0.0011754072189331666,3.5774517059328215e-05,0.005568362236022972,2.516393661500249e-05,0.0015238589604695703,4.173516
2025-11-07 20:38:10,0.08980882167816162,-0.7481703758239746,-1.332375407218933,-0.14773577451705933,-1.542068362236023,-0.136225163936615,0.0898,-0.7505,-1.3312,-0.1477,-1.5365,-0.1362,8.821678161616275e-06,0.0023296241760253356,0.0011754072189331666,3.5774517059328215e-05,0.005568362236022972,2.516393661500249e-05,0.0015238589604695703,8.617278
2025-11-07 20:38:10,0.08980882167816162,-0.7481703758239746,-1.332375407218933,-0.14773577451705933,-1.542068362236023,-0.136225163936615,0.0898,-0.7505,-1.3312,-0.1477,-1.5365,-0.1362,8.821678161616275e-06,0.0023296241760253356,0.0011754072189331666,3.5774517059328215e-05,0.005568362236022972,2.516393661500249e-05,0.0015238589604695703,8.929482
2025-11-07 20:38:10,0.08887693285942078,-0.7476622462272644,-1.3314473628997803,-0.14662939310073853,-1.5416791439056396,-0.1357860565185547,0.0898,-0.7505,-1.3312,-0.1477,-1.5365,-0.1362,0.0009230671405792285,0.0028377537727355406,0.00024736289978033454,0.0010706068992614726,0.0051791439056396715,0.00041394348144530024,0.0017786463499069247,-1.0872
2025-11-07 20:38:10,0.07456297427415848,-0.7361765503883362,-1.3213058710098267,-0.1318264752626419,-1.5340585708618164,-0.112392857670784,0.0898,-0.7505,-1.3312,-0.1477,-1.5365,-0.1362,0.015237025725841527,0.014323449611663763,0.009894128990173279,0.01587352473735809,0.0024414291381835707,0.02380714232921599,0.013596116755406036,13.210404
2025-11-07 20:38:10,0.0656237006187439,-0.7289937138557434,-1.3148592710494995,-0.12198598682880402,-1.5294054746627808,-0.09748831391334534,0.0898,-0.7505,-1.3312,-0.1477,-1.5365,-0.1362,0.02417629938125611,0.021506286144256537,0.016340728950500427,0.025714013171195982,0.007094525337219215,0.03871168608665465,0.02225725651184715,4.662047
2025-11-07 20:38:10,0.050025030970573425,-0.7165856957435608,-1.3033314943313599,-0.10463474690914154,-1.5213007926940918,-0.07165416330099106,0.0896,-0.7503,-1.3301,-0.1442,-1.5362,-0.1339,0.039574969029426574,0.033714304256439176,0.026768505668640197,0.039565253090858454,0.014899207305908213,0.06224583669900893,0.03612801267504693,29.208034
2025-11-07 20:38:11,0.04330236092209816,-0.7111707329750061,-1.298462986946106,-0.09726396948099136,-1.5177676677703857,-0.06058073788881302,0.0889,-0.7492,-1.3252,-0.135,-1.5347,-0.1233,0.04559763907790185,0.038029267024993874,0.026737013053893977,0.037736030519008645,0.01693233222961421,0.06271926211118699,0.03795859066943325,-10.338796
2025-11-07 20:38:11,0.03120116889476776,-0.7016600966453552,-1.2897307872772217,-0.08401420712471008,-1.5116450786590576,-0.04070226103067398,0.0874,-0.7471,-1.3186,-0.1252,-1.5323,-0.1098,0.056198831105232244,0.04543990335464476,0.028869212722778315,0.04118579287528992,0.020654921340942378,0.06909773896932601,0.043574400061368944,26.073977
2025-11-07 20:38:11,0.022018376737833023,-0.6944618821144104,-1.283090591430664,-0.07377488911151886,-1.5066007375717163,-0.025406556203961372,0.0856,-0.7446,-1.3115,-0.115,-1.5289,-0.095,0.06358162326216697,0.05013811788558964,0.028409408569336048,0.041225110888481145,0.022299262428283617,0.06959344379603863,0.04587449447164934,24.96236
2025-11-07 20:38:11,0.012237331829965115,-0.6866098046302795,-1.2758674621582031,-0.06293923407793045,-1.501482367515564,-0.00919813197106123,0.0837,-0.7422,-1.3045,-0.1047,-1.5248,-0.0797,0.07146266817003488,0.05559019536972043,0.028632537841796868,0.04176076592206955,0.02331763248443597,0.07050186802893876,0.048544277969499415,29.754354
2025-11-07 20:38:11,0.002695971168577671,-0.6790415048599243,-1.2689012289047241,-0.05239503085613251,-1.4963945150375366,0.006636384408921003,0.0818,-0.7398,-1.2973,-0.0939,-1.52,-0.0637,0.07910402883142233,0.0607584951400757,0.028398771095275777,0.04150496914386749,0.023605484962463397,0.07033638440892101,0.05061802226367094,26.414385
2025-11-07 20:38:11,-0.0059633501805365086,-0.6723092794418335,-1.2626502513885498,-0.04281532019376755,-1.4918419122695923,0.020954176783561707,0.08,-0.7374,-1.2907,-0.0841,-1.5151,-0.0488,0.08596335018053651,0.06509072055816656,0.028049748611450154,0.04128467980623245,0.023258087730407606,0.06975417678356172,0.05223346061172584,18.571341
2025-11-07 20:38:11,-0.015495123341679573,-0.6646681427955627,-1.2557032108306885,-0.032324809581041336,-1.4869475364685059,0.036579690873622894,0.0781,-0.7342,-1.2818,-0.0702,-1.5091,-0.0304,0.09359512334167958,0.06953185720443722,0.026096789169311574,0.03787519041895866,0.02215246353149425,0.06697969087362289,0.052705185756584026,17.321271
2025-11-07 20:38:12,-0.02478337660431862,-0.657358705997467,-1.2489441633224487,-0.02220437116920948,-1.4818121194839478,0.05176418274641037,0.0762,-0.7303,-1.2745,-0.06,-1.5032,-0.0145,0.10098337660431862,0.07294129400253291,0.025555836677551236,0.03779562883079052,0.021387880516052338,0.06626418274641037,0.054154699896276,8.313339
2025-11-07 20:38:12,-0.033899057656526566,-0.6499438285827637,-1.2421600818634033,-0.011951628141105175,-1.476967215538025,0.06711741536855698,0.0742,-0.7258,-1.2671,-0.0494,-1.4971,0.0012,0.10809905765652657,0.07585617141723633,0.024939918136596573,0.037448371858894824,0.020132784461975195,0.06591741536855697,0.0553989531499644,3.242715
2025-11-07 20:38:12,-0.04346342757344246,-0.642513632774353,-1.2353109121322632,-0.0013901700731366873,-1.4720596075057983,0.08295576274394989,0.0712,-0.7188,-1.2575,-0.0362,-1.4886,0.0229,0.11466342757344246,0.07628636722564697,0.02218908786773688,0.034809829926863316,0.016540392494201583,0.060055762743949886,0.05409081130530685,-14.066464
2025-11-07 20:38:12,-0.05240270122885704,-0.6353441476821899,-1.2288298606872559,0.008480995893478394,-1.4673172235488892,0.09753433614969254,0.0701,-0.7165,-1.255,-0.0324,-1.4861,0.0291,0.12250270122885704,0.08115585231781008,0.026170139312744034,0.04088099589347839,0.018782776451110816,0.06843433614969253,0.05965446689228215,-5.887691
2025-11-07 20:38:12,-0.06757952272891998,-0.6234040260314941,-1.2178292274475098,0.02515728399157524,-1.4595409631729126,0.12257082015275955,0.0656,-0.7075,-1.2434,-0.0154,-1.4763,0.0543,0.13317952272891997,0.08409597396850588,0.025570772552490295,0.04055728399157524,0.016759036827087348,0.06827082015275955,0.06140556837022304,13.05135
2025-11-07 20:38:12,-0.0765053778886795,-0.6162576079368591,-1.2112101316452026,0.03503803908824921,-1.4547871351242065,0.13736030459403992,0.0618,-0.7008,-1.2346,-0.0015,-1.4682,0.0722,0.1383053778886795,0.08454239206314085,0.023389868354797283,0.03653803908824921,0.013412864875793407,0.06516030459403992,0.06022480781078337,4.855826
2025-11-07 20:38:12,-0.08571309596300125,-0.6090977787971497,-1.2045104503631592,0.045281194150447845,-1.4500598907470703,0.15272121131420135,0.058,-0.6946,-1.2279,0.0084,-1.4629,0.0877,0.14371309596300125,0.08550222120285034,0.023389549636840812,0.03688119415044785,0.012840109252929777,0.06502121131420135,0.06122456358671189,1.313621
2025-11-07 20:38:13,-0.1017220988869667,-0.596409797668457,-1.1929423809051514,0.06282226741313934,-1.4413989782333374,0.17900405824184418,0.0515,-0.6847,-1.2169,0.0251,-1.454,0.1121,0.1532220988869667,0.08829020233154294,0.023957619094848726,0.037722267413139346,0.012601021766662557,0.06690405824184417,0.06378287795583408,24.648343
2025-11-07 20:38:13,-0.11089722067117691,-0.5890275239944458,-1.1862752437591553,0.07308076322078705,-1.4367533922195435,0.1944282352924347,0.0469,-0.6781,-1.2102,0.0349,-1.4484,0.1275,0.1577972206711769,0.08907247600555424,0.02392475624084467,0.03818076322078705,0.011646607780456453,0.06692823529243469,0.064591676535209,20.325782
2025-11-07 20:38:13,-0.12041941285133362,-0.5815206170082092,-1.1792112588882446,0.08364413678646088,-1.4315705299377441,0.21015919744968414,0.0421,-0.6714,-1.2035,0.0452,-1.443,0.143,0.16251941285133362,0.08987938299179077,0.024288741111755385,0.03844413678646088,0.01142947006225592,0.06715919744968415,0.06562005687554678,19.132099
2025-11-07 20:38:13,-0.12979011237621307,-0.5740654468536377,-1.1725537776947021,0.09377607703208923,-1.4267654418945312,0.22525931894779205,0.0371,-0.6646,-1.1966,0.0557,-1.4377,0.1586,0.16689011237621307,0.09053455314636227,0.02404622230529796,0.038076077032089234,0.010934558105468728,0.06665931894779206,0.06619014031887056,17.54622
2025-11-07 20:38:13,-0.13886168599128723,-0.5669037103652954,-1.1658751964569092,0.10395979881286621,-1.4219869375228882,0.24061447381973267,0.032,-0.6577,-1.1899,0.0658,-1.4328,0.1739,0.17086168599128723,0.09079628963470454,0.024024803543090778,0.038159798812866214,0.01081306247711189,0.06671447381973267,0.06689501904646557,14.086241
2025-11-07 20:38:13,-0.1484452337026596,-0.5593622326850891,-1.159010648727417,0.11450015753507614,-1.4169881343841553,0.25637421011924744,0.0267,-0.6508,-1.1831,0.076,-1.4279,0.1892,0.1751452337026596,0.09143776731491093,0.02408935127258305,0.03850015753507614,0.010911865615844674,0.06717421011924743,0.0678764309267203,5.743797
2025-11-07 20:38:13,-0.1570872962474823,-0.5524478554725647,-1.1526408195495605,0.12410096079111099,-1.412593126296997,0.2707245945930481,0.0211,-0.6438,-1.1761,0.0866,-1.4229,0.2049,0.1781872962474823,0.09135214452743534,0.023459180450439376,0.037500960791110996,0.010306873703002983,0.0658245945930481,0.06777184171875318,-3.717148
2025-11-07 20:38:14,-0.1666804403066635,-0.5449466705322266,-1.1456555128097534,0.1346815973520279,-1.4073723554611206,0.2863098382949829,0.0154,-0.6366,-1.1691,0.0968,-1.4181,0.2217,0.1820804403066635,0.09165332946777349,0.02344448719024661,0.037881597352027896,0.01072764453887931,0.0646098382949829,0.06839955619176229,-4.288196
2025-11-07 20:38:14,-0.1758939027786255,-0.537491500377655,-1.1389461755752563,0.14481545984745026,-1.402563452720642,0.3015039265155792,0.0096,-0.6294,-1.162,0.1076,-1.4132,0.2377,0.18549390277862549,0.09190849962234493,0.023053824424743574,0.037215459847450255,0.010636547279357922,0.06380392651557923,0.0686853600780169,-6.161061
2025-11-07 20:38:14,-0.18791456520557404,-0.5280613899230957,-1.1302601099014282,0.15815533697605133,-1.3961294889450073,0.3215952515602112,0.0037,-0.6223,-1.1554,0.1175,-1.4087,0.253,0.19161456520557404,0.09423861007690426,0.02513989009857176,0.04065533697605134,0.012570511054992739,0.06859525156021118,0.07213569416205089,29.703668
2025-11-07 20:38:14,-0.1968500018119812,-0.5209513902664185,-1.123694658279419,0.1679670661687851,-1.3915256261825562,0.33631187677383423,-0.0026,-0.6145,-1.1468,0.1315,-1.4021,0.2712,0.1942500018119812,0.09354860973358159,0.023105341720581096,0.03646706616878509,0.01057437381744375,0.06511187677383423,0.07050954500436783,19.081042
2025-11-07 20:38:14,-0.2061420977115631,-0.5136362314224243,-1.1168913841247559,0.1781987100839615,-1.3868097066879272,0.35164016485214233,-0.0088,-0.6072,-1.1398,0.1416,-1.3975,0.287,0.1973420977115631,0.09356376857757565,0.022908615875244065,0.03659871008396148,0.010690293312072718,0.06464016485214236,0.07095727506875989,15.47177
2025-11-07 20:38:14,-0.21511971950531006,-0.5065396428108215,-1.1103873252868652,0.18808330595493317,-1.3819305896759033,0.36637023091316223,-0.0151,-0.5999,-1.1333,0.1515,-1.3933,0.302,0.20001971950531006,0.09336035718917846,0.02291267471313474,0.03658330595493317,0.011369410324096663,0.06437023091316224,0.07143594976663589,2.868401
2025-11-07 20:38:14,-0.22430634498596191,-0.4991324245929718,-1.1037336587905884,0.19833604991436005,-1.3770990371704102,0.3816831707954407,-0.0214,-0.5928,-1.127,0.1611,-1.3892,0.3167,0.2029063449859619,0.09366757540702819,0.023266341209411623,0.03723604991436005,0.012100962829589834,0.06498317079544069,0.07236007419029872,-5.512526
2025-11-07 20:38:15,-0.23374991118907928,-0.4916159212589264,-1.0968767404556274,0.20887257158756256,-1.3721097707748413,0.39757904410362244,-0.028,-0.5855,-1.1201,0.171,-1.3845,0.3329,0.2057499111890793,0.09388407874107363,0.023223259544372654,0.03787257158756255,0.012390229225158755,0.06467904410362246,0.07296651573181155,-0.307124
2025-11-07 20:38:15,-0.24255304038524628,-0.48482805490493774,-1.0905184745788574,0.21838517487049103,-1.3674395084381104,0.4116590917110443,-0.0346,-0.5783,-1.1137,0.1812,-1.3805,0.3471,0.20795304038524628,0.09347194509506229,0.02318152542114249,0.03718517487049103,0.013060491561889709,0.06455909171104429,0.07323521150747934,-9.788748
2025-11-07 20:38:15,-0.2522669732570648,-0.4770200848579407,-1.0833470821380615,0.22919206321239471,-1.3624464273452759,0.42789050936698914,-0.0413,-0.5709,-1.1065,0.1917,-1.3757,0.3635,0.21096697325706482,0.09387991514205929,0.023152917861938516,0.037492063212394705,0.013253572654724044,0.06439050936698915,0.07385599191586176,-3.837988
2025-11-07 20:38:15,-0.26457908749580383,-0.4672333002090454,-1.0744154453277588,0.24280807375907898,-1.3558909893035889,0.4483020603656769,-0.0482,-0.5636,-1.0998,0.2019,-1.3712,0.379,0.21637908749580384,0.09636669979095458,0.025384554672241322,0.04090807375907898,0.015309010696411107,0.06930206036567688,0.07727491446336111,34.807607
2025-11-07 20:38:15,-0.27668604254722595,-0.45776671171188354,-1.0656296014785767,0.25605398416519165,-1.3496676683425903,0.46814024448394775,-0.0587,-0.5526,-1.0893,0.2183,-1.3642,0.4025,0.21798604254722595,0.09483328828811644,0.023670398521423275,0.037753984165191656,0.014532331657409747,0.06564024448394773,0.07573604827721914,1.835586
2025-11-07 20:38:15,-0.28584006428718567,-0.45039018988609314,-1.0589510202407837,0.2662779688835144,-1.3447277545928955,0.48358744382858276,-0.0658,-0.5453,-1.0823,0.2291,-1.3596,0.4182,0.22004006428718567,0.09490981011390687,0.02334897975921635,0.037177968883514406,0.014872245407104412,0.06538744382858275,0.07595608537991842,-0.598229
2025-11-07 20:38:15,-0.2948560416698456,-0.443305104970932,-1.0523070096969604,0.27615681290626526,-1.3399815559387207,0.4982849061489105,-0.073,-0.5379,-1.0752,0.239,-1.3547,0.4346,0.22185604166984557,0.09459489502906804,0.022892990303039484,0.03715681290626527,0.014718444061279312,0.06368490614891054,0.07581734835306804,-6.019542
2025-11-07 20:38:16,-0.30688244104385376,-0.43381935358047485,-1.0436668395996094,0.28948327898979187,-1.3335152864456177,0.518203616142273,-0.0803,-0.5306,-1.0686,0.2492,-1.3502,0.45,0.22658244104385378,0.09678064641952511,0.02493316040039062,0.040283278989791865,0.01668471355438239,0.06820361614227294,0.07891130942503612,31.452117
2025-11-07 20:38:16,-0.3163931369781494,-0.4262261390686035,-1.0367447137832642,0.30003130435943604,-1.3285146951675415,0.5340458154678345,-0.0876,-0.5233,-1.0617,0.2598,-1.3457,0.4655,0.2287931369781494,0.09707386093139647,0.024955286216735928,0.04023130435943606,0.017185304832458392,0.06854581546783445,0.07946411813100178,30.459878
2025-11-07 20:38:16,-0.3250370919704437,-0.41943636536598206,-1.030455470085144,0.3096129298210144,-1.3242279291152954,0.5482696890830994,-0.095,-0.5161,-1.055,0.2699,-1.3412,0.4808,0.23003709197044372,0.09666363463401795,0.024544529914855895,0.03971292982101443,0.016972070884704538,0.06746968908309936,0.07923332438468932,18.723011
2025-11-07 20:38:16,-0.33400705456733704,-0.4121614694595337,-1.0238113403320312,0.3194323182106018,-1.3193753957748413,0.5628424882888794,-0.1027,-0.5085,-1.047,0.2829,-1.3358,0.4985,0.23130705456733702,0.09633853054046626,0.02318865966796868,0.03653231821060182,0.01642460422515879,0.0643424882888794,0.07802227591673533,10.748837
2025-11-07 20:38:16,-0.3433106541633606,-0.4048999845981598,-1.017109751701355,0.3296447992324829,-1.3145437240600586,0.5782589912414551,-0.1103,-0.5013,-1.0406,0.2925,-1.3316,0.5134,0.2330106541633606,0.09640001540184018,0.02349024829864499,0.03714479923248293,0.0170562759399413,0.06485899124145511,0.07866016404628752,10.657162
2025-11-07 20:38:16,-0.35274654626846313,-0.3973221182823181,-1.010258674621582,0.3401928246021271,-1.3094121217727661,0.5940110683441162,-0.118,-0.494,-1.0338,0.303,-1.3272,0.5289,0.23474654626846314,0.09667788171768188,0.02354132537841802,0.037192824602127084,0.017787878227233822,0.06511106834411617,0.07917625408967335,4.975964
2025-11-07 20:38:16,-0.36254677176475525,-0.3896675407886505,-1.0031237602233887,0.3510304093360901,-1.3043639659881592,0.6103076934814453,-0.1257,-0.4869,-1.0274,0.3126,-1.3231,0.5436,0.23684677176475524,0.09723245921134949,0.02427623977661142,0.0384304093360901,0.018736034011840763,0.06670769348144534,0.08037160126368205,6.949252
2025-11-07 20:38:16,-0.3711850047111511,-0.38280874490737915,-0.9968209862709045,0.36061394214630127,-1.2998721599578857,0.6245737075805664,-0.1336,-0.4797,-1.0208,0.3225,-1.319,0.5583,0.23758500471115113,0.09689125509262086,0.02397901372909539,0.03811394214630126,0.019127840042114208,0.06627370758056639,0.0803284605503082,-0.264574
2025-11-07 20:38:17,-0.3802796006202698,-0.37561437487602234,-0.9901577830314636,0.3704429268836975,-1.2949360609054565,0.6393401622772217,-0.1415,-0.4725,-1.0139,0.3333,-1.3146,0.5741,0.2387796006202698,0.09688562512397764,0.0237422169685364,0.037142926883697525,0.019663939094543448,0.06524016227722162,0.08024241182804107,-11.127457
2025-11-07 20:38:17,-0.3950096368789673,-0.3639196753501892,-0.9794543981552124,0.3868948817253113,-1.2873914241790771,0.6637803316116333,-0.1537,-0.4612,-1.0024,0.3509,-1.3069,0.6003,0.24130963687896728,0.09728032464981079,0.022945601844787555,0.03599488172531129,0.019508575820922802,0.06348033161163336,0.08008655875523885,2.592016
2025-11-07 20:38:17,-0.4109707176685333,-0.35121065378189087,-0.967884361743927,0.40440911054611206,-1.2787495851516724,0.6900708675384521,-0.1661,-0.45,-0.9916,0.3672,-1.2999,0.6249,0.24487071766853333,0.09878934621810914,0.023715638256073035,0.037209110546112034,0.021150414848327692,0.06517086753845214,0.08181768251260123,26.223381
2025-11-07 20:38:17,-0.41993874311447144,-0.3441831171512604,-0.9612978100776672,0.41438573598861694,-1.2741514444351196,0.7050367593765259,-0.1744,-0.4427,-0.9849,0.3772,-1.2956,0.6402,0.24553874311447144,0.0985168828487396,0.02360218992233276,0.037185735988616964,0.021448555564880456,0.06483675937652589,0.08185481113592785,18.239579
2025-11-07 20:38:17,-0.4285903871059418,-0.3372437655925751,-0.9549643993377686,0.42397886514663696,-1.269482970237732,0.719362199306488,-0.1828,-0.4355,-0.9785,0.3868,-1.2918,0.6547,0.24579038710594178,0.09825623440742492,0.02353560066223148,0.037178865146636986,0.022317029762268126,0.06466219930648809,0.08195671939849856,6.220264
2025-11-07 20:38:17,-0.4383925199508667,-0.3295259177684784,-0.9479292035102844,0.4348030090332031,-1.2643228769302368,0.735668420791626,-0.1913,-0.4282,-0.9718,0.3973,-1.2876,0.6702,0.2470925199508667,0.09867408223152163,0.023870796489715573,0.03750300903320314,0.02327712306976326,0.06546842079162596,0.08264765859444938,9.774662
2025-11-07 20:38:18,-0.45375919342041016,-0.3173115849494934,-0.9367886185646057,0.45177650451660156,-1.2563644647598267,0.7610979676246643,-0.2041,-0.4175,-0.9624,0.4106,-1.2817,0.6918,0.24965919342041015,0.10018841505050657,0.02561138143539432,0.04117650451660154,0.0253355352401734,0.06929796762466434,0.08521149954795838,28.471512
2025-11-07 20:38:18,-0.46331971883773804,-0.30971071124076843,-0.9297131299972534,0.4623264670372009,-1.2514910697937012,0.7766717076301575,-0.2127,-0.4103,-0.9557,0.4208,-1.2775,0.7069,0.25061971883773804,0.10058928875923157,0.025986870002746576,0.04152646703720092,0.026008930206298908,0.0697717076301575,0.0857504970788956,30.193732
2025-11-07 20:38:18,-0.4724162220954895,-0.3024204671382904,-0.9229847192764282,0.47247374057769775,-1.2464599609375,0.7919655442237854,-0.2215,-0.403,-0.9489,0.4313,-1.273,0.7224,0.25091622209548947,0.10057953286170962,0.025915280723571743,0.04117374057769774,0.02654003906249991,0.06956554422378536,0.0857817265907923,27.098838
2025-11-07 20:38:18,-0.4818022847175598,-0.2952280342578888,-0.9163138270378113,0.4826747179031372,-1.2415714263916016,0.8072593212127686,-0.2304,-0.3958,-0.9422,0.4414,-1.2686,0.7377,0.2514022847175598,0.10057196574211119,0.025886172962188758,0.04127471790313719,0.027028573608398387,0.06955932121276853,0.08595383935769398,25.331232
2025-11-07 20:38:18,-0.4915526509284973,-0.28735485672950745,-0.909238338470459,0.4934643507003784,-1.236614465713501,0.8235655426979065,-0.2393,-0.3885,-0.9355,0.4517,-1.2641,0.7532,0.2522526509284973,0.10114514327049257,0.026261661529541014,0.04176435070037843,0.027485534286499025,0.07036554269790651,0.08654581390221915,31.205839
2025-11-07 20:38:18,-0.5010978579521179,-0.2798019349575043,-0.9022721648216248,0.5040104985237122,-1.231492280960083,0.8391603827476501,-0.2483,-0.3812,-0.9286,0.4622,-1.2594,0.7687,0.25279785795211795,0.10139806504249571,0.026327835178375225,0.04181049852371216,0.027907719039917067,0.0704603827476501,0.0867837264140447,30.11958
2025-11-07 20:38:18,-0.5108213424682617,-0.27200737595558167,-0.8951161503791809,0.5148480534553528,-1.2264328002929688,0.8554109930992126,-0.2574,-0.3739,-0.9218,0.4724,-1.2546,0.7841,0.2534213424682617,0.10189262404441835,0.026683849620819045,0.0424480534553528,0.028167199707031187,0.07131099309921263,0.08732067706584928,33.244019
2025-11-07 20:38:19,-0.5200923681259155,-0.2647382318973541,-0.8884356617927551,0.5250126123428345,-1.2214018106460571,0.870551347732544,-0.2666,-0.3666,-0.9151,0.4826,-1.2498,0.7996,0.2534923681259155,0.10186176810264586,0.026664338207244898,0.0424126123428345,0.028398189353942893,0.07095134773254397,0.08729677064418795,31.087192
2025-11-07 20:38:19,-0.5293231010437012,-0.25746333599090576,-0.8817436695098877,0.535265326499939,-1.2165207862854004,0.886015772819519,-0.2759,-0.3592,-0.9081,0.4934,-1.245,0.8157,0.2534231010437012,0.10173666400909426,0.026356330490112323,0.04186532649993896,0.028479213714599716,0.07031577281951906,0.08702940142949427,27.910134
2025-11-07 20:38:19,-0.5388606190681458,-0.24985671043395996,-0.874842643737793,0.5457596778869629,-1.211586594581604,0.9016624093055725,-0.2853,-0.3518,-0.9012,0.5039,-1.24,0.8313,0.25356061906814575,0.10194328956604004,0.026357356262207032,0.041859677886962876,0.028413405418395987,0.07036240930557247,0.08708279291788736,25.972143
2025-11-07 20:38:19,-0.5474566221237183,-0.24305734038352966,-0.8684555292129517,0.5552799701690674,-1.2069201469421387,0.9159188270568848,-0.2947,-0.3444,-0.8941,0.5148,-1.2349,0.8475,0.25275662212371824,0.10134265961647032,0.025644470787048346,0.04047997016906735,0.027979853057861437,0.06841882705688473,0.08610373380184173,19.035345
2025-11-07 20:38:19,-0.5565205812454224,-0.23582078516483307,-0.8619246482849121,0.565183699131012,-1.2022839784622192,0.9306201338768005,-0.3044,-0.3366,-0.8862,0.528,-1.2295,0.8664,0.25212058124542236,0.10077921483516694,0.02427535171508788,0.03718369913101194,0.0272160215377808,0.06422013387680059,0.08429916705687841,8.120663
2025-11-07 20:38:19,-0.5662210583686829,-0.22807802259922028,-0.8548510670661926,0.5760040283203125,-1.1969321966171265,0.9469282627105713,-0.3141,-0.329,-0.879,0.5388,-1.2242,0.8828,0.25212105836868287,0.10092197740077974,0.024148932933807377,0.037204028320312554,0.02726780338287349,0.06412826271057126,0.08429867718617122,8.582813
2025-11-07 20:38:19,-0.5752370357513428,-0.2210274636745453,-0.8483565449714661,0.5859634280204773,-1.1922181844711304,0.9618538618087769,-0.3238,-0.3215,-0.8722,0.5488,-1.2189,0.898,0.2514370357513428,0.10047253632545472,0.02384345502853391,0.03716342802047734,0.026681815528869723,0.06385386180877684,0.08390868874390922,6.226545
2025-11-07 20:38:20,-0.5843968391418457,-0.21371611952781677,-0.841653048992157,0.5960800051689148,-1.1875706911087036,0.9768888354301453,-0.3336,-0.3142,-0.8658,0.5583,-1.2138,0.9125,0.2507968391418457,0.1004838804721832,0.02414695100784303,0.037780005168914776,0.026229308891296377,0.06438883543014529,0.08397097001870472,3.870299
2025-11-07 20:38:20,-0.5937502980232239,-0.20648148655891418,-0.834786593914032,0.6062982082366943,-1.18263840675354,0.9921787977218628,-0.3435,-0.3068,-0.8591,0.5688,-1.2087,0.928,0.25025029802322385,0.10031851344108583,0.024313406085967992,0.037498208236694364,0.02606159324646007,0.06417879772186275,0.08377013612588247,-0.247221
2025-11-07 20:38:20,-0.6034718751907349,-0.1985987424850464,-0.8276650905609131,0.6171109080314636,-1.1774916648864746,1.00839102268219,-0.3534,-0.2994,-0.8525,0.579,-1.2037,0.9433,0.25007187519073487,0.10080125751495361,0.02483490943908695,0.038110908031463664,0.026208335113525383,0.06509102268218991,0.0841863846619924,5.47776
2025-11-07 20:38:20,-0.6075925230979919,-0.1998930424451828,-0.8313888311386108,0.6220196485519409,-1.1819777488708496,1.0095951557159424,-0.3686,-0.288,-0.8417,0.596,-1.1957,0.9686,0.23899252309799196,0.08810695755481718,0.010311168861389164,0.026019648551940944,0.013722251129150376,0.040995155715942366,0.069691284151872,14.314897
2025-11-07 20:38:20,-0.6053855419158936,-0.20684772729873657,-0.8398199677467346,0.6190322041511536,-1.1910638809204102,0.9974863529205322,-0.3788,-0.2804,-0.8346,0.6062,-1.1904,0.9842,0.22658554191589353,0.07355227270126341,0.005219967746734611,0.012832204151153603,0.0006638809204102536,0.013286352920532263,0.05535670339266461,13.276119
2025-11-07 20:38:20,-0.6027393937110901,-0.21356655657291412,-0.8483029007911682,0.6158645153045654,-1.199770450592041,0.9849000573158264,-0.389,-0.2728,-0.8276,0.617,-1.1851,1.0004,0.21373939371109008,0.05923344342708586,0.02070290079116821,0.0011354846954345632,0.014670450592040973,0.01549994268417354,0.05416360265016554,13.955242
2025-11-07 20:38:20,-0.6002735495567322,-0.22071298956871033,-0.8570542335510254,0.6125741600990295,-1.20866858959198,0.9724268317222595,-0.3992,-0.266,-0.8237,0.6228,-1.1807,1.0104,0.20107354955673218,0.04528701043128969,0.0333542335510254,0.01022583990097048,0.027968589591979898,0.03797316827774044,0.059313731884956346,9.891474
2025-11-07 20:38:21,-0.5976791977882385,-0.22786325216293335,-0.866175651550293,0.60918790102005,-1.2181800603866577,0.9593995213508606,-0.409,-0.2616,-0.831,0.6212,-1.1797,1.0091,0.18867919778823855,0.03373674783706665,0.03517565155029301,0.012012098979949926,0.038480060386657744,0.04970047864913951,0.05963070586522423,17.124075
2025-11-07 20:38:21,-0.5954338312149048,-0.23426954448223114,-0.8742079734802246,0.6061314344406128,-1.2266814708709717,0.9477930665016174,-0.4185,-0.2583,-0.8385,0.6181,-1.1812,1.0002,0.1769338312149048,0.024030455517768834,0.035707973480224586,0.01196856555938719,0.04548147087097165,0.052406933498382546,0.05775487169027327,10.223547
2025-11-07 20:38:21,-0.593265175819397,-0.24084648489952087,-0.8824109435081482,0.603080689907074,-1.235074758529663,0.9360005855560303,-0.4275,-0.2557,-0.8471,0.6149,-1.1846,0.9887,0.16576517581939698,0.014853515100479109,0.03531094350814823,0.011819310092926028,0.05047475852966299,0.05269941444396975,0.05515385291576385,-1.28663
2025-11-07 20:38:21,-0.5906574130058289,-0.24761517345905304,-0.890884280204773,0.5998900532722473,-1.243895173072815,0.9236194491386414,-0.436,-0.253,-0.8556,0.6115,-1.1896,0.9752,0.15465741300582886,0.005384826540946963,0.03528428020477292,0.011609946727752729,0.05429517307281495,0.0515805508613586,0.052135365068912504,-1.612891
2025-11-07 20:38:21,-0.5882452130317688,-0.2546178102493286,-0.8997737169265747,0.5965824127197266,-1.2531161308288574,0.9109506607055664,-0.4439,-0.2504,-0.8643,0.6082,-1.1954,0.9622,0.14434521303176878,0.004217810249328602,0.03547371692657475,0.0116175872802734,0.057716130828857404,0.05124933929443365,0.05076996626853943,-6.106688
2025-11-07 20:38:21,-0.5860170722007751,-0.26096463203430176,-0.9078385829925537,0.5935335755348206,-1.2611486911773682,0.899501383304596,-0.4514,-0.2483,-0.8721,0.6052,-1.2017,0.9504,0.13461707220077512,0.012664632034301765,0.035738582992553725,0.011666424465179404,0.059448691177368174,0.050898616695404075,0.05083900326093038,-12.509559
2025-11-07 20:38:21,-0.5834687948226929,-0.2679327428340912,-0.9165113568305969,0.590273916721344,-1.2704436779022217,0.8868134617805481,-0.4582,-0.2475,-0.8809,0.6019,-1.2085,0.9381,0.12526879482269287,0.02043274283409119,0.03561135683059691,0.011626083278655996,0.06194367790222177,0.05128653821945195,0.05102819898128511,-12.680686
2025-11-07 20:38:21,-0.5803126096725464,-0.2771385610103607,-0.9282194375991821,0.5859289169311523,-1.2823225259780884,0.8702330589294434,-0.4644,-0.2479,-0.8893,0.5988,-1.2157,0.9258,0.11591260967254641,0.02923856101036071,0.03891943759918215,0.012871083068847655,0.06662252597808838,0.0555669410705566,0.05318852639993032,30.527187
2025-11-07 20:38:22,-0.5785600543022156,-0.28191691637039185,-0.9342134594917297,0.5837065577507019,-1.2887260913848877,0.8616024851799011,-0.4699,-0.2493,-0.8979,0.5955,-1.2231,0.9134,0.10866005430221559,0.03261691637039185,0.036313459491729705,0.011793442249298125,0.06562609138488762,0.05179751482009887,0.051134579769770296,-12.394941
2025-11-07 20:38:22,-0.5752715468406677,-0.2912435233592987,-0.9457413554191589,0.5793135762214661,-1.30080246925354,0.8451218008995056,-0.4748,-0.2514,-0.9062,0.5924,-1.2308,0.9016,0.10047154684066772,0.039843523359298694,0.03954135541915893,0.013086423778533973,0.07000246925354014,0.05647819910049434,0.05323725295861564,30.642115
2025-11-07 20:38:22,-0.5728919506072998,-0.2979987859725952,-0.954247236251831,0.5761401653289795,-1.3093475103378296,0.8326811790466309,-0.4789,-0.2543,-0.9145,0.5893,-1.2386,0.8893,0.09399195060729981,0.04369878597259519,0.039747236251831075,0.013159834671020554,0.07074751033782967,0.05661882095336912,0.052994023132324236,28.551154
2025-11-07 20:38:22,-0.5703455805778503,-0.3049822151660919,-0.9631443619728088,0.5728440284729004,-1.3183691501617432,0.8202348947525024,-0.4824,-0.2574,-0.9234,0.586,-1.2466,0.8768,0.08794558057785035,0.0475822151660919,0.03974436197280884,0.013155971527099575,0.07176915016174323,0.05656510524749758,0.052793730775515246,26.255523
2025-11-07 20:38:22,-0.5679602026939392,-0.3120788037776947,-0.9722331762313843,0.5694213509559631,-1.3278255462646484,0.8070291876792908,-0.4856,-0.2606,-0.9323,0.5826,-1.2549,0.864,0.08236020269393923,0.051478803777694704,0.03993317623138426,0.013178649044036872,0.07292554626464853,0.05697081232070922,0.05280786505540214,32.069924
2025-11-07 20:38:22,-0.564468502998352,-0.3214629292488098,-0.9837610721588135,0.5650763511657715,-1.339939832687378,0.7902858257293701,-0.4904,-0.2653,-0.9465,0.5772,-1.2675,0.8447,0.07406850299835205,0.056162929248809834,0.03726107215881347,0.012123648834228562,0.07243983268737786,0.05441417427062989,0.05107836003303528,6.650614
2025-11-07 20:38:22,-0.5622173547744751,-0.3282181918621063,-0.9922995567321777,0.5619086623191833,-1.3487355709075928,0.7782152891159058,-0.4936,-0.2685,-0.9548,0.574,-1.2759,0.8323,0.06861735477447511,0.05971819186210631,0.03749955673217775,0.012091337680816605,0.07283557090759274,0.05408471088409428,0.05080778714021047,8.036713
2025-11-07 20:38:23,-0.5595616698265076,-0.3354950249195099,-1.0013922452926636,0.5584859848022461,-1.358083724975586,0.7650019526481628,-0.4967,-0.2718,-0.9644,0.5706,-1.2844,0.8196,0.0628616698265076,0.0636950249195099,0.03699224529266354,0.012114015197753902,0.07368372497558595,0.05459804735183715,0.05065745459397634,13.354098
2025-11-07 20:38:23,-0.5572932958602905,-0.3420048654079437,-1.0096527338027954,0.555368185043335,-1.3666212558746338,0.7531155347824097,-0.4998,-0.2757,-0.9725,0.5674,-1.293,0.807,0.057493295860290505,0.06630486540794372,0.03715273380279538,0.012031814956665055,0.07362125587463386,0.05388446521759038,0.050081405186653154,8.219921
2025-11-07 20:38:23,-0.5550019145011902,-0.3488368093967438,-1.018078088760376,0.5522024035453796,-1.3754719495773315,0.7409855723381042,-0.5029,-0.2804,-0.982,0.564,-1.3017,0.7943,0.05210191450119017,0.06843680939674379,0.03607808876037599,0.011797596454620307,0.07377194957733146,0.05331442766189576,0.049250131058692914,2.828686
2025-11-07 20:38:23,-0.5524382591247559,-0.3555537462234497,-1.0267412662506104,0.5490002036094666,-1.384286642074585,0.7285795211791992,-0.5059,-0.2858,-0.9904,0.5608,-1.3105,0.7816,0.04653825912475584,0.06975374622344971,0.036341266250610404,0.011799796390533412,0.07378664207458496,0.05302047882080074,0.04854003148078918,5.353624
2025-11-07 20:38:23,-0.5501583814620972,-0.36207315325737,-1.0350247621536255,0.545886218547821,-1.392856478691101,0.7168042659759521,-0.5089,-0.2916,-0.999,0.5575,-1.3191,0.7692,0.04125838146209715,0.07047315325736997,0.03602476215362549,0.01161378145217895,0.07375647869110113,0.052395734024047846,0.04758704850673676,-8.903694
2025-11-07 20:38:23,-0.5477174520492554,-0.3688782751560211,-1.0434386730194092,0.5426437854766846,-1.4016616344451904,0.7045650482177734,-0.5118,-0.2974,-1.0074,0.5544,-1.3281,0.756,0.03591745204925534,0.07147827515602112,0.036038673019409107,0.011756214523315434,0.07356163444519037,0.05143495178222657,0.04669786682923632,-7.961539
2025-11-07 20:38:23,-0.5452151298522949,-0.3757869303226471,-1.0523031949996948,0.5394185781478882,-1.410717487335205,0.6917985081672668,-0.5148,-0.3043,-1.0162,0.5511,-1.337,0.7432,0.030415129852294887,0.07148693032264708,0.03610319499969483,0.01168142185211185,0.07371748733520511,0.051401491832733126,0.04580094269911448,-5.86652
2025-11-07 20:38:24,-0.5429678559303284,-0.38264384865760803,-1.0609145164489746,0.5362202525138855,-1.4196536540985107,0.6796627640724182,-0.5176,-0.3106,-1.0245,0.5481,-1.3458,0.7312,0.02536785593032842,0.07204384865760805,0.03641451644897464,0.011879747486114534,0.07385365409851063,0.05153723592758175,0.04518280975818634,-9.729465
2025-11-07 20:38:24,-0.5395278930664062,-0.3919762074947357,-1.0724424123764038,0.5317947268486023,-1.4316027164459229,0.6630056500434875,-0.5205,-0.3174,-1.033,0.5447,-1.3546,0.7188,0.019027893066406287,0.0745762074947357,0.03944241237640389,0.012905273151397667,0.07700271644592283,0.055794349956512446,0.04645814208189647,31.149391
2025-11-07 20:38:24,-0.5372039079666138,-0.398771733045578,-1.0809502601623535,0.5286078453063965,-1.4404497146606445,0.6505612730979919,-0.5233,-0.3241,-1.0416,0.5415,-1.3633,0.7066,0.013903907966613782,0.074671733045578,0.039350260162353434,0.012892154693603497,0.07714971466064457,0.05603872690200806,0.045667749571800226,29.047138
2025-11-07 20:38:24,-0.5346728563308716,-0.4057264029979706,-1.0898607969284058,0.5253673195838928,-1.4495947360992432,0.6378713846206665,-0.5258,-0.3309,-1.0502,0.5384,-1.372,0.6942,0.008872856330871537,0.07482640299797055,0.03966079692840574,0.013032680416107167,0.07759473609924306,0.056328615379333535,0.04505268135865526,28.407541
2025-11-07 20:38:24,-0.532425582408905,-0.4120713472366333,-1.0978739261627197,0.5223434567451477,-1.4577317237854004,0.6264681816101074,-0.5277,-0.3378,-1.0591,0.5351,-1.3808,0.6817,0.004725582408905082,0.07427134723663331,0.038773926162719796,0.012756543254852315,0.07693172378540036,0.05523181838989255,0.0437818235397339,19.339073
2025-11-07 20:38:24,-0.530013382434845,-0.4192618727684021,-1.1067997217178345,0.5188747644424438,-1.4670969247817993,0.6132970452308655,-0.529,-0.3454,-1.0705,0.5308,-1.3898,0.6677,0.001013382434844945,0.07386187276840211,0.036299721717834466,0.011925235557556202,0.07729692478179939,0.05440295476913448,0.0424666820049286,22.258432
2025-11-07 20:38:24,-0.5272694826126099,-0.42639681696891785,-1.1159154176712036,0.5155249238014221,-1.4766292572021484,0.6005189418792725,-0.53,-0.3516,-1.076,0.5286,-1.3985,0.6566,0.0027305173873901634,0.07479681696891782,0.039915417671203546,0.01307507619857784,0.07812925720214836,0.0560810581207275,0.044121357258160875,27.387999
2025-11-07 20:38:25,-0.5241132974624634,-0.43577900528907776,-1.1275986433029175,0.5112029314041138,-1.488642930984497,0.5837563872337341,-0.5307,-0.3622,-1.0908,0.5233,-1.412,0.6369,0.006586702537536571,0.07357900528907774,0.03679864330291749,0.012097068595886218,0.07664293098449715,0.05314361276626589,0.043141327246030176,8.113619
2025-11-07 20:38:25,-0.5215266346931458,-0.4427739679813385,-1.1363250017166138,0.507887601852417,-1.497685432434082,0.5709974765777588,-0.5308,-0.3694,-1.0991,0.52,-1.4207,0.6254,0.009273365306854298,0.0733739679813385,0.037225001716613804,0.012112398147583026,0.07698543243408196,0.05440252342224117,0.04389544816811879,4.719646
2025-11-07 20:38:25,-0.5192294716835022,-0.4495023787021637,-1.144802212715149,0.5046489834785461,-1.5064830780029297,0.5588924884796143,-0.5306,-0.3765,-1.1081,0.5166,-1.4296,0.6128,0.011370528316497763,0.0730023787021637,0.03670221271514884,0.011951016521453806,0.0768830780029297,0.053907511520385754,0.04396945429642993,3.798212
2025-11-07 20:38:25,-0.5167041420936584,-0.45665648579597473,-1.153960108757019,0.5013202428817749,-1.5156925916671753,0.5457769632339478,-0.5302,-0.3836,-1.1166,0.5135,-1.4384,0.6003,0.013495857906341557,0.07305648579597473,0.037360108757019006,0.012179757118225054,0.07729259166717539,0.05452303676605219,0.04465130633513132,7.705132
2025-11-07 20:38:25,-0.5142248868942261,-0.4632161855697632,-1.1622282266616821,0.4982312023639679,-1.524503469467163,0.5339058637619019,-0.5296,-0.3908,-1.1257,0.5101,-1.4474,0.5875,0.015375113105773885,0.0724161855697632,0.036528226661682206,0.011868797636032102,0.07710346946716307,0.05359413623809817,0.044480988113085436,0.633997
2025-11-07 20:38:25,-0.5113505721092224,-0.4717278480529785,-1.1727954149246216,0.4941757321357727,-1.5353344678878784,0.518669605255127,-0.5287,-0.3978,-1.134,0.5068,-1.4563,0.5749,0.017349427890777536,0.07392784805297853,0.038795414924621685,0.012624267864227323,0.07903446788787849,0.056230394744873013,0.04632697022755943,30.527066
2025-11-07 20:38:25,-0.5087677240371704,-0.47869595885276794,-1.1816350221633911,0.4909217953681946,-1.5443180799484253,0.5063651204109192,-0.5277,-0.4049,-1.1433,0.5036,-1.4657,0.5615,0.018932275962829537,0.07379595885276796,0.03833502216339113,0.012678204631805468,0.07861807994842529,0.05513487958908081,0.046249070191383364,29.356988
2025-11-07 20:38:26,-0.5064687132835388,-0.48552027344703674,-1.1901485919952393,0.48773494362831116,-1.5532504320144653,0.49393031001091003,-0.5266,-0.4121,-1.1519,0.5004,-1.475,0.5487,0.02013128671646114,0.07342027344703672,0.038248591995239334,0.012665056371688799,0.07825043201446524,0.05476968998908993,0.04624755508899686,28.910688
2025-11-07 20:38:26,-0.5048733353614807,-0.4901471436023712,-1.1960889101028442,0.4855068325996399,-1.5594661235809326,0.48517894744873047,-0.5253,-0.4193,-1.1603,0.4972,-1.484,0.5364,0.020426664638519276,0.07084714360237121,0.03578891010284413,0.011693167400360083,0.07546612358093263,0.05122105255126952,0.04424051031271614,-11.730927
2025-11-07 20:38:26,-0.5013988614082336,-0.4994794726371765,-1.2076685428619385,0.4810774624347687,-1.5714151859283447,0.4686790704727173,-0.524,-0.4262,-1.168,0.4942,-1.4927,0.5248,0.02260113859176638,0.07327947263717649,0.03966854286193855,0.013122537565231296,0.07871518592834481,0.05612092952728276,0.04725130118529005,31.135204
2025-11-07 20:38:26,-0.4990576505661011,-0.5064763426780701,-1.2165809869766235,0.4778388440608978,-1.5805811882019043,0.45597195625305176,-0.5226,-0.4333,-1.1768,0.491,-1.5014,0.5128,0.02354234943389888,0.07317634267807005,0.03978098697662347,0.013161155939102165,0.07918118820190423,0.056828043746948276,0.04761167782942451,27.274323
2025-11-07 20:38:26,-0.4973108172416687,-0.5112547278404236,-1.2224963903427124,0.4756145775318146,-1.5868443250656128,0.4473203122615814,-0.5211,-0.4403,-1.1853,0.4878,-1.5102,0.5005,0.023789182758331306,0.07095472784042356,0.03719639034271238,0.012185422468185436,0.0766443250656128,0.053179687738418524,0.045658289368947336,-10.560658
2025-11-07 20:38:26,-0.4941028952598572,-0.5203914642333984,-1.2340223789215088,0.4712599813938141,-1.598757266998291,0.43073412775993347,-0.5195,-0.4474,-1.1944,0.4844,-1.5192,0.4877,0.025397104740142784,0.07299146423339842,0.03962237892150888,0.01314001860618591,0.07955726699829091,0.05696587224006655,0.04794568428993224,31.265322
2025-11-07 20:38:26,-0.49172520637512207,-0.527123749256134,-1.2426528930664062,0.4679887890815735,-1.607551097869873,0.41837024688720703,-0.5178,-0.4545,-1.2029,0.4811,-1.5282,0.4752,0.026074793624877968,0.07262374925613402,0.03975289306640617,0.013111210918426541,0.07935109786987304,0.05682975311279298,0.047957249641418453,29.125868
2025-11-07 20:38:26,-0.4891059398651123,-0.5342088341712952,-1.2515058517456055,0.4647578299045563,-1.6166335344314575,0.4059661030769348,-0.5161,-0.4617,-1.2118,0.4779,-1.5372,0.4627,0.0269940601348877,0.07250883417129517,0.03970585174560548,0.013142170095443717,0.07943353443145762,0.056733896923065186,0.04808639125029248,29.651659
2025-11-07 20:38:27,-0.4867742955684662,-0.5409238338470459,-1.2599408626556396,0.461565226316452,-1.6254690885543823,0.39354661107063293,-0.5143,-0.4689,-1.2208,0.4745,-1.5465,0.4499,0.027525704431533793,0.07202383384704591,0.03914086265563954,0.012934773683547951,0.07896908855438234,0.05635338892936709,0.0478246086835861,24.855707
2025-11-07 20:38:27,-0.4843103289604187,-0.5478286147117615,-1.268425703048706,0.4583496153354645,-1.6342154741287231,0.3813226819038391,-0.5125,-0.476,-1.2292,0.4713,-1.5555,0.4374,0.028189671039581254,0.0718286147117615,0.039225703048705984,0.01295038466453552,0.07871547412872304,0.0560773180961609,0.04783119428157803,23.082932
2025-11-07 20:38:27,-0.48118868470191956,-0.5568541884422302,-1.2799324989318848,0.4540640711784363,-1.645957589149475,0.36499348282814026,-0.5097,-0.4871,-1.2439,0.4659,-1.5704,0.417,0.028511315298080486,0.06975418844223025,0.03603249893188476,0.011835928821563702,0.07555758914947508,0.05200651717185972,0.045616339635849,-4.232248
2025-11-07 20:38:27,-0.4788493514060974,-0.5635193586349487,-1.2883694171905518,0.45090213418006897,-1.6547133922576904,0.3526717722415924,-0.5078,-0.4942,-1.2522,0.4627,-1.5798,0.4044,0.028950648593902617,0.06931935863494876,0.03616941719055178,0.01179786581993103,0.07491339225769034,0.051728227758407574,0.04547981837590535,-6.314443
2025-11-07 20:38:27,-0.4762645959854126,-0.5703628063201904,-1.296881079673767,0.4477018713951111,-1.6637502908706665,0.34029829502105713,-0.5058,-0.5015,-1.2612,0.4594,-1.5893,0.3916,0.02953540401458743,0.06886280632019048,0.03568107967376699,0.011698128604888891,0.07445029087066657,0.051301704978942875,0.045254902410507204,-5.406574
2025-11-07 20:38:27,-0.473915696144104,-0.5773366689682007,-1.305762767791748,0.4443827271461487,-1.6728991270065308,0.3278730511665344,-0.5038,-0.5086,-1.2695,0.4562,-1.5985,0.3794,0.02988430385589602,0.06873666896820063,0.036262767791747974,0.011817272853851313,0.07439912700653073,0.05152694883346559,0.04543784821828204,-9.262637
2025-11-07 20:38:27,-0.47065216302871704,-0.5862778425216675,-1.3168649673461914,0.440216064453125,-1.6842938661575317,0.31176242232322693,-0.5018,-0.5157,-1.278,0.453,-1.6074,0.3672,0.031147836971282983,0.07057784252166743,0.03886496734619138,0.012783935546875014,0.0768938661575318,0.0554375776767731,0.04761767103672029,27.022544
2025-11-07 20:38:28,-0.46841830015182495,-0.5930254459381104,-1.3253363370895386,0.4370292127132416,-1.6930060386657715,0.29932183027267456,-0.4998,-0.5228,-1.2867,0.4498,-1.6165,0.3549,0.03138169984817507,0.07022544593811031,0.03863633708953862,0.0127707872867584,0.07650603866577144,0.05557816972732543,0.04751641309261321,28.368075
2025-11-07 20:38:28,-0.46588337421417236,-0.6000491976737976,-1.3341491222381592,0.43375033140182495,-1.702033281326294,0.2869732975959778,-0.4978,-0.5311,-1.2984,0.4454,-1.6277,0.3405,0.03191662578582766,0.06894919767379759,0.03574912223815918,0.011649668598175067,0.07433328132629402,0.05352670240402224,0.046020766337712626,26.058277
2025-11-07 20:38:28,-0.46355172991752625,-0.6064037084579468,-1.3422350883483887,0.4306536018848419,-1.7105803489685059,0.27539941668510437,-0.4958,-0.5379,-1.3062,0.4423,-1.6369,0.3278,0.03224827008247377,0.06850370845794673,0.036035088348388644,0.011646398115158108,0.07368034896850584,0.05240058331489561,0.045752399547894784,19.405731
2025-11-07 20:38:28,-0.461331307888031,-0.6129461526870728,-1.350447654724121,0.42761632800102234,-1.7189260721206665,0.26348230242729187,-0.4938,-0.5451,-1.3149,0.4391,-1.6462,0.3156,0.03246869211196901,0.06784615268707272,0.035547654724121136,0.011483671998977651,0.0727260721206664,0.05211769757270812,0.04536499020258584,10.303439
2025-11-07 20:38:28,-0.45887693762779236,-0.6195710301399231,-1.3586832284927368,0.42453300952911377,-1.7274712324142456,0.2515747547149658,-0.4918,-0.5519,-1.3229,0.4361,-1.655,0.3035,0.032923062372207657,0.06767103013992315,0.03578322849273685,0.011566990470886218,0.07247123241424558,0.05192524528503417,0.04539013152917227,3.750611
2025-11-07 20:38:28,-0.45641106367111206,-0.6266714334487915,-1.3677854537963867,0.42114484310150146,-1.7371022701263428,0.23864522576332092,-0.4898,-0.5591,-1.3317,0.4328,-1.6644,0.2911,0.03338893632888795,0.06757143344879146,0.03608545379638661,0.011655156898498553,0.07270227012634267,0.0524547742366791,0.04564300413926439,7.971288
2025-11-07 20:38:28,-0.45406022667884827,-0.6334803700447083,-1.3763259649276733,0.4178755283355713,-1.7457669973373413,0.22630243003368378,-0.4879,-0.5659,-1.3398,0.4297,-1.673,0.2792,0.033839773321151734,0.0675803700447083,0.03652596492767324,0.011824471664428737,0.07276699733734127,0.05289756996631623,0.04590585787693658,9.070652
2025-11-07 20:38:29,-0.45156750082969666,-0.6400343179702759,-1.3846170902252197,0.4148325026035309,-1.7541773319244385,0.21443134546279907,-0.486,-0.5727,-1.348,0.4267,-1.6818,0.2673,0.03443249917030333,0.06733431797027589,0.03661709022521964,0.01186749739646914,0.07237733192443851,0.05286865453720091,0.04591623187065124,-1.645414
2025-11-07 20:38:29,-0.4492550492286682,-0.6468432545661926,-1.3930329084396362,0.41164183616638184,-1.763105869293213,0.20223426818847656,-0.4841,-0.5798,-1.3568,0.4235,-1.6915,0.2542,0.03484495077133176,0.06704325456619264,0.036232908439636224,0.011858163833618152,0.07160586929321289,0.05196573181152342,0.04559181311925251,-2.293207
2025-11-07 20:38:29,-0.44688695669174194,-0.6533722877502441,-1.4014678001403809,0.4085470139980316,-1.7718560695648193,0.19045138359069824,-0.4822,-0.587,-1.3657,0.4202,-1.7011,0.2414,0.035313043308258074,0.06637228775024417,0.035767800140380945,0.011652986001968402,0.07075606956481928,0.05094861640930176,0.04513513386249544,-11.134711
2025-11-07 20:38:29,-0.44299256801605225,-0.6647122502326965,-1.4156360626220703,0.4031704068183899,-1.7865238189697266,0.169788658618927,-0.4794,-0.598,-1.3796,0.4149,-1.7158,0.2223,0.03640743198394775,0.06671225023269656,0.036036062622070375,0.011729593181610098,0.07072381896972657,0.052511341381072996,0.04568674972852072,0.830491
2025-11-07 20:38:29,-0.44054585695266724,-0.6715269088745117,-1.4241036176681519,0.3999950885772705,-1.7950859069824219,0.1574305295944214,-0.4776,-0.605,-1.388,0.4117,-1.7249,0.2101,0.03705414304733279,0.06652690887451174,0.036103617668151955,0.011704911422729503,0.07018590698242178,0.05266947040557862,0.04570749306678773,-0.355767
2025-11-07 20:38:29,-0.43790358304977417,-0.6786465048789978,-1.4332001209259033,0.39661648869514465,-1.8045233488082886,0.1445719301700592,-0.4757,-0.6121,-1.3967,0.4086,-1.7346,0.197,0.03779641695022584,0.06654650487899783,0.03650012092590327,0.011983511304855365,0.06992334880828865,0.052428069829940804,0.04586299544970196,3.862023
2025-11-07 20:38:29,-0.43559685349464417,-0.6855436563491821,-1.4418058395385742,0.3933241665363312,-1.8133950233459473,0.1321505308151245,-0.4739,-0.6189,-1.4049,0.4053,-1.7432,0.1856,0.03830314650535582,0.06664365634918212,0.03690583953857418,0.011975833463668817,0.07019502334594718,0.053449469184875475,0.04624549473126727,1.502851
2025-11-07 20:38:30,-0.4329794943332672,-0.6925098896026611,-1.4505226612091064,0.3900836408138275,-1.8226217031478882,0.1195853054523468,-0.4721,-0.6259,-1.4134,0.4021,-1.7522,0.1735,0.03912050566673281,0.06660988960266112,0.037122661209106456,0.012016359186172498,0.0704217031478882,0.053914694547653186,0.04653430222670238,-0.253713
2025-11-07 20:38:30,-0.43075332045555115,-0.6993399262428284,-1.4589921236038208,0.38690829277038574,-1.831199049949646,0.10734797269105911,-0.4704,-0.6329,-1.4222,0.3989,-1.7616,0.1611,0.03964667954444884,0.06643992624282835,0.03679212360382089,0.011991707229614235,0.06959904994964594,0.05375202730894088,0.04637025231321653,-4.857218
2025-11-07 20:38:30,-0.42805159091949463,-0.7056714296340942,-1.4670474529266357,0.38372528553009033,-1.8395068645477295,0.09559768438339233,-0.4686,-0.6403,-1.4316,0.3955,-1.772,0.1473,0.04054840908050539,0.06537142963409426,0.03544745292663576,0.011774714469909686,0.06750686454772947,0.05170231561660765,0.045391864379247034,-16.779139
2025-11-07 20:38:30,-0.41353437304496765,-0.7068698406219482,-1.468635082244873,0.37577927112579346,-1.8379348516464233,0.08624807000160217,-0.4669,-0.6473,-1.44,0.3922,-1.7813,0.1347,0.05336562695503233,0.059569840621948256,0.0286350822448731,0.016420728874206536,0.056634851646423234,0.048451929998397814,0.043846343390146876,5.275635
2025-11-07 20:38:30,-0.4019930958747864,-0.706770122051239,-1.4681384563446045,0.3695397973060608,-1.8333747386932373,0.08142178505659103,-0.4651,-0.6557,-1.4515,0.3879,-1.7931,0.1192,0.06310690412521364,0.051070122051239064,0.01663845634460448,0.01836020269393923,0.04027473869323739,0.037778214943408966,0.037871439808607125,18.09266
2025-11-07 20:38:30,-0.38522666692733765,-0.7054125666618347,-1.4669266939163208,0.3605736792087555,-1.8271324634552002,0.0743156149983406,-0.4626,-0.6654,-1.4624,0.3838,-1.8058,0.1018,0.07737333307266236,0.040012566661834725,0.004526693916320879,0.02322632079124448,0.021332463455200124,0.027484385001659395,0.032325960483153664,-11.946788
2025-11-07 20:38:30,-0.3680729269981384,-0.7042275667190552,-1.4657953977584839,0.3513813018798828,-1.8208180665969849,0.0677444264292717,-0.4609,-0.6699,-1.4657,0.3781,-1.8111,0.0926,0.09282707300186155,0.034327566719055125,9.539775848388388e-05,0.02671869812011718,0.009718066596984931,0.024855573570728304,0.031423729294538495,29.552501
2025-11-07 20:38:31,-0.35553649067878723,-0.7034797668457031,-1.4649746417999268,0.3446758985519409,-1.8162845373153687,0.06233522668480873,-0.4592,-0.6733,-1.467,0.3696,-1.8148,0.0853,0.10366350932121277,0.030179766845703115,0.002025358200073324,0.024924101448059066,0.0014845373153686836,0.02296477331519127,0.03087367440760137,26.084958
2025-11-07 20:38:31,-0.3422330319881439,-0.7026916742324829,-1.464129090309143,0.33751219511032104,-1.8114964962005615,0.057108186185359955,-0.4575,-0.6767,-1.4672,0.365,-1.8173,0.0806,0.1152669680118561,0.025991674232482942,0.0030709096908569933,0.027487804889678946,0.005803503799438392,0.02349181381464005,0.0335187790731589,32.030038
2025-11-07 20:38:31,-0.3296371400356293,-0.7019323706626892,-1.4633562564849854,0.33080679178237915,-1.8067426681518555,0.05190223827958107,-0.4558,-0.68,-1.4668,0.3559,-1.8186,0.0745,0.1261628599643707,0.02193237066268916,0.003443743515014752,0.025093208217620844,0.011857331848144526,0.022597761720418927,0.035181212654709824,28.204073
2025-11-07 20:38:31,-0.3174765110015869,-0.7012708187103271,-1.4625873565673828,0.3242701292037964,-1.8023172616958618,0.046855442225933075,-0.454,-0.6833,-1.4662,0.3494,-1.8188,0.0694,0.1365234889984131,0.01797081871032713,0.0036126434326171353,0.0251298707962036,0.016482738304138156,0.02254455777406693,0.03704401966929435,13.605677
2025-11-07 20:38:31,-0.3052353262901306,-0.7005786299705505,-1.4618127346038818,0.3177449405193329,-1.797878623008728,0.0420905165374279,-0.4517,-0.6866,-1.4655,0.3423,-1.8181,0.064,0.14646467370986938,0.013978629970550549,0.003687265396118189,0.024555059480667107,0.020221376991272022,0.0219094834625721,0.03846941483517489,9.537291
2025-11-07 20:38:31,-0.2918820381164551,-0.6998384594917297,-1.4609671831130981,0.3106675446033478,-1.792752742767334,0.03658544272184372,-0.4488,-0.6895,-1.4645,0.3356,-1.8165,0.0588,0.1569179618835449,0.010338459491729735,0.0035328168869017684,0.02493245539665223,0.02374725723266602,0.02221455727815628,0.04028058469494182,16.061413
2025-11-07 20:38:31,-0.27098730206489563,-0.6986208558082581,-1.4596229791641235,0.29943495988845825,-1.7854586839675903,0.028037333860993385,-0.4435,-0.6928,-1.4632,0.3243,-1.8128,0.0505,0.17251269793510438,0.005820855808258085,0.003577020835876521,0.024865040111541725,0.027341316032409635,0.022462666139006618,0.04276326614369949,33.959612
2025-11-07 20:38:32,-0.25847193598747253,-0.69786536693573,-1.4588329792022705,0.2926643490791321,-1.7807010412216187,0.02286398410797119,-0.4398,-0.6944,-1.4624,0.3199,-1.8099,0.0461,0.1813280640125275,0.0034653669357299632,0.0035670207977294144,0.027235650920867938,0.029198958778381412,0.02323601589202881,0.04467184622287751,31.787176
2025-11-07 20:38:32,-0.24590478837490082,-0.6971539855003357,-1.4580391645431519,0.2860011160373688,-1.776063084602356,0.01800701767206192,-0.4356,-0.6957,-1.4616,0.3131,-1.8065,0.0411,0.18969521162509917,0.0014539855003357083,0.003560835456848155,0.027098883962631215,0.030436915397644038,0.023092982327938077,0.045889802378416056,30.955312
2025-11-07 20:38:32,-0.23674309253692627,-0.6966036558151245,-1.4574697017669678,0.28109046816825867,-1.7726762294769287,0.01432354561984539,-0.4312,-0.6967,-1.4607,0.3065,-1.8029,0.036,0.19445690746307376,9.634418487547425e-05,0.003230298233032336,0.025409531831741328,0.030223770523071236,0.021676454380154607,0.04584888443599145,-12.981969
2025-11-07 20:38:32,-0.2242123782634735,-0.695842444896698,-1.4566738605499268,0.27432945370674133,-1.7679318189620972,0.00914060790091753,-0.4266,-0.6974,-1.4599,0.2995,-1.799,0.0309,0.20238762173652647,0.0015575551033020218,0.0032261394500732177,0.025170546293258655,0.031068181037902765,0.02175939209908247,0.04752823928669093,-15.256159
2025-11-07 20:38:32,-0.20707398653030396,-0.6948702931404114,-1.4556020498275757,0.26511597633361816,-1.7617939710617065,0.002070873975753784,-0.4219,-0.6979,-1.4591,0.2927,-1.7948,0.0258,0.21482601346969604,0.003029706859588588,0.00349795017242438,0.02758402366638185,0.03300602893829341,0.023729126024246216,0.05094547485510508,32.333176
2025-11-07 20:38:32,-0.1944301426410675,-0.6941666007041931,-1.4548004865646362,0.2585141062736511,-1.7570136785507202,-0.0031715051736682653,-0.4143,-0.6983,-1.4577,0.2812,-1.7881,0.0172,0.2198698573589325,0.0041333992958069166,0.0028995134353637653,0.022685893726348882,0.031086321449279808,0.020371505173668265,0.05017441507323336,10.040659
2025-11-07 20:38:32,-0.181448832154274,-0.6934321522712708,-1.453976035118103,0.25148847699165344,-1.752311110496521,-0.008124345913529396,-0.4117,-0.6983,-1.4573,0.2789,-1.786,0.015,0.23025116784572602,0.00486784772872928,0.0033239648818970124,0.02741152300834654,0.033688889503479036,0.023124345913529396,0.05377795648028455,22.466087
2025-11-07 20:38:33,-0.16811662912368774,-0.6926326155662537,-1.4531419277191162,0.24441683292388916,-1.7476179599761963,-0.01378856971859932,-0.4065,-0.6983,-1.4565,0.272,-1.7815,0.01,0.23838337087631223,0.00566738443374637,0.003358072280883695,0.02758316707611086,0.033882040023803794,0.02378856971859932,0.05544376740157605,24.089017
2025-11-07 20:38:33,-0.1556338518857956,-0.6919058561325073,-1.452344298362732,0.23763279616832733,-1.7429381608963013,-0.01878167688846588,-0.4011,-0.6982,-1.4558,0.2652,-1.7769,0.0049,0.24546614811420442,0.006294143867492719,0.0034557016372680494,0.02756720383167266,0.033961839103698654,0.023681676888465883,0.0567377855738004,28.521688
2025-11-07 20:38:33,-0.14340420067310333,-0.6911791563034058,-1.4515503644943237,0.23116131126880646,-1.7385907173156738,-0.02370000258088112,-0.3956,-0.698,-1.4549,0.2565,-1.7721,-0.0011,0.2521957993268967,0.006820843696594192,0.0033496355056763516,0.025338688731193548,0.03350928268432618,0.02260000258088112,0.05730237542092801,13.401247
2025-11-07 20:38:33,-0.13086581230163574,-0.6904102563858032,-1.4507662057876587,0.22439837455749512,-1.7340760231018066,-0.028890609741210938,-0.39,-0.6977,-1.454,0.2494,-1.7673,-0.0065,0.25913418769836427,0.007289743614196764,0.0032337942123412677,0.025001625442504893,0.03322397689819345,0.02239060974121094,0.058378989601135266,9.275892
2025-11-07 20:38:33,-0.11864957958459854,-0.6897141933441162,-1.4499973058700562,0.21790388226509094,-1.7295178174972534,-0.03354240581393242,-0.3843,-0.6973,-1.4532,0.2422,-1.7625,-0.012,0.26565042041540143,0.00758580665588382,0.003202694129943895,0.024296117734909056,0.03298218250274654,0.02154240581393242,0.05920993787546952,0.678642
2025-11-07 20:38:33,-0.10613612830638885,-0.6889989972114563,-1.4492130279541016,0.21115437150001526,-1.7249386310577393,-0.0387943759560585,-0.3785,-0.6968,-1.4524,0.2357,-1.7578,-0.017,0.27236387169361115,0.007801002788543676,0.003186972045898351,0.024545628499984734,0.03286136894226077,0.0217943759560585,0.060425536654392854,-8.534711
2025-11-07 20:38:33,-0.09354215115308762,-0.6883010268211365,-1.44841730594635,0.20442979037761688,-1.7201544046401978,-0.04380665719509125,-0.3726,-0.6964,-1.4514,0.2289,-1.7529,-0.0226,0.27905784884691237,0.008098973178863544,0.002982694053649926,0.02447020962238311,0.03274559535980215,0.02120665719509125,0.06142699637611706,-3.952306
2025-11-07 20:38:34,-0.07681983709335327,-0.6873863935470581,-1.44736647605896,0.19552502036094666,-1.7140356302261353,-0.050937749445438385,-0.3666,-0.6958,-1.4506,0.2225,-1.7481,-0.0278,0.2897801629066467,0.008413606452941869,0.0032335239410399286,0.026974979639053348,0.03406436977386473,0.023137749445438387,0.06426739869316415,32.681568
2025-11-07 20:38:34,-0.06123267859220505,-0.686479389667511,-1.4463502168655396,0.18713223934173584,-1.708548903465271,-0.05709284916520119,-0.3575,-0.695,-1.4494,0.2132,-1.7411,-0.0349,0.29626732140779494,0.008520610332488965,0.003049783134460471,0.02606776065826416,0.032551096534729096,0.022192849165201187,0.06477490353882313,-11.66962
2025-11-07 20:38:34,-0.044539131224155426,-0.6854535341262817,-1.4452763795852661,0.1781124323606491,-1.702266812324524,-0.06390180438756943,-0.3513,-0.6944,-1.4486,0.2045,-1.7361,-0.0409,0.3067608687758446,0.008946465873718279,0.0033236204147339965,0.02638756763935088,0.03383318767547605,0.02300180438756943,0.06704225246111553,24.385201
2025-11-07 20:38:34,-0.02743716351687908,-0.6844123601913452,-1.4442064762115479,0.1690082550048828,-1.6959125995635986,-0.07073377072811127,-0.342,-0.6934,-1.4472,0.1935,-1.7287,-0.0495,0.31456283648312094,0.008987639808654801,0.0029935237884521904,0.024491744995117193,0.03278740043640127,0.021233770728111265,0.06750948603997628,-0.265124
2025-11-07 20:38:34,-0.014110705815255642,-0.683639645576477,-1.4433799982070923,0.1618388146162033,-1.691094160079956,-0.07638457417488098,-0.3358,-0.6928,-1.4465,0.1872,-1.724,-0.0541,0.32168929418474435,0.00916035442352292,0.003120001792907612,0.025361185383796697,0.03290583992004392,0.02228457417488098,0.06908687497998275,0.935321
2025-11-07 20:38:34,-0.0008130097994580865,-0.6828381419181824,-1.4425536394119263,0.15470771491527557,-1.6864219903945923,-0.08172666281461716,-0.3295,-0.6921,-1.4457,0.1806,-1.7194,-0.059,0.32868699020054193,0.009261858081817675,0.0031463605880737155,0.025892285084724437,0.032978009605407754,0.02272666281461716,0.07044869439586378,1.477994
2025-11-07 20:38:35,0.011800147593021393,-0.682161271572113,-1.4417598247528076,0.14797736704349518,-1.6816891431808472,-0.08689809590578079,-0.3231,-0.6915,-1.4449,0.1735,-1.7147,-0.0643,0.3349001475930214,0.009338728427886966,0.003140175247192456,0.02552263295650481,0.03301085681915272,0.022598095905780796,0.07141843949158987,-1.536215
2025-11-07 20:38:35,0.025166872888803482,-0.6814479827880859,-1.4408949613571167,0.1407695859670639,-1.6768062114715576,-0.09246260672807693,-0.3167,-0.6908,-1.444,0.1668,-1.7099,-0.0697,0.34186687288880346,0.009352017211914032,0.003105038642883251,0.0260304140329361,0.03309378852844236,0.022762606728076937,0.07270178967217603,3.644339
2025-11-07 20:38:35,0.03845306485891342,-0.6807020306587219,-1.4400436878204346,0.13372285664081573,-1.6720504760742188,-0.09772799909114838,-0.3102,-0.6901,-1.4433,0.1597,-1.7053,-0.0748,0.3486530648589134,0.009397969341278123,0.003256312179565457,0.025977143359184274,0.03324952392578129,0.02292799909114837,0.07391033545931182,2.459103
2025-11-07 20:38:35,0.051121827214956284,-0.6799101233482361,-1.4392306804656982,0.12695224583148956,-1.6673460006713867,-0.10283615440130234,-0.3037,-0.6893,-1.4425,0.1527,-1.7006,-0.0799,0.3548218272149563,0.00938987665176394,0.0032693195343016512,0.02574775416851044,0.03325399932861317,0.02293615440130234,0.07490315521657465,-4.031707
2025-11-07 20:38:35,0.0639401525259018,-0.6791527271270752,-1.4384195804595947,0.1200915202498436,-1.6625864505767822,-0.10792321711778641,-0.2972,-0.6886,-1.4416,0.1457,-1.6957,-0.0857,0.3611401525259018,0.009447272872924795,0.003180419540405266,0.0256084797501564,0.03311354942321776,0.02222321711778641,0.0757855152050654,-5.179392
2025-11-07 20:38:35,0.07654564082622528,-0.678406834602356,-1.4376276731491089,0.11328448355197906,-1.657859206199646,-0.11320586502552032,-0.2906,-0.6879,-1.4407,0.1384,-1.6909,-0.0913,0.3671456408262253,0.009493165397643999,0.003072326850891205,0.02511551644802093,0.033040793800354074,0.02190586502552032,0.07662888472477598,-13.488984
2025-11-07 20:38:35,0.08918756246566772,-0.6776686310768127,-1.4368433952331543,0.10664426535367966,-1.6531946659088135,-0.1183159351348877,-0.2839,-0.6872,-1.4398,0.1314,-1.6861,-0.0967,0.3730875624656677,0.009531368923187289,0.002956604766845672,0.024755734646320332,0.032905334091186456,0.0216159351348877,0.07747542333801587,-14.755155
2025-11-07 20:38:35,0.10704118013381958,-0.6766484975814819,-1.4357101917266846,0.09702619910240173,-1.6468555927276611,-0.12570013105869293,-0.2772,-0.6864,-1.439,0.1246,-1.6813,-0.1019,0.3842411801338196,0.009751502418518077,0.0032898082733154865,0.02757380089759827,0.034444407272338884,0.023800131058692928,0.0805168050090472,28.713273
2025-11-07 20:38:36,0.11919030547142029,-0.6759620308876038,-1.4349278211593628,0.09047610312700272,-1.6422991752624512,-0.13065297901630402,-0.2704,-0.6857,-1.4382,0.1179,-1.6766,-0.107,0.38959030547142026,0.009737969112396216,0.00327217884063713,0.02742389687299729,0.03430082473754892,0.023652979016304018,0.08132969234188397,25.763536
2025-11-07 20:38:36,0.13103264570236206,-0.6753254532814026,-1.4341665506362915,0.0842270478606224,-1.6379079818725586,-0.13531820476055145,-0.2635,-0.6849,-1.4373,0.1087,-1.6716,-0.113,0.3945326457023621,0.009574546718597365,0.003133449363708518,0.0244729521393776,0.03369201812744138,0.02231820476055145,0.0812873028020064,19.937763
2025-11-07 20:38:36,0.14317984879016876,-0.6746121644973755,-1.433380365371704,0.07759258151054382,-1.6334218978881836,-0.14044170081615448,-0.2533,-0.6838,-1.436,0.0996,-1.6645,-0.1208,0.3964798487901688,0.009187835502624475,0.0026196346282958416,0.02200741848945617,0.031078102111816497,0.019641700816154475,0.08016909005641937,-9.935628
2025-11-07 20:38:36,0.15580259263515472,-0.6738451719284058,-1.4325942993164062,0.07098495960235596,-1.6288920640945435,-0.14534659683704376,-0.2499,-0.6834,-1.4356,0.0971,-1.6622,-0.123,0.40570259263515474,0.009554828071594246,0.003005700683593737,0.02611504039764405,0.03330793590545644,0.022346596837043764,0.08333878242174782,6.270289
2025-11-07 20:38:36,0.16864009201526642,-0.673078179359436,-1.4318022727966309,0.06396699696779251,-1.6243394613265991,-0.15075963735580444,-0.2429,-0.6827,-1.4349,0.0885,-1.6575,-0.1285,0.4115400920152664,0.009621820640563938,0.003097727203369205,0.024533003032207484,0.03316053867340085,0.02225963735580444,0.08403546982010206,6.445132
2025-11-07 20:38:36,0.18201832473278046,-0.6723130941390991,-1.4309605360031128,0.05690493434667587,-1.6193369626998901,-0.15626470744609833,-0.2359,-0.682,-1.434,0.0823,-1.6528,-0.1335,0.41791832473278046,0.00968690586090093,0.0030394639968871484,0.025395065653324125,0.03346303730010991,0.02276470744609832,0.08537791749835015,8.479075
2025-11-07 20:38:36,0.20290923118591309,-0.6710571646690369,-1.4296451807022095,0.04568194970488548,-1.6116803884506226,-0.16439864039421082,-0.2254,-0.6809,-1.4328,0.0711,-1.6458,-0.1417,0.4283092311859131,0.009842835330963084,0.003154819297790601,0.025418050295114514,0.03411961154937737,0.022698640394210823,0.0872571980088949,25.495616
2025-11-07 20:38:37,0.21558181941509247,-0.6703342795372009,-1.4288378953933716,0.03886532038450241,-1.6068885326385498,-0.16947802901268005,-0.2185,-0.6801,-1.432,0.0665,-1.6413,-0.1461,0.4340818194150925,0.00976572046279911,0.0031621046066283576,0.027634679615497593,0.034411467361450176,0.023378029012680046,0.08873897007902463,25.712448
2025-11-07 20:38:37,0.2281317114830017,-0.669611394405365,-1.4280421733856201,0.032257698476314545,-1.6022372245788574,-0.17457468807697296,-0.2115,-0.6794,-1.4312,0.0594,-1.6368,-0.1514,0.43963171148300173,0.009788605594635014,0.0031578266143799105,0.027142301523685457,0.03456277542114261,0.023174688076972955,0.08957631811896961,22.45705
2025-11-07 20:38:37,0.24153485894203186,-0.6689019203186035,-1.4271812438964844,0.0250556580722332,-1.5975878238677979,-0.18010851740837097,-0.2045,-0.6787,-1.4304,0.0527,-1.6322,-0.1564,0.4460348589420319,0.009798079681396454,0.0032187561035155188,0.027644341927766797,0.034612176132202244,0.02370851740837096,0.09083612169921397,26.760945
2025-11-07 20:38:37,0.2536168694496155,-0.6681943535804749,-1.426419973373413,0.018563084304332733,-1.5931377410888672,-0.18476031720638275,-0.1973,-0.6779,-1.4296,0.0437,-1.6275,-0.1625,0.4509168694496155,0.009705646419525094,0.003180026626586896,0.02513691569566727,0.03436225891113276,0.022260317206382746,0.09092700571815172,19.07473
2025-11-07 20:38:37,0.26623961329460144,-0.6674388647079468,-1.4256261587142944,0.011819321662187576,-1.588592767715454,-0.19010432064533234,-0.1902,-0.6771,-1.4287,0.0365,-1.6228,-0.168,0.4564396132946015,0.009661135292053258,0.0030738412857056474,0.02468067833781242,0.03420723228454592,0.022104320645332326,0.0916944701900085,15.513199
2025-11-07 20:38:37,0.2783810794353485,-0.6667178869247437,-1.424866795539856,0.005303738638758659,-1.584108591079712,-0.19489608705043793,-0.1831,-0.6764,-1.4279,0.0298,-1.6181,-0.1733,0.46148107943534855,0.009682113075256349,0.00303320446014399,0.02449626136124134,0.03399140892028818,0.021596087050437918,0.09238002571711938,7.3423
2025-11-07 20:38:37,0.290476530790329,-0.6660161018371582,-1.424107551574707,-0.0012195147573947906,-1.5795636177062988,-0.20000042021274567,-0.176,-0.6756,-1.427,0.0231,-1.6135,-0.1785,0.46647653079032897,0.009583898162841775,0.002892448425293015,0.02431951475739479,0.033936382293701106,0.021500420212745674,0.09311819910705088,-3.025681
2025-11-07 20:38:38,0.30314335227012634,-0.6652932167053223,-1.4232964515686035,-0.007953690364956856,-1.574995756149292,-0.2051718533039093,-0.1689,-0.6749,-1.4261,0.0162,-1.6087,-0.184,0.47204335227012634,0.00960678329467779,0.0028035484313964076,0.024153690364956855,0.03370424385070803,0.021171853303909305,0.09391391191929581,-2.884242
2025-11-07 20:38:38,0.3157162666320801,-0.664547324180603,-1.4224929809570312,-0.014657186344265938,-1.5702134370803833,-0.21006524562835693,-0.1617,-0.6741,-1.4253,0.0099,-1.6041,-0.1891,0.4774162666320801,0.009552675819397005,0.0028070190429687614,0.024557186344265937,0.03388656291961678,0.020965245628356943,0.09486415939778092,-4.279408
2025-11-07 20:38:38,0.3324059545993805,-0.6635808944702148,-1.4214364290237427,-0.023673158138990402,-1.564191460609436,-0.21710237860679626,-0.1546,-0.6734,-1.4245,0.0033,-1.5996,-0.1939,0.48700595459938045,0.009819105529785155,0.0030635709762574237,0.026973158138990403,0.035408539390563876,0.023202378606796276,0.0975787845402956,30.941806
2025-11-07 20:38:38,0.34498077630996704,-0.6628887057304382,-1.4206119775772095,-0.03034789301455021,-1.5596028566360474,-0.2219976931810379,-0.1474,-0.6726,-1.4237,-0.0033,-1.595,-0.199,0.492380776309967,0.009711294269561743,0.003088022422790493,0.027047893014550208,0.03539714336395261,0.022997693181037893,0.09843713709364332,31.527641
2025-11-07 20:38:38,0.35761117935180664,-0.6621830463409424,-1.4198296070098877,-0.037116583436727524,-1.5548983812332153,-0.22719022631645203,-0.1402,-0.6719,-1.4229,-0.0103,-1.5905,-0.2042,0.49781117935180663,0.00971695365905767,0.0030703929901123583,0.026816583436727524,0.03560161876678469,0.022990226316452034,0.09933449242015684,30.365529
2025-11-07 20:38:38,0.3704927861690521,-0.6614103317260742,-1.4190261363983154,-0.04397731274366379,-1.5502262115478516,-0.23241151869297028,-0.133,-0.6712,-1.4221,-0.0166,-1.586,-0.209,0.5034927861690521,0.0097896682739258,0.00307386360168449,0.027377312743663788,0.035773788452148514,0.023411518692970285,0.10048648965557418,25.001715
2025-11-07 20:38:38,0.3830733597278595,-0.6606893539428711,-1.4182323217391968,-0.05079201981425285,-1.5455330610275269,-0.2375560998916626,-0.1257,-0.6704,-1.4213,-0.0236,-1.5816,-0.2142,0.5087733597278595,0.009710646057128902,0.0030676782608032305,0.027192019814252854,0.03606693897247304,0.023356099891662596,0.10136112378736335,23.44954
2025-11-07 20:38:39,0.3952186405658722,-0.6599626541137695,-1.4174730777740479,-0.05724816396832466,-1.541327953338623,-0.24255496263504028,-0.1184,-0.6697,-1.4205,-0.0323,-1.577,-0.2201,0.5136186405658723,0.00973734588623043,0.0030269222259522444,0.02494816396832466,0.03567204666137691,0.022454962635040293,0.10157634699046614,12.958223
2025-11-07 20:38:39,0.40782222151756287,-0.6592052578926086,-1.416681170463562,-0.0640341117978096,-1.5368987321853638,-0.24739275872707367,-0.1111,-0.6689,-1.4196,-0.0395,-1.5724,-0.2256,0.5189222215175628,0.009694742107391408,0.0029188295364379613,0.0245341117978096,0.03550126781463625,0.021792758727073674,0.10222732191681862,9.879572
2025-11-07 20:38:39,0.4280707538127899,-0.6580029726028442,-1.415398359298706,-0.07481416314840317,-1.5291035175323486,-0.25617480278015137,-0.1002,-0.6678,-1.4184,-0.0487,-1.5656,-0.2331,0.5282707538127899,0.009797027397155711,0.0030016407012940505,0.026114163148403167,0.03649648246765147,0.023074802780151366,0.10445914505124095,17.460917
2025-11-07 20:38:39,0.4401508569717407,-0.6573318839073181,-1.4146064519882202,-0.08130864799022675,-1.5247901678085327,-0.26099148392677307,-0.0928,-0.6671,-1.4175,-0.0572,-1.5609,-0.2389,0.5329508569717407,0.009768116092681911,0.0028935480117797674,0.024108647990226745,0.03610983219146724,0.02209148392677307,0.10465374753077823,9.131628
2025-11-07 20:38:39,0.4522923231124878,-0.6566511392593384,-1.4138355255126953,-0.08787025511264801,-1.5202471017837524,-0.26605746150016785,-0.0855,-0.6663,-1.4167,-0.064,-1.5564,-0.244,0.5377923231124878,0.009648860740661624,0.002864474487304758,0.02387025511264801,0.036152898216247564,0.022057461500167852,0.1053977121949196,0.789944
2025-11-07 20:38:39,0.4642113447189331,-0.6559934616088867,-1.4130935668945312,-0.09410972148180008,-1.5160229206085205,-0.2706325650215149,-0.0781,-0.6655,-1.4159,-0.0704,-1.5518,-0.2491,0.5423113447189332,0.009506538391113262,0.0028064331054686864,0.023709721481800075,0.03577707939147956,0.021532565021514904,0.1059406136850516,-6.567976
2025-11-07 20:38:39,0.47749754786491394,-0.655234158039093,-1.4122459888458252,-0.10129258781671524,-1.5113375186920166,-0.2761683166027069,-0.0708,-0.6648,-1.415,-0.0767,-1.5472,-0.2545,0.5482975478649139,0.009565841960906929,0.00275401115417484,0.024592587816715236,0.03586248130798331,0.021668316602706905,0.10712346445123351,-2.096232
2025-11-07 20:38:40,0.4896754324436188,-0.6545131802558899,-1.411500096321106,-0.10781967639923096,-1.5066709518432617,-0.281257301568985,-0.0634,-0.664,-1.4142,-0.0833,-1.5427,-0.2595,0.5530754324436188,0.009486819744110142,0.0026999036788939446,0.024519676399230958,0.03602904815673824,0.021757301568984977,0.1079280303319295,-8.27708
2025-11-07 20:38:40,0.5060717463493347,-0.6534988284111023,-1.4104684591293335,-0.11655186116695404,-1.5007989406585693,-0.28777480125427246,-0.056,-0.6633,-1.4134,-0.09,-1.5382,-0.2646,0.5620717463493348,0.009801171588897706,0.0029315408706664936,0.026551861166954044,0.037401059341430676,0.02317480125427246,0.11032203009525936,28.961355
2025-11-07 20:38:40,0.5189380049705505,-0.6527222394943237,-1.4096248149871826,-0.12355448305606842,-1.4958856105804443,-0.2930804491043091,-0.0485,-0.6626,-1.4126,-0.0965,-1.5338,-0.2694,0.5674380049705505,0.009877760505676236,0.0029751850128174606,0.027054483056068418,0.037914389419555716,0.02368044910430911,0.11149004534482958,25.790567
2025-11-07 20:38:40,0.5265676379203796,-0.6506015062332153,-1.407387137413025,-0.12886205315589905,-1.4942492246627808,-0.295728474855423,-0.041,-0.6618,-1.4118,-0.1057,-1.5293,-0.2755,0.5675676379203797,0.011198493766784723,0.0044128625869750415,0.023162053155899046,0.03505077533721934,0.02022847485542295,0.11027004960378013,19.584831
2025-11-07 20:38:40,0.5319921970367432,-0.6479305028915405,-1.4043498039245605,-0.13374778628349304,-1.4944789409637451,-0.29751747846603394,-0.0335,-0.6611,-1.411,-0.1123,-1.5247,-0.2807,0.5654921970367431,0.013169497108459494,0.006650196075439485,0.021447786283493045,0.030221059036254827,0.01681747846603393,0.10896636900107066,12.359263
2025-11-07 20:38:40,0.5372940301895142,-0.6447302103042603,-1.4010287523269653,-0.13860666751861572,-1.495344638824463,-0.29885780811309814,-0.026,-0.6603,-1.4101,-0.1189,-1.5203,-0.2857,0.5632940301895142,0.015569789695739744,0.009071247673034577,0.019706667518615717,0.024955361175537094,0.013157808113098135,0.10762581739425658,7.975907
2025-11-07 20:38:40,0.5429927706718445,-0.6415529251098633,-1.397598385810852,-0.14373208582401276,-1.4960014820098877,-0.30070242285728455,-0.0186,-0.6595,-1.4093,-0.1254,-1.5159,-0.2906,0.5615927706718444,0.017947074890136694,0.011701614189147946,0.018332085824012745,0.01989851799011233,0.010102422857284521,0.1065957477370898,16.569279
2025-11-07 20:38:40,0.5484077334403992,-0.6382989883422852,-1.3942121267318726,-0.14882297813892365,-1.4966545104980469,-0.3022824227809906,-0.0111,-0.6586,-1.4075,-0.1303,-1.5118,-0.2941,0.5595077334403992,0.020301011657714807,0.013287873268127415,0.018522978138923646,0.015145489501953158,0.008182422780990628,0.10582458479801815,11.711339
2025-11-07 20:38:41,0.5532550811767578,-0.63555508852005,-1.39115571975708,-0.1533290445804596,-1.4972753524780273,-0.3035210967063904,-0.0037,-0.6574,-1.4047,-0.1355,-1.5085,-0.2963,0.5569550811767578,0.021844911479949936,0.013544280242919982,0.017829044580459585,0.011224647521972608,0.007221096706390373,0.10476984361807506,3.995308
2025-11-07 20:38:41,0.5587084293365479,-0.6322934627532959,-1.3878058195114136,-0.15836051106452942,-1.4979151487350464,-0.30519697070121765,0.0038,-0.6558,-1.4015,-0.1403,-1.5058,-0.2979,0.5549084293365478,0.02350653724670415,0.013694180488586394,0.01806051106452941,0.00788485126495364,0.007296970701217653,0.1042252466837565,-0.26254
2025-11-07 20:38:41,0.5641751289367676,-0.6291066408157349,-1.3843581676483154,-0.16353577375411987,-1.498573899269104,-0.30683642625808716,0.0113,-0.6541,-1.3982,-0.1451,-1.5037,-0.2996,0.5528751289367676,0.02499335918426515,0.01384183235168468,0.018435773754119866,0.005126100730896033,0.007236426258087181,0.10375143686930342,7.483599
2025-11-07 20:38:41,0.5698585510253906,-0.6256608963012695,-1.3808376789093018,-0.16864776611328125,-1.4992953538894653,-0.30824193358421326,0.0188,-0.6521,-1.3948,-0.1502,-1.5021,-0.3012,0.5510585510253906,0.02643910369873048,0.013962321090698282,0.01844776611328125,0.0028046461105346587,0.0070419335842132336,0.10329238693714142,12.828607
2025-11-07 20:38:41,0.576985776424408,-0.6216533780097961,-1.376396894454956,-0.17535126209259033,-1.5001933574676514,-0.31036266684532166,0.03,-0.6489,-1.39,-0.1568,-1.5004,-0.3033,0.5469857764244079,0.02724662199020389,0.013603105545043848,0.018551262092590337,0.00020664253234858876,0.007062666845321641,0.1022760125716527,-10.20435
2025-11-07 20:38:41,0.5823777318000793,-0.618399441242218,-1.3730796575546265,-0.18016795814037323,-1.5007761716842651,-0.3122187852859497,0.0375,-0.6465,-1.3867,-0.1617,-1.4996,-0.305,0.5448777318000794,0.028100558757781946,0.013620342445373579,0.01846795814037322,0.0011761716842650927,0.007218785285949714,0.10224359135230383,-14.542781
2025-11-07 20:38:41,0.5875951647758484,-0.6153793931007385,-1.3697067499160767,-0.18508628010749817,-1.501378059387207,-0.313440203666687,0.0451,-0.6441,-1.3831,-0.1668,-1.4991,-0.3065,0.5424951647758484,0.02872060689926148,0.013393250083923336,0.018286280107498165,0.002278059387206932,0.006940203666687017,0.10201892748673753,-12.219667
2025-11-07 20:38:42,0.5947703719139099,-0.6113066673278809,-1.3653042316436768,-0.19165939092636108,-1.502207636833191,-0.31543439626693726,0.0526,-0.6417,-1.3797,-0.1717,-1.4987,-0.3079,0.5421703719139099,0.03039333267211919,0.014395768356323169,0.019959390926361092,0.003507636833190997,0.007534396266937249,0.10299348282814029,32.394151
2025-11-07 20:38:42,0.6001853346824646,-0.6080201268196106,-1.3619639873504639,-0.1967100203037262,-1.5028644800186157,-0.3173576295375824,0.0602,-0.6392,-1.3761,-0.1769,-1.4984,-0.3096,0.5399853346824646,0.031179873180389395,0.014136012649536234,0.019810020303726195,0.0044644800186157685,0.007757629537582411,0.10288889172871908,33.264729
2025-11-07 20:38:42,0.6055619120597839,-0.6049885749816895,-1.3586832284927368,-0.20159383118152618,-1.5035251379013062,-0.3185521960258484,0.0678,-0.6368,-1.3726,-0.1819,-1.4983,-0.3113,0.537761912059784,0.03181142501831058,0.013916771507263226,0.019693831181526178,0.005225137901306187,0.0072521960258483675,0.10261021228233974,30.059787
2025-11-07 20:38:42,0.6108062267303467,-0.6018784642219543,-1.3553909063339233,-0.2063932865858078,-1.5042067766189575,-0.319804310798645,0.0755,-0.6344,-1.3687,-0.1883,-1.4982,-0.3129,0.5353062267303467,0.03252153577804562,0.013309093666076688,0.018093286585807805,0.006006776618957543,0.006904310798645008,0.10202353836297988,24.801574
2025-11-07 20:38:42,0.6158472895622253,-0.598992645740509,-1.352250099182129,-0.21121381223201752,-1.5048750638961792,-0.32154539227485657,0.0832,-0.632,-1.3652,-0.1931,-1.4984,-0.3145,0.5326472895622254,0.03300735425949097,0.012949900817871063,0.018113812232017523,0.006475063896179245,0.007045392274856566,0.10170646884044014,16.315095
2025-11-07 20:38:42,0.6209554076194763,-0.5959821939468384,-1.349055528640747,-0.21586178243160248,-1.5054938793182373,-0.32317331433296204,0.0908,-0.6296,-1.3618,-0.1983,-1.4985,-0.3162,0.5301554076194763,0.03361780605316167,0.01274447135925283,0.017561782431602474,0.0069938793182373615,0.006973314332962055,0.10134111018578211,7.816804
2025-11-07 20:38:42,0.6261498928070068,-0.5928356647491455,-1.3457920551300049,-0.22073984146118164,-1.5060710906982422,-0.3244580328464508,0.0985,-0.6271,-1.3585,-0.203,-1.4988,-0.3176,0.5276498928070068,0.03426433525085448,0.012707944869995158,0.017739841461181627,0.007271090698242277,0.006858032846450812,0.10108185632228851,9.303034
2025-11-07 20:38:43,0.6318639516830444,-0.5895299315452576,-1.3422523736953735,-0.2259361892938614,-1.5067051649093628,-0.3261166512966156,0.1062,-0.6247,-1.3552,-0.2078,-1.4992,-0.3189,0.5256639516830445,0.035170068454742465,0.012947626304626425,0.018136189293861377,0.007505164909362705,0.007216651296615584,0.10110660865704217,15.991218
2025-11-07 20:38:43,0.6369759440422058,-0.5866191983222961,-1.3390769958496094,-0.23058608174324036,-1.5072956085205078,-0.32776951789855957,0.1139,-0.6223,-1.3519,-0.2126,-1.4996,-0.3206,0.5230759440422058,0.03568080167770382,0.012823004150390727,0.017986081743240345,0.0076956085205077684,0.007169517898559574,0.10073849300543468,4.067766
2025-11-07 20:38:43,0.6422393918037415,-0.5835723280906677,-1.3357962369918823,-0.2355484962463379,-1.5078973770141602,-0.32912901043891907,0.1216,-0.6199,-1.3487,-0.2174,-1.5,-0.3222,0.5206393918037414,0.03632767190933228,0.012903763008117686,0.01814849624633788,0.007897377014160156,0.006929010438919081,0.10047428507010141,2.302404
2025-11-07 20:38:43,0.6475124359130859,-0.5805043578147888,-1.3325096368789673,-0.24033260345458984,-1.508523941040039,-0.33046165108680725,0.1294,-0.6175,-1.3453,-0.2225,-1.5004,-0.3236,0.518112435913086,0.03699564218521123,0.012790363121032655,0.01783260345458984,0.008123941040039107,0.006861651086807252,0.10011943946679434,-1.485368
2025-11-07 20:38:43,0.6524902582168579,-0.5774286985397339,-1.3293612003326416,-0.24506302177906036,-1.509190320968628,-0.33212026953697205,0.1372,-0.6151,-1.3416,-0.2273,-1.5009,-0.3253,0.5152902582168579,0.03767130146026609,0.012238799667358302,0.01776302177906036,0.008290320968628029,0.006820269536972068,0.0996789952715238,-6.186199
2025-11-07 20:38:43,0.6577939987182617,-0.5743454098701477,-1.326122522354126,-0.249958336353302,-1.509928822517395,-0.3336254954338074,0.145,-0.6127,-1.3383,-0.232,-1.5014,-0.327,0.5127939987182617,0.03835459012985232,0.012177477645874069,0.01795833635330199,0.008528822517394952,0.00662549543380736,0.09940645346641541,-8.645201
2025-11-07 20:38:43,0.666986346244812,-0.5690531730651855,-1.3204411268234253,-0.25833961367607117,-1.5109957456588745,-0.33612969517707825,0.1567,-0.6091,-1.3331,-0.2403,-1.5022,-0.3292,0.510286346244812,0.04004682693481443,0.012658873176574659,0.018039613676071153,0.008795745658874532,0.0069296951770782544,0.09945951681137084,17.328565
2025-11-07 20:38:44,0.6722478866577148,-0.5660504102706909,-1.3171583414077759,-0.26322343945503235,-1.5115729570388794,-0.3378707766532898,0.1646,-0.6067,-1.3299,-0.245,-1.5027,-0.3307,0.5076478866577149,0.0406495897293091,0.012741658592224203,0.018223439455032353,0.00887295703887947,0.007170776653289801,0.09921771802107497,16.053447
2025-11-07 20:38:44,0.6772812604904175,-0.5629057288169861,-1.3140040636062622,-0.26792317628860474,-1.512157678604126,-0.3391880691051483,0.1724,-0.6043,-1.3266,-0.2499,-1.5033,-0.3323,0.5048812604904175,0.041394271183013864,0.012595936393737794,0.018023176288604725,0.008857678604125896,0.006888069105148331,0.098773398677508,3.197599
2025-11-07 20:38:44,0.6825926899909973,-0.5600506067276001,-1.3106964826583862,-0.27281081676483154,-1.512748122215271,-0.34055715799331665,0.1803,-0.6018,-1.3233,-0.2549,-1.5039,-0.3337,0.5022926899909973,0.041749393272399904,0.01260351734161369,0.017910816764831528,0.008848122215270982,0.006857157993316654,0.09837694959640501,3.707419
2025-11-07 20:38:44,0.6881418824195862,-0.5565282106399536,-1.3071452379226685,-0.27793046832084656,-1.5133954286575317,-0.3424305319786072,0.1882,-0.5994,-1.32,-0.2598,-1.5045,-0.3352,0.49994188241958615,0.04287178936004643,0.012854762077331605,0.018130468320846582,0.00889542865753179,0.00723053197860718,0.09832081046899162,7.453111
2025-11-07 20:38:44,0.6933555006980896,-0.5537248849868774,-1.303979516029358,-0.28265896439552307,-1.514008641242981,-0.34392231702804565,0.1961,-0.597,-1.3167,-0.2646,-1.5051,-0.3369,0.4972555006980896,0.043275115013122534,0.012720483970642071,0.01805896439552307,0.008908641242980853,0.007022317028045677,0.09787350372473398,-0.212545
