Timestamp,Real_J1,Real_J2,Real_J3,Real_J4,Real_J5,Real_J6,Sim_J1,Sim_J2,Sim_J3,Sim_J4,Sim_J5,Sim_J6,RMSE_per_joint,Avg_RMSE,TimeDelay_ms
2025-11-07 20:33:58,0.0,0.0,0.0,0.0,0.0,0.0,0.0,0.0,0.0,0.0,0.0,0.0,0.0,0.0,0.0,0.0,0.0,0.0,0.0,0.0
2025-11-07 20:33:58,1.0856575965881348,0.7146874070167542,-2.260432004928589,-0.608670175075531,2.3192427158355713,0.49388810992240906,1.0857,0.7194,-2.2596,-0.6087,2.3196,0.4939,4.24034118653438e-05,0.004712592983245889,0.0008320049285890363,2.982492446901297e-05,0.0003572841644285951,1.1890077590948067e-05,0.0009976667483648043,-5.027072
2025-11-07 20:33:59,1.0856575965881348,0.7146874070167542,-2.260432004928589,-0.6086720824241638,2.3192427158355713,0.49388810992240906,1.0857,0.7194,-2.2596,-0.6087,2.3196,0.4939,4.24034118653438e-05,0.004712592983245889,0.0008320049285890363,2.791757583620047e-05,0.0003572841644285951,1.1890077590948067e-05,0.000997348856926002,-32.58814
2025-11-07 20:33:59,1.0856575965881348,0.7146874070167542,-2.260432004928589,-0.6086720824241638,2.3192427158355713,0.49388810992240906,1.0857,0.7194,-2.2596,-0.6087,2.3196,0.4939,4.24034118653438e-05,0.004712592983245889,0.0008320049285890363,2.791757583620047e-05,0.0003572841644285951,1.1890077590948067e-05,0.000997348856926002,17.63027
2025-11-07 20:33:59,1.0856575965881348,0.7146874070167542,-2.260432004928589,-0.6086720824241638,2.3192427158355713,0.49388810992240906,1.0857,0.7194,-2.2596,-0.6087,2.3196,0.4939,4.24034118653438e-05,0.004712592983245889,0.0008320049285890363,2.791757583620047e-05,0.0003572841644285951,1.1890077590948067e-05,0.000997348856926002,32.080524
2025-11-07 20:33:59,1.0856575965881348,0.7146874070167542,-2.260432004928589,-0.6086720824241638,2.3192427158355713,0.49388810992240906,1.0857,0.7194,-2.2596,-0.6087,2.3196,0.4939,4.24034118653438e-05,0.004712592983245889,0.0008320049285890363,2.791757583620047e-05,0.0003572841644285951,1.1890077590948067e-05,0.000997348856926002,5.168161
2025-11-07 20:33:59,1.0856575965881348,0.7146874070167542,-2.260432004928589,-0.6086720824241638,2.3192427158355713,0.49388810992240906,1.0857,0.7194,-2.2596,-0.6087,2.3196,0.4939,4.24034118653438e-05,0.004712592983245889,0.0008320049285890363,2.791757583620047e-05,0.0003572841644285951,1.1890077590948067e-05,0.000997348856926002,31.468269
2025-11-07 20:33:59,1.0856575965881348,0.7146874070167542,-2.260432004928589,-0.6086720824241638,2.3192427158355713,0.49388810992240906,1.0857,0.7194,-2.2596,-0.6087,2.3196,0.4939,4.24034118653438e-05,0.004712592983245889,0.0008320049285890363,2.791757583620047e-05,0.0003572841644285951,1.1890077590948067e-05,0.000997348856926002,31.210748
2025-11-07 20:34:00,1.0856575965881348,0.7146874070167542,-2.260432004928589,-0.6086720824241638,2.3192427158355713,0.49388810992240906,1.0857,0.7194,-2.2596,-0.6087,2.3196,0.4939,4.24034118653438e-05,0.004712592983245889,0.0008320049285890363,2.791757583620047e-05,0.0003572841644285951,1.1890077590948067e-05,0.000997348856926002,23.045952
2025-11-07 20:34:00,1.0856575965881348,0.7146874070167542,-2.260432004928589,-0.6086720824241638,2.3192427158355713,0.49388810992240906,1.0857,0.7194,-2.2596,-0.6087,2.3196,0.4939,4.24034118653438e-05,0.004712592983245889,0.0008320049285890363,2.791757583620047e-05,0.0003572841644285951,1.1890077590948067e-05,0.000997348856926002,19.969874
2025-11-07 20:34:00,1.0856575965881348,0.7146874070167542,-2.260432004928589,-0.6086720824241638,2.3192427158355713,0.49388810992240906,1.0857,0.7194,-2.2596,-0.6087,2.3196,0.4939,4.24034118653438e-05,0.004712592983245889,0.0008320049285890363,2.791757583620047e-05,0.0003572841644285951,1.1890077590948067e-05,0.000997348856926002,25.781711
2025-11-07 20:34:00,1.0856575965881348,0.7146874070167542,-2.260432004928589,-0.6086720824241638,2.3192427158355713,0.49388810992240906,1.0857,0.7194,-2.2596,-0.6087,2.3196,0.4939,4.24034118653438e-05,0.004712592983245889,0.0008320049285890363,2.791757583620047e-05,0.0003572841644285951,1.1890077590948067e-05,0.000997348856926002,29.273229
2025-11-07 20:34:00,1.0856575965881348,0.7146874070167542,-2.260432004928589,-0.6086720824241638,2.3192427158355713,0.49388810992240906,1.0857,0.7194,-2.2596,-0.6087,2.3196,0.4939,4.24034118653438e-05,0.004712592983245889,0.0008320049285890363,2.791757583620047e-05,0.0003572841644285951,1.1890077590948067e-05,0.000997348856926002,6.703154
2025-11-07 20:34:00,1.0856575965881348,0.7146874070167542,-2.260432004928589,-0.6086720824241638,2.3192427158355713,0.49388810992240906,1.0857,0.7194,-2.2596,-0.6087,2.3196,0.4939,4.24034118653438e-05,0.004712592983245889,0.0008320049285890363,2.791757583620047e-05,0.0003572841644285951,1.1890077590948067e-05,0.000997348856926002,16.662948
2025-11-07 20:34:00,1.0856575965881348,0.7146874070167542,-2.260432004928589,-0.6086720824241638,2.3192427158355713,0.49388810992240906,1.0857,0.7194,-2.2596,-0.6087,2.3196,0.4939,4.24034118653438e-05,0.004712592983245889,0.0008320049285890363,2.791757583620047e-05,0.0003572841644285951,1.1890077590948067e-05,0.000997348856926002,2.422162
2025-11-07 20:34:00,1.0856575965881348,0.7146874070167542,-2.260432004928589,-0.6086720824241638,2.3192427158355713,0.49388810992240906,1.0857,0.7194,-2.2596,-0.6087,2.3196,0.4939,4.24034118653438e-05,0.004712592983245889,0.0008320049285890363,2.791757583620047e-05,0.0003572841644285951,1.1890077590948067e-05,0.000997348856926002,3.490506
2025-11-07 20:34:01,1.0856575965881348,0.7146874070167542,-2.260432004928589,-0.6086720824241638,2.3192427158355713,0.49388810992240906,1.0857,0.7194,-2.2596,-0.6087,2.3196,0.4939,4.24034118653438e-05,0.004712592983245889,0.0008320049285890363,2.791757583620047e-05,0.0003572841644285951,1.1890077590948067e-05,0.000997348856926002,-7.020959
2025-11-07 20:34:01,1.0856575965881348,0.7146874070167542,-2.260432004928589,-0.6086720824241638,2.3192427158355713,0.49388810992240906,1.0857,0.7194,-2.2596,-0.6087,2.3196,0.4939,4.24034118653438e-05,0.004712592983245889,0.0008320049285890363,2.791757583620047e-05,0.0003572841644285951,1.1890077590948067e-05,0.000997348856926002,31.327771
2025-11-07 20:34:01,1.0856575965881348,0.7146874070167542,-2.260432004928589,-0.6086720824241638,2.3192427158355713,0.49388810992240906,1.0857,0.7194,-2.2596,-0.6087,2.3196,0.4939,4.24034118653438e-05,0.004712592983245889,0.0008320049285890363,2.791757583620047e-05,0.0003572841644285951,1.1890077590948067e-05,0.000997348856926002,25.481929
2025-11-07 20:34:01,1.0856575965881348,0.7146874070167542,-2.260432004928589,-0.6086720824241638,2.3192427158355713,0.49388810992240906,1.0857,0.7194,-2.2596,-0.6087,2.3196,0.4939,4.24034118653438e-05,0.004712592983245889,0.0008320049285890363,2.791757583620047e-05,0.0003572841644285951,1.1890077590948067e-05,0.000997348856926002,-3.285205
2025-11-07 20:34:01,1.0856575965881348,0.7146874070167542,-2.260432004928589,-0.6086720824241638,2.3192427158355713,0.49388810992240906,1.0857,0.7194,-2.2596,-0.6087,2.3196,0.4939,4.24034118653438e-05,0.004712592983245889,0.0008320049285890363,2.791757583620047e-05,0.0003572841644285951,1.1890077590948067e-05,0.000997348856926002,5.999914
2025-11-07 20:34:01,1.0856575965881348,0.7146874070167542,-2.260432004928589,-0.6086720824241638,2.3192427158355713,0.49388810992240906,1.0857,0.7194,-2.2596,-0.6087,2.3196,0.4939,4.24034118653438e-05,0.004712592983245889,0.0008320049285890363,2.791757583620047e-05,0.0003572841644285951,1.1890077590948067e-05,0.000997348856926002,-0.804511
2025-11-07 20:34:01,1.0856575965881348,0.7146874070167542,-2.260432004928589,-0.6086720824241638,2.3192427158355713,0.49388810992240906,1.0857,0.7194,-2.2596,-0.6087,2.3196,0.4939,4.24034118653438e-05,0.004712592983245889,0.0008320049285890363,2.791757583620047e-05,0.0003572841644285951,1.1890077590948067e-05,0.000997348856926002,-7.647541
2025-11-07 20:34:02,1.0856575965881348,0.7146874070167542,-2.260432004928589,-0.6086720824241638,2.3192427158355713,0.49388810992240906,1.0857,0.7194,-2.2596,-0.6087,2.3196,0.4939,4.24034118653438e-05,0.004712592983245889,0.0008320049285890363,2.791757583620047e-05,0.0003572841644285951,1.1890077590948067e-05,0.000997348856926002,5.806246
2025-11-07 20:34:02,1.0856575965881348,0.7146874070167542,-2.260432004928589,-0.6086720824241638,2.3192427158355713,0.49388810992240906,1.0857,0.7194,-2.2596,-0.6087,2.3196,0.4939,4.24034118653438e-05,0.004712592983245889,0.0008320049285890363,2.791757583620047e-05,0.0003572841644285951,1.1890077590948067e-05,0.000997348856926002,4.74201
2025-11-07 20:34:02,1.0856575965881348,0.7146874070167542,-2.260432004928589,-0.6086720824241638,2.3192427158355713,0.49388810992240906,1.0857,0.7194,-2.2596,-0.6087,2.3196,0.4939,4.24034118653438e-05,0.004712592983245889,0.0008320049285890363,2.791757583620047e-05,0.0003572841644285951,1.1890077590948067e-05,0.000997348856926002,2.092214
2025-11-07 20:34:02,1.0856575965881348,0.7146874070167542,-2.260432004928589,-0.6086720824241638,2.3192427158355713,0.49388810992240906,1.0857,0.7194,-2.2596,-0.6087,2.3196,0.4939,4.24034118653438e-05,0.004712592983245889,0.0008320049285890363,2.791757583620047e-05,0.0003572841644285951,1.1890077590948067e-05,0.000997348856926002,6.923894
2025-11-07 20:34:02,1.0856575965881348,0.7146874070167542,-2.260432004928589,-0.6086720824241638,2.3192427158355713,0.49388810992240906,1.0857,0.7194,-2.2596,-0.6087,2.3196,0.4939,4.24034118653438e-05,0.004712592983245889,0.0008320049285890363,2.791757583620047e-05,0.0003572841644285951,1.1890077590948067e-05,0.000997348856926002,3.170637
2025-11-07 20:34:02,1.0856575965881348,0.7146874070167542,-2.260432004928589,-0.6086720824241638,2.3192427158355713,0.49388810992240906,1.0857,0.7194,-2.2596,-0.6087,2.3196,0.4939,4.24034118653438e-05,0.004712592983245889,0.0008320049285890363,2.791757583620047e-05,0.0003572841644285951,1.1890077590948067e-05,0.000997348856926002,10.674626
2025-11-07 20:34:02,1.0856575965881348,0.7146874070167542,-2.260432004928589,-0.6086720824241638,2.3192427158355713,0.49388810992240906,1.0857,0.7194,-2.2596,-0.6087,2.3196,0.4939,4.24034118653438e-05,0.004712592983245889,0.0008320049285890363,2.791757583620047e-05,0.0003572841644285951,1.1890077590948067e-05,0.000997348856926002,6.839714
2025-11-07 20:34:03,1.085655689239502,0.7146874070167542,-2.260432004928589,-0.6086720824241638,2.3192427158355713,0.49388810992240906,1.0857,0.7194,-2.2596,-0.6087,2.3196,0.4939,4.43107604981563e-05,0.004712592983245889,0.0008320049285890363,2.791757583620047e-05,0.0003572841644285951,1.1890077590948067e-05,0.0009976667483648043,14.438102
2025-11-07 20:34:03,1.085655689239502,0.7146874070167542,-2.260432004928589,-0.6086720824241638,2.3192427158355713,0.49388810992240906,1.0857,0.7194,-2.2596,-0.6087,2.3196,0.4939,4.43107604981563e-05,0.004712592983245889,0.0008320049285890363,2.791757583620047e-05,0.0003572841644285951,1.1890077590948067e-05,0.0009976667483648043,8.410494
2025-11-07 20:34:03,1.0856537818908691,0.7146874070167542,-2.260432004928589,-0.6086720824241638,2.3192427158355713,0.49388810992240906,1.0857,0.7194,-2.2596,-0.6087,2.3196,0.4939,4.62181091309688e-05,0.004712592983245889,0.0008320049285890363,2.791757583620047e-05,0.0003572841644285951,1.1890077590948067e-05,0.0009979846398036063,-27.007936
2025-11-07 20:34:03,1.0856537818908691,0.7146874070167542,-2.260432004928589,-0.6086720824241638,2.3192427158355713,0.49388810992240906,1.0857,0.7194,-2.2596,-0.6087,2.3196,0.4939,4.62181091309688e-05,0.004712592983245889,0.0008320049285890363,2.791757583620047e-05,0.0003572841644285951,1.1890077590948067e-05,0.0009979846398036063,8.379405
2025-11-07 20:34:03,1.0856537818908691,0.7146874070167542,-2.260432004928589,-0.6086720824241638,2.3192427158355713,0.49388810992240906,1.0857,0.7194,-2.2596,-0.6087,2.3196,0.4939,4.62181091309688e-05,0.004712592983245889,0.0008320049285890363,2.791757583620047e-05,0.0003572841644285951,1.1890077590948067e-05,0.0009979846398036063,7.032631
2025-11-07 20:34:03,1.0856537818908691,0.7146874070167542,-2.260432004928589,-0.6086720824241638,2.3192427158355713,0.49388810992240906,1.0857,0.7194,-2.2596,-0.6087,2.3196,0.4939,4.62181091309688e-05,0.004712592983245889,0.0008320049285890363,2.791757583620047e-05,0.0003572841644285951,1.1890077590948067e-05,0.0009979846398036063,-21.651326
2025-11-07 20:34:03,1.0856537818908691,0.7146874070167542,-2.260432004928589,-0.6086720824241638,2.3192427158355713,0.49388810992240906,1.0857,0.7194,-2.2596,-0.6087,2.3196,0.4939,4.62181091309688e-05,0.004712592983245889,0.0008320049285890363,2.791757583620047e-05,0.0003572841644285951,1.1890077590948067e-05,0.0009979846398036063,-6.408692
2025-11-07 20:34:04,1.0856537818908691,0.7146874070167542,-2.260432004928589,-0.6086720824241638,2.3192427158355713,0.49388810992240906,1.0857,0.7194,-2.2596,-0.6087,2.3196,0.4939,4.62181091309688e-05,0.004712592983245889,0.0008320049285890363,2.791757583620047e-05,0.0003572841644285951,1.1890077590948067e-05,0.0009979846398036063,-30.810345
2025-11-07 20:34:04,1.0856537818908691,0.7146874070167542,-2.260432004928589,-0.6086720824241638,2.3192427158355713,0.49388810992240906,1.0857,0.7194,-2.2596,-0.6087,2.3196,0.4939,4.62181091309688e-05,0.004712592983245889,0.0008320049285890363,2.791757583620047e-05,0.0003572841644285951,1.1890077590948067e-05,0.0009979846398036063,31.822113
2025-11-07 20:34:04,1.0856537818908691,0.7146874070167542,-2.260432004928589,-0.6086720824241638,2.3192427158355713,0.49388810992240906,1.0857,0.7194,-2.2596,-0.6087,2.3196,0.4939,4.62181091309688e-05,0.004712592983245889,0.0008320049285890363,2.791757583620047e-05,0.0003572841644285951,1.1890077590948067e-05,0.0009979846398036063,6.454079
2025-11-07 20:34:04,1.0856537818908691,0.7146874070167542,-2.260432004928589,-0.6086720824241638,2.3192427158355713,0.49388810992240906,1.0857,0.7194,-2.2596,-0.6087,2.3196,0.4939,4.62181091309688e-05,0.004712592983245889,0.0008320049285890363,2.791757583620047e-05,0.0003572841644285951,1.1890077590948067e-05,0.0009979846398036063,27.912478
2025-11-07 20:34:04,1.0856537818908691,0.7146874070167542,-2.260432004928589,-0.6086720824241638,2.3192427158355713,0.49388810992240906,1.0857,0.7194,-2.2596,-0.6087,2.3196,0.4939,4.62181091309688e-05,0.004712592983245889,0.0008320049285890363,2.791757583620047e-05,0.0003572841644285951,1.1890077590948067e-05,0.0009979846398036063,23.183172
2025-11-07 20:34:04,1.0856537818908691,0.7146874070167542,-2.260432004928589,-0.6086720824241638,2.3192427158355713,0.49388810992240906,1.0857,0.7194,-2.2596,-0.6087,2.3196,0.4939,4.62181091309688e-05,0.004712592983245889,0.0008320049285890363,2.791757583620047e-05,0.0003572841644285951,1.1890077590948067e-05,0.0009979846398036063,8.804694
2025-11-07 20:34:05,1.0856537818908691,0.7146874070167542,-2.260432004928589,-0.6086720824241638,2.3192427158355713,0.49388810992240906,1.0857,0.7194,-2.2596,-0.6087,2.3196,0.4939,4.62181091309688e-05,0.004712592983245889,0.0008320049285890363,2.791757583620047e-05,0.0003572841644285951,1.1890077590948067e-05,0.0009979846398036063,-1.267624
2025-11-07 20:34:05,1.0856537818908691,0.7146874070167542,-2.260432004928589,-0.6086720824241638,2.3192427158355713,0.49388810992240906,1.0857,0.7194,-2.2596,-0.6087,2.3196,0.4939,4.62181091309688e-05,0.004712592983245889,0.0008320049285890363,2.791757583620047e-05,0.0003572841644285951,1.1890077590948067e-05,0.0009979846398036063,29.472868
2025-11-07 20:34:05,1.0856537818908691,0.7146874070167542,-2.260432004928589,-0.6086720824241638,2.3192427158355713,0.49388810992240906,1.0857,0.7194,-2.2596,-0.6087,2.3196,0.4939,4.62181091309688e-05,0.004712592983245889,0.0008320049285890363,2.791757583620047e-05,0.0003572841644285951,1.1890077590948067e-05,0.0009979846398036063,21.69577
2025-11-07 20:34:05,1.0856537818908691,0.7146874070167542,-2.260432004928589,-0.6086720824241638,2.3192427158355713,0.49388810992240906,1.0857,0.7194,-2.2596,-0.6087,2.3196,0.4939,4.62181091309688e-05,0.004712592983245889,0.0008320049285890363,2.791757583620047e-05,0.0003572841644285951,1.1890077590948067e-05,0.0009979846398036063,4.602194
2025-11-07 20:34:05,1.0856537818908691,0.7146874070167542,-2.260432004928589,-0.6086720824241638,2.3192427158355713,0.49388810992240906,1.0857,0.7194,-2.2596,-0.6087,2.3196,0.4939,4.62181091309688e-05,0.004712592983245889,0.0008320049285890363,2.791757583620047e-05,0.0003572841644285951,1.1890077590948067e-05,0.0009979846398036063,-8.275197
2025-11-07 20:34:05,1.0856537818908691,0.7146874070167542,-2.260432004928589,-0.6086720824241638,2.3192427158355713,0.49388810992240906,1.0857,0.7194,-2.2596,-0.6087,2.3196,0.4939,4.62181091309688e-05,0.004712592983245889,0.0008320049285890363,2.791757583620047e-05,0.0003572841644285951,1.1890077590948067e-05,0.0009979846398036063,-13.943841
2025-11-07 20:34:05,1.0856537818908691,0.7146874070167542,-2.260432004928589,-0.6086720824241638,2.3192427158355713,0.49388810992240906,1.0857,0.7194,-2.2596,-0.6087,2.3196,0.4939,4.62181091309688e-05,0.004712592983245889,0.0008320049285890363,2.791757583620047e-05,0.0003572841644285951,1.1890077590948067e-05,0.0009979846398036063,38.890772
2025-11-07 20:34:06,1.0856537818908691,0.7146874070167542,-2.260432004928589,-0.6086720824241638,2.3192427158355713,0.49388810992240906,1.0857,0.7194,-2.2596,-0.6087,2.3196,0.4939,4.62181091309688e-05,0.004712592983245889,0.0008320049285890363,2.791757583620047e-05,0.0003572841644285951,1.1890077590948067e-05,0.0009979846398036063,-9.12761
2025-11-07 20:34:06,1.0856537818908691,0.7146874070167542,-2.260432004928589,-0.6086720824241638,2.3192427158355713,0.49388810992240906,1.0857,0.7194,-2.2596,-0.6087,2.3196,0.4939,4.62181091309688e-05,0.004712592983245889,0.0008320049285890363,2.791757583620047e-05,0.0003572841644285951,1.1890077590948067e-05,0.0009979846398036063,6.210305
2025-11-07 20:34:06,1.0856537818908691,0.7146874070167542,-2.260432004928589,-0.6086720824241638,2.3192427158355713,0.49388810992240906,1.0857,0.7194,-2.2596,-0.6087,2.3196,0.4939,4.62181091309688e-05,0.004712592983245889,0.0008320049285890363,2.791757583620047e-05,0.0003572841644285951,1.1890077590948067e-05,0.0009979846398036063,27.664316
2025-11-07 20:34:06,1.0856537818908691,0.7146874070167542,-2.260432004928589,-0.6086720824241638,2.3192427158355713,0.49388810992240906,1.0857,0.7194,-2.2596,-0.6087,2.3196,0.4939,4.62181091309688e-05,0.004712592983245889,0.0008320049285890363,2.791757583620047e-05,0.0003572841644285951,1.1890077590948067e-05,0.0009979846398036063,24.577788
2025-11-07 20:34:06,1.0856537818908691,0.7146874070167542,-2.260432004928589,-0.6086720824241638,2.3192427158355713,0.49388810992240906,1.0857,0.7194,-2.2596,-0.6087,2.3196,0.4939,4.62181091309688e-05,0.004712592983245889,0.0008320049285890363,2.791757583620047e-05,0.0003572841644285951,1.1890077590948067e-05,0.0009979846398036063,21.615718
2025-11-07 20:34:06,1.0856537818908691,0.7146874070167542,-2.260432004928589,-0.6086720824241638,2.3192427158355713,0.49388810992240906,1.0857,0.7194,-2.2596,-0.6087,2.3196,0.4939,4.62181091309688e-05,0.004712592983245889,0.0008320049285890363,2.791757583620047e-05,0.0003572841644285951,1.1890077590948067e-05,0.0009979846398036063,19.203495
2025-11-07 20:34:07,1.0856537818908691,0.7146874070167542,-2.260432004928589,-0.6086720824241638,2.3192427158355713,0.49388810992240906,1.0857,0.7194,-2.2596,-0.6087,2.3196,0.4939,4.62181091309688e-05,0.004712592983245889,0.0008320049285890363,2.791757583620047e-05,0.0003572841644285951,1.1890077590948067e-05,0.0009979846398036063,-10.114979
2025-11-07 20:34:07,1.0856537818908691,0.7146874070167542,-2.260432004928589,-0.6086720824241638,2.3192427158355713,0.49388810992240906,1.0857,0.7194,-2.2596,-0.6087,2.3196,0.4939,4.62181091309688e-05,0.004712592983245889,0.0008320049285890363,2.791757583620047e-05,0.0003572841644285951,1.1890077590948067e-05,0.0009979846398036063,34.091543
2025-11-07 20:34:07,1.0856537818908691,0.7146874070167542,-2.260432004928589,-0.6086720824241638,2.3192427158355713,0.49388810992240906,1.0857,0.7194,-2.2596,-0.6087,2.3196,0.4939,4.62181091309688e-05,0.004712592983245889,0.0008320049285890363,2.791757583620047e-05,0.0003572841644285951,1.1890077590948067e-05,0.0009979846398036063,30.465408
2025-11-07 20:34:07,1.0856537818908691,0.7146874070167542,-2.260432004928589,-0.6086720824241638,2.3192427158355713,0.49388810992240906,1.0857,0.7194,-2.2596,-0.6087,2.3196,0.4939,4.62181091309688e-05,0.004712592983245889,0.0008320049285890363,2.791757583620047e-05,0.0003572841644285951,1.1890077590948067e-05,0.0009979846398036063,0.689753
2025-11-07 20:34:07,1.0856537818908691,0.7146874070167542,-2.260432004928589,-0.6086720824241638,2.3192427158355713,0.49388810992240906,1.0857,0.7194,-2.2596,-0.6087,2.3196,0.4939,4.62181091309688e-05,0.004712592983245889,0.0008320049285890363,2.791757583620047e-05,0.0003572841644285951,1.1890077590948067e-05,0.0009979846398036063,-7.648664
2025-11-07 20:34:07,1.0856537818908691,0.7146874070167542,-2.260432004928589,-0.6086720824241638,2.3192427158355713,0.49388810992240906,1.0857,0.7194,-2.2596,-0.6087,2.3196,0.4939,4.62181091309688e-05,0.004712592983245889,0.0008320049285890363,2.791757583620047e-05,0.0003572841644285951,1.1890077590948067e-05,0.0009979846398036063,36.14324
2025-11-07 20:34:07,1.0856537818908691,0.7146874070167542,-2.260432004928589,-0.6086720824241638,2.3192427158355713,0.49388810992240906,1.0857,0.7194,-2.2596,-0.6087,2.3196,0.4939,4.62181091309688e-05,0.004712592983245889,0.0008320049285890363,2.791757583620047e-05,0.0003572841644285951,1.1890077590948067e-05,0.0009979846398036063,5.921715
2025-11-07 20:34:08,1.0856537818908691,0.7146874070167542,-2.2604339122772217,-0.6086720824241638,2.3192427158355713,0.49388810992240906,1.0857,0.7194,-2.2596,-0.6087,2.3196,0.4939,4.62181091309688e-05,0.004712592983245889,0.0008339122772218488,2.791757583620047e-05,0.0003572841644285951,1.1890077590948067e-05,0.0009983025312424083,-11.00799
2025-11-07 20:34:08,1.0856537818908691,0.7146874070167542,-2.2604339122772217,-0.6086720824241638,2.3192427158355713,0.49388810992240906,1.0857,0.7194,-2.2596,-0.6087,2.3196,0.4939,4.62181091309688e-05,0.004712592983245889,0.0008339122772218488,2.791757583620047e-05,0.0003572841644285951,1.1890077590948067e-05,0.0009983025312424083,31.037758
2025-11-07 20:34:08,1.0856537818908691,0.7146874070167542,-2.2604339122772217,-0.6086720824241638,2.3192427158355713,0.49388810992240906,1.0857,0.7194,-2.2596,-0.6087,2.3196,0.4939,4.62181091309688e-05,0.004712592983245889,0.0008339122772218488,2.791757583620047e-05,0.0003572841644285951,1.1890077590948067e-05,0.0009983025312424083,15.685426
2025-11-07 20:34:08,1.0856537818908691,0.7146874070167542,-2.2604339122772217,-0.6086720824241638,2.3192427158355713,0.49388810992240906,1.0857,0.7194,-2.2596,-0.6087,2.3196,0.4939,4.62181091309688e-05,0.004712592983245889,0.0008339122772218488,2.791757583620047e-05,0.0003572841644285951,1.1890077590948067e-05,0.0009983025312424083,14.632421
2025-11-07 20:34:08,1.0856537818908691,0.7146874070167542,-2.2604339122772217,-0.6086720824241638,2.3192427158355713,0.49388810992240906,1.0857,0.7194,-2.2596,-0.6087,2.3196,0.4939,4.62181091309688e-05,0.004712592983245889,0.0008339122772218488,2.791757583620047e-05,0.0003572841644285951,1.1890077590948067e-05,0.0009983025312424083,-3.774577
2025-11-07 20:34:08,1.0856537818908691,0.7146874070167542,-2.2604339122772217,-0.6086720824241638,2.3192427158355713,0.49388810992240906,1.0857,0.7194,-2.2596,-0.6087,2.3196,0.4939,4.62181091309688e-05,0.004712592983245889,0.0008339122772218488,2.791757583620047e-05,0.0003572841644285951,1.1890077590948067e-05,0.0009983025312424083,-9.403285
2025-11-07 20:34:08,1.0856537818908691,0.7146874070167542,-2.2604339122772217,-0.6086720824241638,2.3192427158355713,0.49388810992240906,1.0857,0.7194,-2.2596,-0.6087,2.3196,0.4939,4.62181091309688e-05,0.004712592983245889,0.0008339122772218488,2.791757583620047e-05,0.0003572841644285951,1.1890077590948067e-05,0.0009983025312424083,14.741028
2025-11-07 20:34:09,1.0856537818908691,0.7146874070167542,-2.2604339122772217,-0.6086720824241638,2.3192427158355713,0.49388810992240906,1.0857,0.7194,-2.2596,-0.6087,2.3196,0.4939,4.62181091309688e-05,0.004712592983245889,0.0008339122772218488,2.791757583620047e-05,0.0003572841644285951,1.1890077590948067e-05,0.0009983025312424083,27.128896
2025-11-07 20:34:09,1.0856537818908691,0.7146874070167542,-2.2604339122772217,-0.6086720824241638,2.3192427158355713,0.49388810992240906,1.0857,0.7194,-2.2596,-0.6087,2.3196,0.4939,4.62181091309688e-05,0.004712592983245889,0.0008339122772218488,2.791757583620047e-05,0.0003572841644285951,1.1890077590948067e-05,0.0009983025312424083,25.486779
2025-11-07 20:34:09,1.0856537818908691,0.7146874070167542,-2.2604339122772217,-0.6086720824241638,2.3192427158355713,0.49388810992240906,1.0857,0.7194,-2.2596,-0.6087,2.3196,0.4939,4.62181091309688e-05,0.004712592983245889,0.0008339122772218488,2.791757583620047e-05,0.0003572841644285951,1.1890077590948067e-05,0.0009983025312424083,22.763374
2025-11-07 20:34:09,1.0856537818908691,0.7146874070167542,-2.2604339122772217,-0.6086720824241638,2.3192427158355713,0.49388810992240906,1.0857,0.7194,-2.2596,-0.6087,2.3196,0.4939,4.62181091309688e-05,0.004712592983245889,0.0008339122772218488,2.791757583620047e-05,0.0003572841644285951,1.1890077590948067e-05,0.0009983025312424083,18.369527
2025-11-07 20:34:09,1.0856537818908691,0.7146874070167542,-2.2604339122772217,-0.6086720824241638,2.3192427158355713,0.49388810992240906,1.0857,0.7194,-2.2596,-0.6087,2.3196,0.4939,4.62181091309688e-05,0.004712592983245889,0.0008339122772218488,2.791757583620047e-05,0.0003572841644285951,1.1890077590948067e-05,0.0009983025312424083,14.557308
2025-11-07 20:34:09,1.0856537818908691,0.7146874070167542,-2.2604339122772217,-0.6086720824241638,2.3192427158355713,0.49388810992240906,1.0857,0.7194,-2.2596,-0.6087,2.3196,0.4939,4.62181091309688e-05,0.004712592983245889,0.0008339122772218488,2.791757583620047e-05,0.0003572841644285951,1.1890077590948067e-05,0.0009983025312424083,11.435875
2025-11-07 20:34:09,1.0856537818908691,0.7146874070167542,-2.2604339122772217,-0.6086720824241638,2.3192427158355713,0.49388810992240906,1.0857,0.7194,-2.2596,-0.6087,2.3196,0.4939,4.62181091309688e-05,0.004712592983245889,0.0008339122772218488,2.791757583620047e-05,0.0003572841644285951,1.1890077590948067e-05,0.0009983025312424083,12.42082
2025-11-07 20:34:10,1.0856537818908691,0.7146874070167542,-2.2604339122772217,-0.6086720824241638,2.3192427158355713,0.49388810992240906,1.0857,0.7194,-2.2596,-0.6087,2.3196,0.4939,4.62181091309688e-05,0.004712592983245889,0.0008339122772218488,2.791757583620047e-05,0.0003572841644285951,1.1890077590948067e-05,0.0009983025312424083,11.093663
2025-11-07 20:34:10,1.0856537818908691,0.7146874070167542,-2.2604339122772217,-0.6086720824241638,2.3192427158355713,0.49388810992240906,1.0857,0.7194,-2.2596,-0.6087,2.3196,0.4939,4.62181091309688e-05,0.004712592983245889,0.0008339122772218488,2.791757583620047e-05,0.0003572841644285951,1.1890077590948067e-05,0.0009983025312424083,3.190615
2025-11-07 20:34:10,1.0856537818908691,0.7146874070167542,-2.2604339122772217,-0.6086720824241638,2.3192427158355713,0.49388810992240906,1.0857,0.7194,-2.2596,-0.6087,2.3196,0.4939,4.62181091309688e-05,0.004712592983245889,0.0008339122772218488,2.791757583620047e-05,0.0003572841644285951,1.1890077590948067e-05,0.0009983025312424083,-0.251699
2025-11-07 20:34:10,1.0856537818908691,0.7146874070167542,-2.2604339122772217,-0.6086720824241638,2.3192427158355713,0.49388810992240906,1.0857,0.7194,-2.2596,-0.6087,2.3196,0.4939,4.62181091309688e-05,0.004712592983245889,0.0008339122772218488,2.791757583620047e-05,0.0003572841644285951,1.1890077590948067e-05,0.0009983025312424083,-24.56836
2025-11-07 20:34:10,1.0856537818908691,0.7146874070167542,-2.2604339122772217,-0.6086720824241638,2.3192427158355713,0.49388810992240906,1.0857,0.7194,-2.2596,-0.6087,2.3196,0.4939,4.62181091309688e-05,0.004712592983245889,0.0008339122772218488,2.791757583620047e-05,0.0003572841644285951,1.1890077590948067e-05,0.0009983025312424083,19.581635
2025-11-07 20:34:10,1.0856537818908691,0.7146874070167542,-2.2604339122772217,-0.6086720824241638,2.3192427158355713,0.49388810992240906,1.0857,0.7194,-2.2596,-0.6087,2.3196,0.4939,4.62181091309688e-05,0.004712592983245889,0.0008339122772218488,2.791757583620047e-05,0.0003572841644285951,1.1890077590948067e-05,0.0009983025312424083,13.587091
2025-11-07 20:34:11,1.0856537818908691,0.7146874070167542,-2.2604339122772217,-0.6086720824241638,2.3192427158355713,0.49388810992240906,1.0857,0.7194,-2.2596,-0.6087,2.3196,0.4939,4.62181091309688e-05,0.004712592983245889,0.0008339122772218488,2.791757583620047e-05,0.0003572841644285951,1.1890077590948067e-05,0.0009983025312424083,5.280615
2025-11-07 20:34:11,1.0856537818908691,0.7146874070167542,-2.2604339122772217,-0.6086720824241638,2.3192427158355713,0.49388810992240906,1.0857,0.7194,-2.2596,-0.6087,2.3196,0.4939,4.62181091309688e-05,0.004712592983245889,0.0008339122772218488,2.791757583620047e-05,0.0003572841644285951,1.1890077590948067e-05,0.0009983025312424083,-18.637908
2025-11-07 20:34:11,1.0856537818908691,0.7146874070167542,-2.2604339122772217,-0.6086720824241638,2.3192427158355713,0.49388810992240906,1.0857,0.7194,-2.2596,-0.6087,2.3196,0.4939,4.62181091309688e-05,0.004712592983245889,0.0008339122772218488,2.791757583620047e-05,0.0003572841644285951,1.1890077590948067e-05,0.0009983025312424083,-5.434157
2025-11-07 20:34:11,1.0856537818908691,0.7146874070167542,-2.2604339122772217,-0.6086720824241638,2.3192427158355713,0.49388810992240906,1.0857,0.7194,-2.2596,-0.6087,2.3196,0.4939,4.62181091309688e-05,0.004712592983245889,0.0008339122772218488,2.791757583620047e-05,0.0003572841644285951,1.1890077590948067e-05,0.0009983025312424083,34.563722
2025-11-07 20:34:11,1.0856537818908691,0.7146874070167542,-2.2604339122772217,-0.6086720824241638,2.3192427158355713,0.49388810992240906,1.0857,0.7194,-2.2596,-0.6087,2.3196,0.4939,4.62181091309688e-05,0.004712592983245889,0.0008339122772218488,2.791757583620047e-05,0.0003572841644285951,1.1890077590948067e-05,0.0009983025312424083,27.380374
2025-11-07 20:34:11,1.0856537818908691,0.7146874070167542,-2.2604339122772217,-0.6086720824241638,2.3192427158355713,0.49388810992240906,1.0857,0.7194,-2.2596,-0.6087,2.3196,0.4939,4.62181091309688e-05,0.004712592983245889,0.0008339122772218488,2.791757583620047e-05,0.0003572841644285951,1.1890077590948067e-05,0.0009983025312424083,26.078054
2025-11-07 20:34:11,1.0856537818908691,0.7146874070167542,-2.2604339122772217,-0.6086720824241638,2.3192427158355713,0.49388810992240906,1.0857,0.7194,-2.2596,-0.6087,2.3196,0.4939,4.62181091309688e-05,0.004712592983245889,0.0008339122772218488,2.791757583620047e-05,0.0003572841644285951,1.1890077590948067e-05,0.0009983025312424083,19.704679
2025-11-07 20:34:11,1.0856537818908691,0.7146874070167542,-2.2604339122772217,-0.6086720824241638,2.3192427158355713,0.49388810992240906,1.0857,0.7194,-2.2596,-0.6087,2.3196,0.4939,4.62181091309688e-05,0.004712592983245889,0.0008339122772218488,2.791757583620047e-05,0.0003572841644285951,1.1890077590948067e-05,0.0009983025312424083,-11.150622
2025-11-07 20:34:12,1.0856537818908691,0.7146874070167542,-2.2604339122772217,-0.6086720824241638,2.3192427158355713,0.49388810992240906,1.0857,0.7194,-2.2596,-0.6087,2.3196,0.4939,4.62181091309688e-05,0.004712592983245889,0.0008339122772218488,2.791757583620047e-05,0.0003572841644285951,1.1890077590948067e-05,0.0009983025312424083,-11.551646
2025-11-07 20:34:12,1.0856537818908691,0.7146874070167542,-2.2604339122772217,-0.6086720824241638,2.3192427158355713,0.49388810992240906,1.0857,0.7194,-2.2596,-0.6087,2.3196,0.4939,4.62181091309688e-05,0.004712592983245889,0.0008339122772218488,2.791757583620047e-05,0.0003572841644285951,1.1890077590948067e-05,0.0009983025312424083,24.684842
2025-11-07 20:34:12,1.0856537818908691,0.7146874070167542,-2.2604339122772217,-0.6086720824241638,2.3192427158355713,0.49388810992240906,1.0857,0.7194,-2.2596,-0.6087,2.3196,0.4939,4.62181091309688e-05,0.004712592983245889,0.0008339122772218488,2.791757583620047e-05,0.0003572841644285951,1.1890077590948067e-05,0.0009983025312424083,29.679462
2025-11-07 20:34:12,1.0856537818908691,0.7146874070167542,-2.2604339122772217,-0.6086720824241638,2.3192427158355713,0.49388810992240906,1.0857,0.7194,-2.2596,-0.6087,2.3196,0.4939,4.62181091309688e-05,0.004712592983245889,0.0008339122772218488,2.791757583620047e-05,0.0003572841644285951,1.1890077590948067e-05,0.0009983025312424083,27.28857
2025-11-07 20:34:12,1.0856537818908691,0.7146874070167542,-2.2604339122772217,-0.6086720824241638,2.3192427158355713,0.49388810992240906,1.0857,0.7194,-2.2596,-0.6087,2.3196,0.4939,4.62181091309688e-05,0.004712592983245889,0.0008339122772218488,2.791757583620047e-05,0.0003572841644285951,1.1890077590948067e-05,0.0009983025312424083,5.684554
2025-11-07 20:34:12,1.0856537818908691,0.7146874070167542,-2.2604339122772217,-0.6086720824241638,2.3192427158355713,0.49388810992240906,1.0857,0.7194,-2.2596,-0.6087,2.3196,0.4939,4.62181091309688e-05,0.004712592983245889,0.0008339122772218488,2.791757583620047e-05,0.0003572841644285951,1.1890077590948067e-05,0.0009983025312424083,-6.490508
2025-11-07 20:34:12,1.0856537818908691,0.7146874070167542,-2.2604339122772217,-0.6086720824241638,2.3192427158355713,0.49388810992240906,1.0857,0.7194,-2.2596,-0.6087,2.3196,0.4939,4.62181091309688e-05,0.004712592983245889,0.0008339122772218488,2.791757583620047e-05,0.0003572841644285951,1.1890077590948067e-05,0.0009983025312424083,2.48955
2025-11-07 20:34:13,1.0856537818908691,0.7146874070167542,-2.2604339122772217,-0.6086720824241638,2.3192427158355713,0.49388810992240906,1.0857,0.7194,-2.2596,-0.6087,2.3196,0.4939,4.62181091309688e-05,0.004712592983245889,0.0008339122772218488,2.791757583620047e-05,0.0003572841644285951,1.1890077590948067e-05,0.0009983025312424083,-10.704663
2025-11-07 20:34:13,1.0856537818908691,0.7146874070167542,-2.2604339122772217,-0.6086720824241638,2.3192427158355713,0.49388810992240906,1.0857,0.7194,-2.2596,-0.6087,2.3196,0.4939,4.62181091309688e-05,0.004712592983245889,0.0008339122772218488,2.791757583620047e-05,0.0003572841644285951,1.1890077590948067e-05,0.0009983025312424083,-2.363591
2025-11-07 20:34:13,1.0856537818908691,0.7146874070167542,-2.2604339122772217,-0.6086720824241638,2.3192427158355713,0.49388810992240906,1.0857,0.7194,-2.2596,-0.6087,2.3196,0.4939,4.62181091309688e-05,0.004712592983245889,0.0008339122772218488,2.791757583620047e-05,0.0003572841644285951,1.1890077590948067e-05,0.0009983025312424083,3.613139
2025-11-07 20:34:13,1.0856537818908691,0.7146874070167542,-2.2604339122772217,-0.6086720824241638,2.3192427158355713,0.49388810992240906,1.0857,0.7194,-2.2596,-0.6087,2.3196,0.4939,4.62181091309688e-05,0.004712592983245889,0.0008339122772218488,2.791757583620047e-05,0.0003572841644285951,1.1890077590948067e-05,0.0009983025312424083,2.017992
2025-11-07 20:34:13,1.0856537818908691,0.7146874070167542,-2.2604339122772217,-0.6086720824241638,2.3192427158355713,0.49388810992240906,1.0857,0.7194,-2.2596,-0.6087,2.3196,0.4939,4.62181091309688e-05,0.004712592983245889,0.0008339122772218488,2.791757583620047e-05,0.0003572841644285951,1.1890077590948067e-05,0.0009983025312424083,0.652964
2025-11-07 20:34:13,1.0856537818908691,0.7146874070167542,-2.2604339122772217,-0.6086720824241638,2.3192427158355713,0.49388810992240906,1.0857,0.7194,-2.2596,-0.6087,2.3196,0.4939,4.62181091309688e-05,0.004712592983245889,0.0008339122772218488,2.791757583620047e-05,0.0003572841644285951,1.1890077590948067e-05,0.0009983025312424083,-4.30644
2025-11-07 20:34:13,1.0856537818908691,0.7146874070167542,-2.2604339122772217,-0.6086720824241638,2.3192427158355713,0.49388810992240906,1.0857,0.7194,-2.2596,-0.6087,2.3196,0.4939,4.62181091309688e-05,0.004712592983245889,0.0008339122772218488,2.791757583620047e-05,0.0003572841644285951,1.1890077590948067e-05,0.0009983025312424083,-4.927562
2025-11-07 20:34:14,1.0856537818908691,0.7146874070167542,-2.2604339122772217,-0.6086720824241638,2.3192427158355713,0.49388810992240906,1.0857,0.7194,-2.2596,-0.6087,2.3196,0.4939,4.62181091309688e-05,0.004712592983245889,0.0008339122772218488,2.791757583620047e-05,0.0003572841644285951,1.1890077590948067e-05,0.0009983025312424083,-14.251456
2025-11-07 20:34:14,1.0856537818908691,0.7146874070167542,-2.2604339122772217,-0.6086720824241638,2.3192427158355713,0.49388810992240906,1.0857,0.7194,-2.2596,-0.6087,2.3196,0.4939,4.62181091309688e-05,0.004712592983245889,0.0008339122772218488,2.791757583620047e-05,0.0003572841644285951,1.1890077590948067e-05,0.0009983025312424083,30.168193
2025-11-07 20:34:14,1.0856537818908691,0.7146874070167542,-2.2604339122772217,-0.6086720824241638,2.3192427158355713,0.49388810992240906,1.0857,0.7194,-2.2596,-0.6087,2.3196,0.4939,4.62181091309688e-05,0.004712592983245889,0.0008339122772218488,2.791757583620047e-05,0.0003572841644285951,1.1890077590948067e-05,0.0009983025312424083,8.43959
2025-11-07 20:34:14,1.0856537818908691,0.7146874070167542,-2.2604339122772217,-0.6086720824241638,2.3192427158355713,0.49388810992240906,1.0857,0.7194,-2.2596,-0.6087,2.3196,0.4939,4.62181091309688e-05,0.004712592983245889,0.0008339122772218488,2.791757583620047e-05,0.0003572841644285951,1.1890077590948067e-05,0.0009983025312424083,-6.276812
2025-11-07 20:34:14,1.0856537818908691,0.7146874070167542,-2.2604339122772217,-0.6086720824241638,2.3192427158355713,0.49388810992240906,1.0857,0.7194,-2.2596,-0.6087,2.3196,0.4939,4.62181091309688e-05,0.004712592983245889,0.0008339122772218488,2.791757583620047e-05,0.0003572841644285951,1.1890077590948067e-05,0.0009983025312424083,-12.156116
2025-11-07 20:34:14,1.0856537818908691,0.7146874070167542,-2.2604339122772217,-0.6086720824241638,2.3192427158355713,0.49388810992240906,1.0857,0.7194,-2.2596,-0.6087,2.3196,0.4939,4.62181091309688e-05,0.004712592983245889,0.0008339122772218488,2.791757583620047e-05,0.0003572841644285951,1.1890077590948067e-05,0.0009983025312424083,26.670243
2025-11-07 20:34:14,1.0856537818908691,0.7146874070167542,-2.2604339122772217,-0.6086720824241638,2.3192427158355713,0.49388810992240906,1.0857,0.7194,-2.2596,-0.6087,2.3196,0.4939,4.62181091309688e-05,0.004712592983245889,0.0008339122772218488,2.791757583620047e-05,0.0003572841644285951,1.1890077590948067e-05,0.0009983025312424083,28.685579
2025-11-07 20:34:15,1.0856537818908691,0.7146874070167542,-2.2604339122772217,-0.6086720824241638,2.3192427158355713,0.49388810992240906,1.0857,0.7194,-2.2596,-0.6087,2.3196,0.4939,4.62181091309688e-05,0.004712592983245889,0.0008339122772218488,2.791757583620047e-05,0.0003572841644285951,1.1890077590948067e-05,0.0009983025312424083,25.512127
2025-11-07 20:34:15,1.0856537818908691,0.7146874070167542,-2.2604339122772217,-0.6086720824241638,2.3192427158355713,0.49388810992240906,1.0857,0.7194,-2.2596,-0.6087,2.3196,0.4939,4.62181091309688e-05,0.004712592983245889,0.0008339122772218488,2.791757583620047e-05,0.0003572841644285951,1.1890077590948067e-05,0.0009983025312424083,24.431329
2025-11-07 20:34:15,1.0856537818908691,0.7146874070167542,-2.2604339122772217,-0.6086720824241638,2.3192427158355713,0.49388810992240906,1.0857,0.7194,-2.2596,-0.6087,2.3196,0.4939,4.62181091309688e-05,0.004712592983245889,0.0008339122772218488,2.791757583620047e-05,0.0003572841644285951,1.1890077590948067e-05,0.0009983025312424083,20.888804
2025-11-07 20:34:15,1.0856537818908691,0.7146874070167542,-2.2604339122772217,-0.6086720824241638,2.3192427158355713,0.49388810992240906,1.0857,0.7194,-2.2596,-0.6087,2.3196,0.4939,4.62181091309688e-05,0.004712592983245889,0.0008339122772218488,2.791757583620047e-05,0.0003572841644285951,1.1890077590948067e-05,0.0009983025312424083,14.922914
2025-11-07 20:34:15,1.0856537818908691,0.7146874070167542,-2.2604339122772217,-0.6086720824241638,2.3192427158355713,0.49388810992240906,1.0857,0.7194,-2.2596,-0.6087,2.3196,0.4939,4.62181091309688e-05,0.004712592983245889,0.0008339122772218488,2.791757583620047e-05,0.0003572841644285951,1.1890077590948067e-05,0.0009983025312424083,14.496823
2025-11-07 20:34:15,1.0856537818908691,0.7146874070167542,-2.2604339122772217,-0.6086720824241638,2.3192427158355713,0.49388810992240906,1.0857,0.7194,-2.2596,-0.6087,2.3196,0.4939,4.62181091309688e-05,0.004712592983245889,0.0008339122772218488,2.791757583620047e-05,0.0003572841644285951,1.1890077590948067e-05,0.0009983025312424083,10.431713
2025-11-07 20:34:15,1.0856537818908691,0.7146874070167542,-2.2604339122772217,-0.6086720824241638,2.3192427158355713,0.49388810992240906,1.0857,0.7194,-2.2596,-0.6087,2.3196,0.4939,4.62181091309688e-05,0.004712592983245889,0.0008339122772218488,2.791757583620047e-05,0.0003572841644285951,1.1890077590948067e-05,0.0009983025312424083,15.220491
2025-11-07 20:34:16,1.0856537818908691,0.7146874070167542,-2.2604339122772217,-0.6086720824241638,2.3192427158355713,0.49388810992240906,1.0857,0.7194,-2.2596,-0.6087,2.3196,0.4939,4.62181091309688e-05,0.004712592983245889,0.0008339122772218488,2.791757583620047e-05,0.0003572841644285951,1.1890077590948067e-05,0.0009983025312424083,12.327984
2025-11-07 20:34:16,1.0856537818908691,0.7146874070167542,-2.2604339122772217,-0.6086720824241638,2.3192427158355713,0.49388810992240906,1.0857,0.7194,-2.2596,-0.6087,2.3196,0.4939,4.62181091309688e-05,0.004712592983245889,0.0008339122772218488,2.791757583620047e-05,0.0003572841644285951,1.1890077590948067e-05,0.0009983025312424083,10.373702
2025-11-07 20:34:16,1.0856537818908691,0.7146874070167542,-2.2604339122772217,-0.6086720824241638,2.3192427158355713,0.49388810992240906,1.0857,0.7194,-2.2596,-0.6087,2.3196,0.4939,4.62181091309688e-05,0.004712592983245889,0.0008339122772218488,2.791757583620047e-05,0.0003572841644285951,1.1890077590948067e-05,0.0009983025312424083,2.462419
2025-11-07 20:34:16,1.0856537818908691,0.7146874070167542,-2.2604339122772217,-0.6086720824241638,2.3192427158355713,0.49388810992240906,1.0857,0.7194,-2.2596,-0.6087,2.3196,0.4939,4.62181091309688e-05,0.004712592983245889,0.0008339122772218488,2.791757583620047e-05,0.0003572841644285951,1.1890077590948067e-05,0.0009983025312424083,7.161847
2025-11-07 20:34:16,1.0856537818908691,0.7146874070167542,-2.2604339122772217,-0.6086720824241638,2.3192427158355713,0.49388810992240906,1.0857,0.7194,-2.2596,-0.6087,2.3196,0.4939,4.62181091309688e-05,0.004712592983245889,0.0008339122772218488,2.791757583620047e-05,0.0003572841644285951,1.1890077590948067e-05,0.0009983025312424083,11.88005
2025-11-07 20:34:16,1.0856537818908691,0.7146874070167542,-2.2604339122772217,-0.6086720824241638,2.3192427158355713,0.49388810992240906,1.0857,0.7194,-2.2596,-0.6087,2.3196,0.4939,4.62181091309688e-05,0.004712592983245889,0.0008339122772218488,2.791757583620047e-05,0.0003572841644285951,1.1890077590948067e-05,0.0009983025312424083,4.398225
2025-11-07 20:34:16,1.0856537818908691,0.7146874070167542,-2.2604339122772217,-0.6086720824241638,2.3192427158355713,0.49388810992240906,1.0857,0.7194,-2.2596,-0.6087,2.3196,0.4939,4.62181091309688e-05,0.004712592983245889,0.0008339122772218488,2.791757583620047e-05,0.0003572841644285951,1.1890077590948067e-05,0.0009983025312424083,-2.742632
2025-11-07 20:34:17,1.0856537818908691,0.7146874070167542,-2.2604339122772217,-0.6086720824241638,2.3192427158355713,0.49388810992240906,1.0857,0.7194,-2.2596,-0.6087,2.3196,0.4939,4.62181091309688e-05,0.004712592983245889,0.0008339122772218488,2.791757583620047e-05,0.0003572841644285951,1.1890077590948067e-05,0.0009983025312424083,-11.402893
2025-11-07 20:34:17,1.0856537818908691,0.7146874070167542,-2.2604339122772217,-0.6086720824241638,2.3192427158355713,0.49388810992240906,1.0857,0.7194,-2.2596,-0.6087,2.3196,0.4939,4.62181091309688e-05,0.004712592983245889,0.0008339122772218488,2.791757583620047e-05,0.0003572841644285951,1.1890077590948067e-05,0.0009983025312424083,-12.391485
2025-11-07 20:34:17,1.0856537818908691,0.7146874070167542,-2.2604339122772217,-0.6086720824241638,2.319244623184204,0.49388810992240906,1.0857,0.7194,-2.2596,-0.6087,2.3196,0.4939,4.62181091309688e-05,0.004712592983245889,0.0008339122772218488,2.791757583620047e-05,0.0003553768157957826,1.1890077590948067e-05,0.0009979846398036063,31.126968
2025-11-07 20:34:17,1.0856537818908691,0.7146874070167542,-2.2604339122772217,-0.6086720824241638,2.319244623184204,0.49388810992240906,1.0857,0.7194,-2.2596,-0.6087,2.3196,0.4939,4.62181091309688e-05,0.004712592983245889,0.0008339122772218488,2.791757583620047e-05,0.0003553768157957826,1.1890077590948067e-05,0.0009979846398036063,29.324827
2025-11-07 20:34:17,1.0856537818908691,0.7146874070167542,-2.2604339122772217,-0.6086720824241638,2.319244623184204,0.49388810992240906,1.0857,0.7194,-2.2596,-0.6087,2.3196,0.4939,4.62181091309688e-05,0.004712592983245889,0.0008339122772218488,2.791757583620047e-05,0.0003553768157957826,1.1890077590948067e-05,0.0009979846398036063,30.184143
2025-11-07 20:34:17,1.0856537818908691,0.7146874070167542,-2.2604339122772217,-0.6086720824241638,2.319244623184204,0.49388810992240906,1.0857,0.7194,-2.2596,-0.6087,2.3196,0.4939,4.62181091309688e-05,0.004712592983245889,0.0008339122772218488,2.791757583620047e-05,0.0003553768157957826,1.1890077590948067e-05,0.0009979846398036063,28.634363
2025-11-07 20:34:17,1.0856537818908691,0.7146874070167542,-2.2604339122772217,-0.6086720824241638,2.319244623184204,0.49388810992240906,1.0857,0.7194,-2.2596,-0.6087,2.3196,0.4939,4.62181091309688e-05,0.004712592983245889,0.0008339122772218488,2.791757583620047e-05,0.0003553768157957826,1.1890077590948067e-05,0.0009979846398036063,24.60479
2025-11-07 20:34:18,1.0856537818908691,0.7146874070167542,-2.2604339122772217,-0.6086720824241638,2.319244623184204,0.49388810992240906,1.0857,0.7194,-2.2596,-0.6087,2.3196,0.4939,4.62181091309688e-05,0.004712592983245889,0.0008339122772218488,2.791757583620047e-05,0.0003553768157957826,1.1890077590948067e-05,0.0009979846398036063,30.472903
2025-11-07 20:34:18,1.085655689239502,0.7146874070167542,-2.2604339122772217,-0.6086720824241638,2.319244623184204,0.49388810992240906,1.0857,0.7194,-2.2596,-0.6087,2.3196,0.4939,4.43107604981563e-05,0.004712592983245889,0.0008339122772218488,2.791757583620047e-05,0.0003553768157957826,1.1890077590948067e-05,0.0009976667483648043,27.846842
2025-11-07 20:34:18,1.085655689239502,0.7146874070167542,-2.2604339122772217,-0.6086720824241638,2.319244623184204,0.49388810992240906,1.0857,0.7194,-2.2596,-0.6087,2.3196,0.4939,4.43107604981563e-05,0.004712592983245889,0.0008339122772218488,2.791757583620047e-05,0.0003553768157957826,1.1890077590948067e-05,0.0009976667483648043,29.143923
2025-11-07 20:34:18,1.085655689239502,0.7146874070167542,-2.2604339122772217,-0.6086720824241638,2.319244623184204,0.49388810992240906,1.0857,0.7194,-2.2596,-0.6087,2.3196,0.4939,4.43107604981563e-05,0.004712592983245889,0.0008339122772218488,2.791757583620047e-05,0.0003553768157957826,1.1890077590948067e-05,0.0009976667483648043,19.667217
2025-11-07 20:34:18,1.085655689239502,0.7146874070167542,-2.2604339122772217,-0.6086720824241638,2.319244623184204,0.49388810992240906,1.0857,0.7194,-2.2596,-0.6087,2.3196,0.4939,4.43107604981563e-05,0.004712592983245889,0.0008339122772218488,2.791757583620047e-05,0.0003553768157957826,1.1890077590948067e-05,0.0009976667483648043,11.325674
2025-11-07 20:34:18,1.085655689239502,0.7146874070167542,-2.2604339122772217,-0.6086720824241638,2.319244623184204,0.49388810992240906,1.0857,0.7194,-2.2596,-0.6087,2.3196,0.4939,4.43107604981563e-05,0.004712592983245889,0.0008339122772218488,2.791757583620047e-05,0.0003553768157957826,1.1890077590948067e-05,0.0009976667483648043,3.842487
2025-11-07 20:34:18,1.085655689239502,0.7146874070167542,-2.2604339122772217,-0.6086720824241638,2.319244623184204,0.49388810992240906,1.0857,0.7194,-2.2596,-0.6087,2.3196,0.4939,4.43107604981563e-05,0.004712592983245889,0.0008339122772218488,2.791757583620047e-05,0.0003553768157957826,1.1890077590948067e-05,0.0009976667483648043,25.888895
2025-11-07 20:34:19,1.085655689239502,0.7146874070167542,-2.2604339122772217,-0.6086720824241638,2.319244623184204,0.49388810992240906,1.0857,0.7194,-2.2596,-0.6087,2.3196,0.4939,4.43107604981563e-05,0.004712592983245889,0.0008339122772218488,2.791757583620047e-05,0.0003553768157957826,1.1890077590948067e-05,0.0009976667483648043,22.328064
2025-11-07 20:34:19,1.085655689239502,0.7146874070167542,-2.2604339122772217,-0.6086720824241638,2.319244623184204,0.49388810992240906,1.0857,0.7194,-2.2596,-0.6087,2.3196,0.4939,4.43107604981563e-05,0.004712592983245889,0.0008339122772218488,2.791757583620047e-05,0.0003553768157957826,1.1890077590948067e-05,0.0009976667483648043,22.396995
2025-11-07 20:34:19,1.085655689239502,0.7146874070167542,-2.2604339122772217,-0.6086720824241638,2.319244623184204,0.49388810992240906,1.0857,0.7194,-2.2596,-0.6087,2.3196,0.4939,4.43107604981563e-05,0.004712592983245889,0.0008339122772218488,2.791757583620047e-05,0.0003553768157957826,1.1890077590948067e-05,0.0009976667483648043,17.580314
2025-11-07 20:34:19,1.085655689239502,0.7146874070167542,-2.2604339122772217,-0.6086720824241638,2.319244623184204,0.49388810992240906,1.0857,0.7194,-2.2596,-0.6087,2.3196,0.4939,4.43107604981563e-05,0.004712592983245889,0.0008339122772218488,2.791757583620047e-05,0.0003553768157957826,1.1890077590948067e-05,0.0009976667483648043,7.068349
2025-11-07 20:34:19,1.085655689239502,0.7146874070167542,-2.2604339122772217,-0.6086720824241638,2.319244623184204,0.49388810992240906,1.0857,0.7194,-2.2596,-0.6087,2.3196,0.4939,4.43107604981563e-05,0.004712592983245889,0.0008339122772218488,2.791757583620047e-05,0.0003553768157957826,1.1890077590948067e-05,0.0009976667483648043,6.294104
2025-11-07 20:34:19,1.085655689239502,0.7146874070167542,-2.2604339122772217,-0.6086720824241638,2.319244623184204,0.49388810992240906,1.0857,0.7194,-2.2596,-0.6087,2.3196,0.4939,4.43107604981563e-05,0.004712592983245889,0.0008339122772218488,2.791757583620047e-05,0.0003553768157957826,1.1890077590948067e-05,0.0009976667483648043,10.390855
2025-11-07 20:34:19,1.085655689239502,0.7146874070167542,-2.2604339122772217,-0.6086720824241638,2.319244623184204,0.49388810992240906,1.0857,0.7194,-2.2596,-0.6087,2.3196,0.4939,4.43107604981563e-05,0.004712592983245889,0.0008339122772218488,2.791757583620047e-05,0.0003553768157957826,1.1890077590948067e-05,0.0009976667483648043,9.755585
2025-11-07 20:34:19,1.085655689239502,0.7146874070167542,-2.2604339122772217,-0.6086720824241638,2.319244623184204,0.49388810992240906,1.0857,0.7194,-2.2596,-0.6087,2.3196,0.4939,4.43107604981563e-05,0.004712592983245889,0.0008339122772218488,2.791757583620047e-05,0.0003553768157957826,1.1890077590948067e-05,0.0009976667483648043,1.070538
2025-11-07 20:34:20,1.085655689239502,0.7146874070167542,-2.2604339122772217,-0.6086720824241638,2.319244623184204,0.49388810992240906,1.0857,0.7194,-2.2596,-0.6087,2.3196,0.4939,4.43107604981563e-05,0.004712592983245889,0.0008339122772218488,2.791757583620047e-05,0.0003553768157957826,1.1890077590948067e-05,0.0009976667483648043,-0.399561
2025-11-07 20:34:20,1.085655689239502,0.7146874070167542,-2.2604339122772217,-0.6086720824241638,2.319244623184204,0.49388810992240906,1.0857,0.7194,-2.2596,-0.6087,2.3196,0.4939,4.43107604981563e-05,0.004712592983245889,0.0008339122772218488,2.791757583620047e-05,0.0003553768157957826,1.1890077590948067e-05,0.0009976667483648043,-2.303356
2025-11-07 20:34:20,1.085655689239502,0.7146874070167542,-2.2604339122772217,-0.6086720824241638,2.319244623184204,0.49388810992240906,1.0857,0.7194,-2.2596,-0.6087,2.3196,0.4939,4.43107604981563e-05,0.004712592983245889,0.0008339122772218488,2.791757583620047e-05,0.0003553768157957826,1.1890077590948067e-05,0.0009976667483648043,-8.699926
2025-11-07 20:34:20,1.085655689239502,0.7146874070167542,-2.2604339122772217,-0.6086720824241638,2.319244623184204,0.49388810992240906,1.0857,0.7194,-2.2596,-0.6087,2.3196,0.4939,4.43107604981563e-05,0.004712592983245889,0.0008339122772218488,2.791757583620047e-05,0.0003553768157957826,1.1890077590948067e-05,0.0009976667483648043,-10.174513
2025-11-07 20:34:20,1.085655689239502,0.7146874070167542,-2.2604339122772217,-0.6086720824241638,2.319244623184204,0.49388810992240906,1.0857,0.7194,-2.2596,-0.6087,2.3196,0.4939,4.43107604981563e-05,0.004712592983245889,0.0008339122772218488,2.791757583620047e-05,0.0003553768157957826,1.1890077590948067e-05,0.0009976667483648043,32.485215
2025-11-07 20:34:20,1.085655689239502,0.7146874070167542,-2.2604339122772217,-0.6086720824241638,2.319244623184204,0.49388810992240906,1.0857,0.7194,-2.2596,-0.6087,2.3196,0.4939,4.43107604981563e-05,0.004712592983245889,0.0008339122772218488,2.791757583620047e-05,0.0003553768157957826,1.1890077590948067e-05,0.0009976667483648043,26.627712
2025-11-07 20:34:20,1.085655689239502,0.7146874070167542,-2.2604339122772217,-0.6086720824241638,2.319244623184204,0.49388810992240906,1.0857,0.7194,-2.2596,-0.6087,2.3196,0.4939,4.43107604981563e-05,0.004712592983245889,0.0008339122772218488,2.791757583620047e-05,0.0003553768157957826,1.1890077590948067e-05,0.0009976667483648043,27.088589
2025-11-07 20:34:21,1.085655689239502,0.7146874070167542,-2.2604339122772217,-0.6086720824241638,2.319244623184204,0.49388810992240906,1.0857,0.7194,-2.2596,-0.6087,2.3196,0.4939,4.43107604981563e-05,0.004712592983245889,0.0008339122772218488,2.791757583620047e-05,0.0003553768157957826,1.1890077590948067e-05,0.0009976667483648043,17.21564
2025-11-07 20:34:21,1.085655689239502,0.7146874070167542,-2.2604339122772217,-0.6086720824241638,2.319244623184204,0.49388810992240906,1.0857,0.7194,-2.2596,-0.6087,2.3196,0.4939,4.43107604981563e-05,0.004712592983245889,0.0008339122772218488,2.791757583620047e-05,0.0003553768157957826,1.1890077590948067e-05,0.0009976667483648043,-10.425832
2025-11-07 20:34:21,1.0856575965881348,0.7146874070167542,-2.2604339122772217,-0.6086720824241638,2.319244623184204,0.49388810992240906,1.0857,0.7194,-2.2596,-0.6087,2.3196,0.4939,4.24034118653438e-05,0.004712592983245889,0.0008339122772218488,2.791757583620047e-05,0.0003553768157957826,1.1890077590948067e-05,0.000997348856926002,31.895501
2025-11-07 20:34:21,1.0856575965881348,0.7146874070167542,-2.2604339122772217,-0.6086720824241638,2.319244623184204,0.49388810992240906,1.0857,0.7194,-2.2596,-0.6087,2.3196,0.4939,4.24034118653438e-05,0.004712592983245889,0.0008339122772218488,2.791757583620047e-05,0.0003553768157957826,1.1890077590948067e-05,0.000997348856926002,28.383405
2025-11-07 20:34:21,1.0856575965881348,0.7146874070167542,-2.2604339122772217,-0.6086720824241638,2.319244623184204,0.49388810992240906,1.0857,0.7194,-2.2596,-0.6087,2.3196,0.4939,4.24034118653438e-05,0.004712592983245889,0.0008339122772218488,2.791757583620047e-05,0.0003553768157957826,1.1890077590948067e-05,0.000997348856926002,24.289368
2025-11-07 20:34:21,1.0856575965881348,0.7146874070167542,-2.2604339122772217,-0.6086720824241638,2.319244623184204,0.49388810992240906,1.0857,0.7194,-2.2596,-0.6087,2.3196,0.4939,4.24034118653438e-05,0.004712592983245889,0.0008339122772218488,2.791757583620047e-05,0.0003553768157957826,1.1890077590948067e-05,0.000997348856926002,27.424759
2025-11-07 20:34:21,1.0856575965881348,0.7146874070167542,-2.2604339122772217,-0.6086720824241638,2.319246530532837,0.49388810992240906,1.0857,0.7194,-2.2596,-0.6087,2.3196,0.4939,4.24034118653438e-05,0.004712592983245889,0.0008339122772218488,2.791757583620047e-05,0.0003534694671629701,1.1890077590948067e-05,0.0009970309654872,-13.253886
2025-11-07 20:34:22,1.0856575965881348,0.7146874070167542,-2.2604339122772217,-0.6086720824241638,2.319246530532837,0.49388810992240906,1.0857,0.7194,-2.2596,-0.6087,2.3196,0.4939,4.24034118653438e-05,0.004712592983245889,0.0008339122772218488,2.791757583620047e-05,0.0003534694671629701,1.1890077590948067e-05,0.0009970309654872,30.357132
2025-11-07 20:34:22,1.0856575965881348,0.7146874070167542,-2.2604339122772217,-0.6086720824241638,2.319246530532837,0.49388810992240906,1.0857,0.7194,-2.2596,-0.6087,2.3196,0.4939,4.24034118653438e-05,0.004712592983245889,0.0008339122772218488,2.791757583620047e-05,0.0003534694671629701,1.1890077590948067e-05,0.0009970309654872,28.024972
2025-11-07 20:34:22,1.0856575965881348,0.7146874070167542,-2.2604339122772217,-0.6086720824241638,2.319246530532837,0.49388810992240906,1.0857,0.7194,-2.2596,-0.6087,2.3196,0.4939,4.24034118653438e-05,0.004712592983245889,0.0008339122772218488,2.791757583620047e-05,0.0003534694671629701,1.1890077590948067e-05,0.0009970309654872,26.349381
2025-11-07 20:34:22,1.0856575965881348,0.7146874070167542,-2.2604339122772217,-0.6086720824241638,2.319246530532837,0.49388810992240906,1.0857,0.7194,-2.2596,-0.6087,2.3196,0.4939,4.24034118653438e-05,0.004712592983245889,0.0008339122772218488,2.791757583620047e-05,0.0003534694671629701,1.1890077590948067e-05,0.0009970309654872,18.873436
2025-11-07 20:34:22,1.0856575965881348,0.7146874070167542,-2.2604339122772217,-0.6086720824241638,2.319246530532837,0.49388810992240906,1.0857,0.7194,-2.2596,-0.6087,2.3196,0.4939,4.24034118653438e-05,0.004712592983245889,0.0008339122772218488,2.791757583620047e-05,0.0003534694671629701,1.1890077590948067e-05,0.0009970309654872,17.751259
2025-11-07 20:34:22,1.0856575965881348,0.7146874070167542,-2.2604339122772217,-0.6086720824241638,2.319246530532837,0.49388810992240906,1.0857,0.7194,-2.2596,-0.6087,2.3196,0.4939,4.24034118653438e-05,0.004712592983245889,0.0008339122772218488,2.791757583620047e-05,0.0003534694671629701,1.1890077590948067e-05,0.0009970309654872,12.162789
2025-11-07 20:34:22,1.0856575965881348,0.7146874070167542,-2.2604339122772217,-0.6086720824241638,2.319246530532837,0.49388810992240906,1.0857,0.7194,-2.2596,-0.6087,2.3196,0.4939,4.24034118653438e-05,0.004712592983245889,0.0008339122772218488,2.791757583620047e-05,0.0003534694671629701,1.1890077590948067e-05,0.0009970309654872,14.570313
2025-11-07 20:34:23,1.0856575965881348,0.7146874070167542,-2.2604339122772217,-0.6086720824241638,2.319246530532837,0.49388810992240906,1.0857,0.7194,-2.2596,-0.6087,2.3196,0.4939,4.24034118653438e-05,0.004712592983245889,0.0008339122772218488,2.791757583620047e-05,0.0003534694671629701,1.1890077590948067e-05,0.0009970309654872,7.028713
2025-11-07 20:34:23,1.0856575965881348,0.7146874070167542,-2.2604339122772217,-0.6086720824241638,2.319246530532837,0.49388810992240906,1.0857,0.7194,-2.2596,-0.6087,2.3196,0.4939,4.24034118653438e-05,0.004712592983245889,0.0008339122772218488,2.791757583620047e-05,0.0003534694671629701,1.1890077590948067e-05,0.0009970309654872,4.380882
2025-11-07 20:34:23,1.0856575965881348,0.7146874070167542,-2.2604339122772217,-0.6086720824241638,2.319246530532837,0.49388810992240906,1.0857,0.7194,-2.2596,-0.6087,2.3196,0.4939,4.24034118653438e-05,0.004712592983245889,0.0008339122772218488,2.791757583620047e-05,0.0003534694671629701,1.1890077590948067e-05,0.0009970309654872,-5.443164
2025-11-07 20:34:23,1.0856575965881348,0.7146874070167542,-2.2604339122772217,-0.6086720824241638,2.319246530532837,0.49388810992240906,1.0857,0.7194,-2.2596,-0.6087,2.3196,0.4939,4.24034118653438e-05,0.004712592983245889,0.0008339122772218488,2.791757583620047e-05,0.0003534694671629701,1.1890077590948067e-05,0.0009970309654872,-4.607233
2025-11-07 20:34:23,1.0856575965881348,0.7146874070167542,-2.2604339122772217,-0.6086720824241638,2.319246530532837,0.49388810992240906,1.0857,0.7194,-2.2596,-0.6087,2.3196,0.4939,4.24034118653438e-05,0.004712592983245889,0.0008339122772218488,2.791757583620047e-05,0.0003534694671629701,1.1890077590948067e-05,0.0009970309654872,-6.652377
2025-11-07 20:34:23,1.0856575965881348,0.7146874070167542,-2.2604339122772217,-0.6086720824241638,2.319246530532837,0.49388810992240906,1.0857,0.7194,-2.2596,-0.6087,2.3196,0.4939,4.24034118653438e-05,0.004712592983245889,0.0008339122772218488,2.791757583620047e-05,0.0003534694671629701,1.1890077590948067e-05,0.0009970309654872,2.853674
2025-11-07 20:34:23,1.0856575965881348,0.7146874070167542,-2.2604339122772217,-0.6086720824241638,2.319246530532837,0.49388810992240906,1.0857,0.7194,-2.2596,-0.6087,2.3196,0.4939,4.24034118653438e-05,0.004712592983245889,0.0008339122772218488,2.791757583620047e-05,0.0003534694671629701,1.1890077590948067e-05,0.0009970309654872,2.920531
2025-11-07 20:34:24,1.0856575965881348,0.7146874070167542,-2.2604339122772217,-0.6086720824241638,2.319246530532837,0.49388810992240906,1.0857,0.7194,-2.2596,-0.6087,2.3196,0.4939,4.24034118653438e-05,0.004712592983245889,0.0008339122772218488,2.791757583620047e-05,0.0003534694671629701,1.1890077590948067e-05,0.0009970309654872,-6.602141
2025-11-07 20:34:24,1.0856575965881348,0.7146874070167542,-2.2604339122772217,-0.608670175075531,2.319246530532837,0.49388810992240906,1.0857,0.7194,-2.2596,-0.6087,2.3196,0.4939,4.24034118653438e-05,0.004712592983245889,0.0008339122772218488,2.982492446901297e-05,0.0003534694671629701,1.1890077590948067e-05,0.000997348856926002,28.916139
2025-11-07 20:34:24,1.0856575965881348,0.7146874070167542,-2.2604339122772217,-0.608670175075531,2.319246530532837,0.49388810992240906,1.0857,0.7194,-2.2596,-0.6087,2.3196,0.4939,4.24034118653438e-05,0.004712592983245889,0.0008339122772218488,2.982492446901297e-05,0.0003534694671629701,1.1890077590948067e-05,0.000997348856926002,30.224389
2025-11-07 20:34:24,1.0856575965881348,0.7146874070167542,-2.2604339122772217,-0.608670175075531,2.319246530532837,0.49388810992240906,1.0857,0.7194,-2.2596,-0.6087,2.3196,0.4939,4.24034118653438e-05,0.004712592983245889,0.0008339122772218488,2.982492446901297e-05,0.0003534694671629701,1.1890077590948067e-05,0.000997348856926002,157.763274
2025-11-07 20:34:24,1.0856575965881348,0.7146874070167542,-2.2604339122772217,-0.608670175075531,2.319246530532837,0.49388810992240906,1.0857,0.7194,-2.2596,-0.6087,2.3196,0.4939,4.24034118653438e-05,0.004712592983245889,0.0008339122772218488,2.982492446901297e-05,0.0003534694671629701,1.1890077590948067e-05,0.000997348856926002,290.820126
2025-11-07 20:34:24,1.0856575965881348,0.7146874070167542,-2.2604339122772217,-0.608670175075531,2.319246530532837,0.49388810992240906,1.0857,0.7194,-2.2596,-0.6087,2.3196,0.4939,4.24034118653438e-05,0.004712592983245889,0.0008339122772218488,2.982492446901297e-05,0.0003534694671629701,1.1890077590948067e-05,0.000997348856926002,379.302554
2025-11-07 20:34:24,1.0856575965881348,0.7146874070167542,-2.2604339122772217,-0.6086682081222534,2.319246530532837,0.49388810992240906,1.0857,0.7194,-2.2596,-0.6087,2.3196,0.4939,4.24034118653438e-05,0.004712592983245889,0.0008339122772218488,3.179187774660086e-05,0.0003534694671629701,1.1890077590948067e-05,0.0009976766824722667,517.194502
2025-11-07 20:34:24,1.0856575965881348,0.7146874070167542,-2.2604339122772217,-0.6086682081222534,2.319246530532837,0.49388810992240906,1.0857,0.7194,-2.2596,-0.6087,2.3196,0.4939,4.24034118653438e-05,0.004712592983245889,0.0008339122772218488,3.179187774660086e-05,0.0003534694671629701,1.1890077590948067e-05,0.0009976766824722667,10.511245
2025-11-07 20:34:25,1.0856575965881348,0.7146874070167542,-2.2604339122772217,-0.6086682081222534,2.319246530532837,0.49388810992240906,1.0857,0.7194,-2.2596,-0.6087,2.3196,0.4939,4.24034118653438e-05,0.004712592983245889,0.0008339122772218488,3.179187774660086e-05,0.0003534694671629701,1.1890077590948067e-05,0.0009976766824722667,3.270186
2025-11-07 20:34:25,1.0856575965881348,0.7146874070167542,-2.2604339122772217,-0.6086682081222534,2.319246530532837,0.49388810992240906,1.0857,0.7194,-2.2596,-0.6087,2.3196,0.4939,4.24034118653438e-05,0.004712592983245889,0.0008339122772218488,3.179187774660086e-05,0.0003534694671629701,1.1890077590948067e-05,0.0009976766824722667,12.71465
2025-11-07 20:34:25,1.0856575965881348,0.7146874070167542,-2.2604339122772217,-0.6086682081222534,2.319246530532837,0.49388810992240906,1.0857,0.7194,-2.2596,-0.6087,2.3196,0.4939,4.24034118653438e-05,0.004712592983245889,0.0008339122772218488,3.179187774660086e-05,0.0003534694671629701,1.1890077590948067e-05,0.0009976766824722667,-18.972155
2025-11-07 20:34:25,1.0856575965881348,0.7146874070167542,-2.2604339122772217,-0.6086682081222534,2.319246530532837,0.49388810992240906,1.0857,0.7194,-2.2596,-0.6087,2.3196,0.4939,4.24034118653438e-05,0.004712592983245889,0.0008339122772218488,3.179187774660086e-05,0.0003534694671629701,1.1890077590948067e-05,0.0009976766824722667,-0.608298
2025-11-07 20:34:25,1.0856575965881348,0.7146874070167542,-2.2604339122772217,-0.6086682081222534,2.319246530532837,0.49388810992240906,1.0857,0.7194,-2.2596,-0.6087,2.3196,0.4939,4.24034118653438e-05,0.004712592983245889,0.0008339122772218488,3.179187774660086e-05,0.0003534694671629701,1.1890077590948067e-05,0.0009976766824722667,22.337011
2025-11-07 20:34:25,1.0856575965881348,0.7146874070167542,-2.2604339122772217,-0.6086682081222534,2.319246530532837,0.49388810992240906,1.0857,0.7194,-2.2596,-0.6087,2.3196,0.4939,4.24034118653438e-05,0.004712592983245889,0.0008339122772218488,3.179187774660086e-05,0.0003534694671629701,1.1890077590948067e-05,0.0009976766824722667,19.821982
2025-11-07 20:34:25,1.0856575965881348,0.7146874070167542,-2.2604339122772217,-0.6086682081222534,2.319246530532837,0.49388810992240906,1.0857,0.7194,-2.2596,-0.6087,2.3196,0.4939,4.24034118653438e-05,0.004712592983245889,0.0008339122772218488,3.179187774660086e-05,0.0003534694671629701,1.1890077590948067e-05,0.0009976766824722667,7.971228
2025-11-07 20:34:26,1.0856575965881348,0.7146874070167542,-2.2604339122772217,-0.6086682081222534,2.319246530532837,0.49388810992240906,1.0857,0.7194,-2.2596,-0.6087,2.3196,0.4939,4.24034118653438e-05,0.004712592983245889,0.0008339122772218488,3.179187774660086e-05,0.0003534694671629701,1.1890077590948067e-05,0.0009976766824722667,27.17297
2025-11-07 20:34:26,1.0856575965881348,0.7146874070167542,-2.2604339122772217,-0.6086682081222534,2.319246530532837,0.49388810992240906,1.0857,0.7194,-2.2596,-0.6087,2.3196,0.4939,4.24034118653438e-05,0.004712592983245889,0.0008339122772218488,3.179187774660086e-05,0.0003534694671629701,1.1890077590948067e-05,0.0009976766824722667,23.67518
2025-11-07 20:34:26,1.0856575965881348,0.7146874070167542,-2.2604339122772217,-0.6086682081222534,2.319246530532837,0.49388810992240906,1.0857,0.7194,-2.2596,-0.6087,2.3196,0.4939,4.24034118653438e-05,0.004712592983245889,0.0008339122772218488,3.179187774660086e-05,0.0003534694671629701,1.1890077590948067e-05,0.0009976766824722667,19.707665
2025-11-07 20:34:26,1.0856575965881348,0.7146874070167542,-2.2604339122772217,-0.6086682081222534,2.319246530532837,0.49388810992240906,1.0857,0.7194,-2.2596,-0.6087,2.3196,0.4939,4.24034118653438e-05,0.004712592983245889,0.0008339122772218488,3.179187774660086e-05,0.0003534694671629701,1.1890077590948067e-05,0.0009976766824722667,6.465561
2025-11-07 20:34:26,1.0856575965881348,0.7146874070167542,-2.2604339122772217,-0.6086682081222534,2.319246530532837,0.49388810992240906,1.0857,0.7194,-2.2596,-0.6087,2.3196,0.4939,4.24034118653438e-05,0.004712592983245889,0.0008339122772218488,3.179187774660086e-05,0.0003534694671629701,1.1890077590948067e-05,0.0009976766824722667,-17.389751
2025-11-07 20:34:26,1.0856575965881348,0.7146874070167542,-2.2604339122772217,-0.6086682081222534,2.319246530532837,0.49388810992240906,1.0857,0.7194,-2.2596,-0.6087,2.3196,0.4939,4.24034118653438e-05,0.004712592983245889,0.0008339122772218488,3.179187774660086e-05,0.0003534694671629701,1.1890077590948067e-05,0.0009976766824722667,-5.647794
2025-11-07 20:34:26,1.0856575965881348,0.7146874070167542,-2.2604339122772217,-0.6086682081222534,2.319246530532837,0.49388810992240906,1.0857,0.7194,-2.2596,-0.6087,2.3196,0.4939,4.24034118653438e-05,0.004712592983245889,0.0008339122772218488,3.179187774660086e-05,0.0003534694671629701,1.1890077590948067e-05,0.0009976766824722667,-29.343132
2025-11-07 20:34:27,1.0856575965881348,0.7146874070167542,-2.2604339122772217,-0.6086682081222534,2.319246530532837,0.49388810992240906,1.0857,0.7194,-2.2596,-0.6087,2.3196,0.4939,4.24034118653438e-05,0.004712592983245889,0.0008339122772218488,3.179187774660086e-05,0.0003534694671629701,1.1890077590948067e-05,0.0009976766824722667,27.49891
2025-11-07 20:34:27,1.0856575965881348,0.7146874070167542,-2.2604339122772217,-0.6086682081222534,2.319246530532837,0.49388810992240906,1.0857,0.7194,-2.2596,-0.6087,2.3196,0.4939,4.24034118653438e-05,0.004712592983245889,0.0008339122772218488,3.179187774660086e-05,0.0003534694671629701,1.1890077590948067e-05,0.0009976766824722667,2.076895
2025-11-07 20:34:27,1.0856575965881348,0.7146874070167542,-2.2604339122772217,-0.6086682081222534,2.319246530532837,0.49388620257377625,1.0857,0.7194,-2.2596,-0.6087,2.3196,0.4939,4.24034118653438e-05,0.004712592983245889,0.0008339122772218488,3.179187774660086e-05,0.0003534694671629701,1.3797426223760567e-05,0.000997994573911069,0.688721
2025-11-07 20:34:27,1.0856575965881348,0.7146874070167542,-2.2604339122772217,-0.6086682081222534,2.319246530532837,0.49388620257377625,1.0857,0.7194,-2.2596,-0.6087,2.3196,0.4939,4.24034118653438e-05,0.004712592983245889,0.0008339122772218488,3.179187774660086e-05,0.0003534694671629701,1.3797426223760567e-05,0.000997994573911069,-7.912195
2025-11-07 20:34:27,1.0856575965881348,0.7146874070167542,-2.2604339122772217,-0.6086682081222534,2.319246530532837,0.49388620257377625,1.0857,0.7194,-2.2596,-0.6087,2.3196,0.4939,4.24034118653438e-05,0.004712592983245889,0.0008339122772218488,3.179187774660086e-05,0.0003534694671629701,1.3797426223760567e-05,0.000997994573911069,30.889176
2025-11-07 20:34:27,1.0856575965881348,0.7146874070167542,-2.2604339122772217,-0.6086682081222534,2.319246530532837,0.49388620257377625,1.0857,0.7194,-2.2596,-0.6087,2.3196,0.4939,4.24034118653438e-05,0.004712592983245889,0.0008339122772218488,3.179187774660086e-05,0.0003534694671629701,1.3797426223760567e-05,0.000997994573911069,26.556857
2025-11-07 20:34:27,1.0856575965881348,0.7146874070167542,-2.2604339122772217,-0.6086682081222534,2.319246530532837,0.49388620257377625,1.0857,0.7194,-2.2596,-0.6087,2.3196,0.4939,4.24034118653438e-05,0.004712592983245889,0.0008339122772218488,3.179187774660086e-05,0.0003534694671629701,1.3797426223760567e-05,0.000997994573911069,24.669593
2025-11-07 20:34:28,1.0856575965881348,0.7146874070167542,-2.2604339122772217,-0.6086682081222534,2.319246530532837,0.49388620257377625,1.0857,0.7194,-2.2596,-0.6087,2.3196,0.4939,4.24034118653438e-05,0.004712592983245889,0.0008339122772218488,3.179187774660086e-05,0.0003534694671629701,1.3797426223760567e-05,0.000997994573911069,1.336385
2025-11-07 20:34:28,1.0856575965881348,0.7146874070167542,-2.2604339122772217,-0.6086682081222534,2.319246530532837,0.49388620257377625,1.0857,0.7194,-2.2596,-0.6087,2.3196,0.4939,4.24034118653438e-05,0.004712592983245889,0.0008339122772218488,3.179187774660086e-05,0.0003534694671629701,1.3797426223760567e-05,0.000997994573911069,-0.524158
2025-11-07 20:34:28,1.0856575965881348,0.7146874070167542,-2.2604339122772217,-0.6086682081222534,2.319246530532837,0.49388620257377625,1.0857,0.7194,-2.2596,-0.6087,2.3196,0.4939,4.24034118653438e-05,0.004712592983245889,0.0008339122772218488,3.179187774660086e-05,0.0003534694671629701,1.3797426223760567e-05,0.000997994573911069,-32.015831
2025-11-07 20:34:28,1.0856575965881348,0.7146874070167542,-2.2604339122772217,-0.6086682081222534,2.319246530532837,0.49388620257377625,1.0857,0.7194,-2.2596,-0.6087,2.3196,0.4939,4.24034118653438e-05,0.004712592983245889,0.0008339122772218488,3.179187774660086e-05,0.0003534694671629701,1.3797426223760567e-05,0.000997994573911069,26.905461
2025-11-07 20:34:28,1.0856575965881348,0.7146874070167542,-2.2604339122772217,-0.6086682081222534,2.319246530532837,0.49388620257377625,1.0857,0.7194,-2.2596,-0.6087,2.3196,0.4939,4.24034118653438e-05,0.004712592983245889,0.0008339122772218488,3.179187774660086e-05,0.0003534694671629701,1.3797426223760567e-05,0.000997994573911069,22.103476
2025-11-07 20:34:28,1.0856575965881348,0.7146874070167542,-2.2604339122772217,-0.6086682081222534,2.319246530532837,0.49388620257377625,1.0857,0.7194,-2.2596,-0.6087,2.3196,0.4939,4.24034118653438e-05,0.004712592983245889,0.0008339122772218488,3.179187774660086e-05,0.0003534694671629701,1.3797426223760567e-05,0.000997994573911069,8.361561
2025-11-07 20:34:28,1.0856575965881348,0.7146874070167542,-2.2604339122772217,-0.6086682081222534,2.319246530532837,0.49388620257377625,1.0857,0.7194,-2.2596,-0.6087,2.3196,0.4939,4.24034118653438e-05,0.004712592983245889,0.0008339122772218488,3.179187774660086e-05,0.0003534694671629701,1.3797426223760567e-05,0.000997994573911069,-17.555698
2025-11-07 20:34:29,1.0856575965881348,0.7146874070167542,-2.2604339122772217,-0.6086682081222534,2.319246530532837,0.49388620257377625,1.0857,0.7194,-2.2596,-0.6087,2.3196,0.4939,4.24034118653438e-05,0.004712592983245889,0.0008339122772218488,3.179187774660086e-05,0.0003534694671629701,1.3797426223760567e-05,0.000997994573911069,-8.146401
2025-11-07 20:34:29,1.0856575965881348,0.7146874070167542,-2.2604339122772217,-0.6086682081222534,2.319246530532837,0.49388620257377625,1.0857,0.7194,-2.2596,-0.6087,2.3196,0.4939,4.24034118653438e-05,0.004712592983245889,0.0008339122772218488,3.179187774660086e-05,0.0003534694671629701,1.3797426223760567e-05,0.000997994573911069,30.162703
2025-11-07 20:34:29,1.0856575965881348,0.7146874070167542,-2.2604339122772217,-0.6086682081222534,2.319246530532837,0.49388620257377625,1.0857,0.7194,-2.2596,-0.6087,2.3196,0.4939,4.24034118653438e-05,0.004712592983245889,0.0008339122772218488,3.179187774660086e-05,0.0003534694671629701,1.3797426223760567e-05,0.000997994573911069,16.766165
2025-11-07 20:34:29,1.0856575965881348,0.7146874070167542,-2.2604339122772217,-0.6086682081222534,2.319246530532837,0.49388620257377625,1.0857,0.7194,-2.2596,-0.6087,2.3196,0.4939,4.24034118653438e-05,0.004712592983245889,0.0008339122772218488,3.179187774660086e-05,0.0003534694671629701,1.3797426223760567e-05,0.000997994573911069,19.885003
2025-11-07 20:34:29,1.0856575965881348,0.7146874070167542,-2.2604339122772217,-0.6086682081222534,2.319246530532837,0.49388620257377625,1.0857,0.7194,-2.2596,-0.6087,2.3196,0.4939,4.24034118653438e-05,0.004712592983245889,0.0008339122772218488,3.179187774660086e-05,0.0003534694671629701,1.3797426223760567e-05,0.000997994573911069,6.829755
2025-11-07 20:34:29,1.0856575965881348,0.7146874070167542,-2.2604339122772217,-0.6086682081222534,2.319246530532837,0.49388620257377625,1.0857,0.7194,-2.2596,-0.6087,2.3196,0.4939,4.24034118653438e-05,0.004712592983245889,0.0008339122772218488,3.179187774660086e-05,0.0003534694671629701,1.3797426223760567e-05,0.000997994573911069,0.595895
2025-11-07 20:34:29,1.0856575965881348,0.7146874070167542,-2.2604339122772217,-0.6086682081222534,2.319246530532837,0.49388620257377625,1.0857,0.7194,-2.2596,-0.6087,2.3196,0.4939,4.24034118653438e-05,0.004712592983245889,0.0008339122772218488,3.179187774660086e-05,0.0003534694671629701,1.3797426223760567e-05,0.000997994573911069,-25.222325
2025-11-07 20:34:30,1.0856575965881348,0.7146874070167542,-2.2604339122772217,-0.6086682081222534,2.319246530532837,0.49388620257377625,1.0857,0.7194,-2.2596,-0.6087,2.3196,0.4939,4.24034118653438e-05,0.004712592983245889,0.0008339122772218488,3.179187774660086e-05,0.0003534694671629701,1.3797426223760567e-05,0.000997994573911069,32.543456
2025-11-07 20:34:30,1.0856575965881348,0.7146874070167542,-2.2604339122772217,-0.6086682081222534,2.319246530532837,0.49388620257377625,1.0857,0.7194,-2.2596,-0.6087,2.3196,0.4939,4.24034118653438e-05,0.004712592983245889,0.0008339122772218488,3.179187774660086e-05,0.0003534694671629701,1.3797426223760567e-05,0.000997994573911069,24.7052
2025-11-07 20:34:30,1.0856575965881348,0.7146874070167542,-2.2604339122772217,-0.6086682081222534,2.319246530532837,0.49388620257377625,1.0857,0.7194,-2.2596,-0.6087,2.3196,0.4939,4.24034118653438e-05,0.004712592983245889,0.0008339122772218488,3.179187774660086e-05,0.0003534694671629701,1.3797426223760567e-05,0.000997994573911069,0.831824
2025-11-07 20:34:30,1.0856575965881348,0.7146874070167542,-2.2604339122772217,-0.6086682081222534,2.319246530532837,0.49388620257377625,1.0857,0.7194,-2.2596,-0.6087,2.3196,0.4939,4.24034118653438e-05,0.004712592983245889,0.0008339122772218488,3.179187774660086e-05,0.0003534694671629701,1.3797426223760567e-05,0.000997994573911069,28.420014
2025-11-07 20:34:30,1.0856575965881348,0.7146874070167542,-2.2604339122772217,-0.6086682081222534,2.319246530532837,0.49388620257377625,1.0857,0.7194,-2.2596,-0.6087,2.3196,0.4939,4.24034118653438e-05,0.004712592983245889,0.0008339122772218488,3.179187774660086e-05,0.0003534694671629701,1.3797426223760567e-05,0.000997994573911069,-0.314379
2025-11-07 20:34:30,1.0856575965881348,0.7146874070167542,-2.2604339122772217,-0.6086682081222534,2.319246530532837,0.49388620257377625,1.0857,0.7194,-2.2596,-0.6087,2.3196,0.4939,4.24034118653438e-05,0.004712592983245889,0.0008339122772218488,3.179187774660086e-05,0.0003534694671629701,1.3797426223760567e-05,0.000997994573911069,-7.113364
2025-11-07 20:34:30,1.0856575965881348,0.7146874070167542,-2.2604339122772217,-0.6086682081222534,2.319246530532837,0.49388620257377625,1.0857,0.7194,-2.2596,-0.6087,2.3196,0.4939,4.24034118653438e-05,0.004712592983245889,0.0008339122772218488,3.179187774660086e-05,0.0003534694671629701,1.3797426223760567e-05,0.000997994573911069,16.324644
2025-11-07 20:34:31,1.0856575965881348,0.7146874070167542,-2.2604339122772217,-0.6086682081222534,2.319246530532837,0.49388620257377625,1.0857,0.7194,-2.2596,-0.6087,2.3196,0.4939,4.24034118653438e-05,0.004712592983245889,0.0008339122772218488,3.179187774660086e-05,0.0003534694671629701,1.3797426223760567e-05,0.000997994573911069,5.059374
2025-11-07 20:34:31,1.0856575965881348,0.7146874070167542,-2.2604339122772217,-0.6086682081222534,2.319246530532837,0.49388620257377625,1.0857,0.7194,-2.2596,-0.6087,2.3196,0.4939,4.24034118653438e-05,0.004712592983245889,0.0008339122772218488,3.179187774660086e-05,0.0003534694671629701,1.3797426223760567e-05,0.000997994573911069,-4.009384
2025-11-07 20:34:31,1.0856575965881348,0.7146874070167542,-2.2604339122772217,-0.6086682081222534,2.319246530532837,0.49388620257377625,1.0857,0.7194,-2.2596,-0.6087,2.3196,0.4939,4.24034118653438e-05,0.004712592983245889,0.0008339122772218488,3.179187774660086e-05,0.0003534694671629701,1.3797426223760567e-05,0.000997994573911069,-33.791111
2025-11-07 20:34:31,1.0856575965881348,0.7146874070167542,-2.2604339122772217,-0.6086682081222534,2.319246530532837,0.49388620257377625,1.0857,0.7194,-2.2596,-0.6087,2.3196,0.4939,4.24034118653438e-05,0.004712592983245889,0.0008339122772218488,3.179187774660086e-05,0.0003534694671629701,1.3797426223760567e-05,0.000997994573911069,-7.483779
2025-11-07 20:34:31,1.0856575965881348,0.7146874070167542,-2.2604339122772217,-0.6086682081222534,2.319246530532837,0.49388620257377625,1.0857,0.7194,-2.2596,-0.6087,2.3196,0.4939,4.24034118653438e-05,0.004712592983245889,0.0008339122772218488,3.179187774660086e-05,0.0003534694671629701,1.3797426223760567e-05,0.000997994573911069,9.840217
2025-11-07 20:34:31,1.0856575965881348,0.7146874070167542,-2.2604339122772217,-0.6086682081222534,2.319246530532837,0.49388620257377625,1.0857,0.7194,-2.2596,-0.6087,2.3196,0.4939,4.24034118653438e-05,0.004712592983245889,0.0008339122772218488,3.179187774660086e-05,0.0003534694671629701,1.3797426223760567e-05,0.000997994573911069,31.277304
2025-11-07 20:34:31,1.0856575965881348,0.7146874070167542,-2.2604339122772217,-0.6086682081222534,2.319246530532837,0.49388620257377625,1.0857,0.7194,-2.2596,-0.6087,2.3196,0.4939,4.24034118653438e-05,0.004712592983245889,0.0008339122772218488,3.179187774660086e-05,0.0003534694671629701,1.3797426223760567e-05,0.000997994573911069,1.65968
2025-11-07 20:34:32,1.0856575965881348,0.7146874070167542,-2.2604339122772217,-0.6086682081222534,2.319246530532837,0.49388620257377625,1.0857,0.7194,-2.2596,-0.6087,2.3196,0.4939,4.24034118653438e-05,0.004712592983245889,0.0008339122772218488,3.179187774660086e-05,0.0003534694671629701,1.3797426223760567e-05,0.000997994573911069,-5.310522
2025-11-07 20:34:32,1.0856575965881348,0.7146874070167542,-2.2604339122772217,-0.6086682081222534,2.319246530532837,0.49388620257377625,1.0857,0.7194,-2.2596,-0.6087,2.3196,0.4939,4.24034118653438e-05,0.004712592983245889,0.0008339122772218488,3.179187774660086e-05,0.0003534694671629701,1.3797426223760567e-05,0.000997994573911069,-3.315564
2025-11-07 20:34:32,1.0856575965881348,0.7146874070167542,-2.2604339122772217,-0.6086682081222534,2.319246530532837,0.49388620257377625,1.0857,0.7194,-2.2596,-0.6087,2.3196,0.4939,4.24034118653438e-05,0.004712592983245889,0.0008339122772218488,3.179187774660086e-05,0.0003534694671629701,1.3797426223760567e-05,0.000997994573911069,29.584321
2025-11-07 20:34:32,1.0856575965881348,0.7146874070167542,-2.2604339122772217,-0.6086682081222534,2.319246530532837,0.49388620257377625,1.0857,0.7194,-2.2596,-0.6087,2.3196,0.4939,4.24034118653438e-05,0.004712592983245889,0.0008339122772218488,3.179187774660086e-05,0.0003534694671629701,1.3797426223760567e-05,0.000997994573911069,29.160574
2025-11-07 20:34:32,1.085644245147705,0.7146874070167542,-2.2604339122772217,-0.6086682081222534,2.319246530532837,0.49388620257377625,1.0857,0.7194,-2.2596,-0.6087,2.3196,0.4939,5.57548522950313e-05,0.004712592983245889,0.0008339122772218488,3.179187774660086e-05,0.0003534694671629701,1.3797426223760567e-05,0.0010002198139826834,28.901161
2025-11-07 20:34:32,1.0856269598007202,0.7146931290626526,-2.2604339122772217,-0.6086682081222534,2.319246530532837,0.49388620257377625,1.0857,0.7194,-2.2596,-0.6087,2.3196,0.4939,7.304019927989458e-05,0.0047068709373474515,0.0008339122772218488,3.179187774660086e-05,0.0003534694671629701,1.3797426223760567e-05,0.001002147030830421,23.191228
2025-11-07 20:34:32,1.0856269598007202,0.7146931290626526,-2.2604339122772217,-0.6086682081222534,2.319246530532837,0.49388620257377625,1.0857,0.7194,-2.2596,-0.6087,2.3196,0.4939,7.304019927989458e-05,0.0047068709373474515,0.0008339122772218488,3.179187774660086e-05,0.0003534694671629701,1.3797426223760567e-05,0.001002147030830421,19.077635
2025-11-07 20:34:33,1.0856269598007202,0.7146931290626526,-2.2604339122772217,-0.6086682081222534,2.319246530532837,0.49388620257377625,1.0857,0.7194,-2.2596,-0.6087,2.3196,0.4939,7.304019927989458e-05,0.0047068709373474515,0.0008339122772218488,3.179187774660086e-05,0.0003534694671629701,1.3797426223760567e-05,0.001002147030830421,-4.575342
2025-11-07 20:34:33,1.0856326818466187,0.7146931290626526,-2.2604339122772217,-0.6086682081222534,2.319246530532837,0.49388620257377625,1.0857,0.7194,-2.2596,-0.6087,2.3196,0.4939,6.731815338145708e-05,0.0047068709373474515,0.0008339122772218488,3.179187774660086e-05,0.0003534694671629701,1.3797426223760567e-05,0.0010011933565140148,6.402491
2025-11-07 20:34:33,1.0856404304504395,0.7146931290626526,-2.2604339122772217,-0.6086682081222534,2.319246530532837,0.49388620257377625,1.0857,0.7194,-2.2596,-0.6087,2.3196,0.4939,5.95695495606563e-05,0.0047068709373474515,0.0008339122772218488,3.179187774660086e-05,0.0003534694671629701,1.3797426223760567e-05,0.0009999019225438814,28.770071
2025-11-07 20:34:33,1.085646152496338,0.7146931290626526,-2.2604339122772217,-0.6086682081222534,2.319246530532837,0.49388620257377625,1.0857,0.7194,-2.2596,-0.6087,2.3196,0.4939,5.38475036622188e-05,0.0047068709373474515,0.0008339122772218488,3.179187774660086e-05,0.0003534694671629701,1.3797426223760567e-05,0.0009989482482274752,26.056384
2025-11-07 20:34:33,1.0856480598449707,0.7146931290626526,-2.2604339122772217,-0.6086682081222534,2.319246530532837,0.49388620257377625,1.0857,0.7194,-2.2596,-0.6087,2.3196,0.4939,5.19401550294063e-05,0.0047068709373474515,0.0008339122772218488,3.179187774660086e-05,0.0003534694671629701,1.3797426223760567e-05,0.000998630356788673,6.965954
2025-11-07 20:34:33,1.0856499671936035,0.7146931290626526,-2.2604339122772217,-0.6086682081222534,2.319246530532837,0.49388620257377625,1.0857,0.7194,-2.2596,-0.6087,2.3196,0.4939,5.00328063965938e-05,0.0047068709373474515,0.0008339122772218488,3.179187774660086e-05,0.0003534694671629701,1.3797426223760567e-05,0.000998312465349871,-0.291775
2025-11-07 20:34:33,1.0856518745422363,0.7146931290626526,-2.2604339122772217,-0.6086682081222534,2.319246530532837,0.49388620257377625,1.0857,0.7194,-2.2596,-0.6087,2.3196,0.4939,4.81254577637813e-05,0.0047068709373474515,0.0008339122772218488,3.179187774660086e-05,0.0003534694671629701,1.3797426223760567e-05,0.000997994573911069,-11.695258
2025-11-07 20:34:34,1.0856537818908691,0.7146931290626526,-2.2604339122772217,-0.6086682081222534,2.319246530532837,0.49388620257377625,1.0857,0.7194,-2.2596,-0.6087,2.3196,0.4939,4.62181091309688e-05,0.0047068709373474515,0.0008339122772218488,3.179187774660086e-05,0.0003534694671629701,1.3797426223760567e-05,0.0009976766824722667,27.140609
2025-11-07 20:34:34,1.0856537818908691,0.7146931290626526,-2.2604339122772217,-0.6086682081222534,2.319246530532837,0.49388620257377625,1.0857,0.7194,-2.2596,-0.6087,2.3196,0.4939,4.62181091309688e-05,0.0047068709373474515,0.0008339122772218488,3.179187774660086e-05,0.0003534694671629701,1.3797426223760567e-05,0.0009976766824722667,27.979997
2025-11-07 20:34:34,1.0856537818908691,0.7146931290626526,-2.2604339122772217,-0.6086682081222534,2.319246530532837,0.49388620257377625,1.0857,0.7194,-2.2596,-0.6087,2.3196,0.4939,4.62181091309688e-05,0.0047068709373474515,0.0008339122772218488,3.179187774660086e-05,0.0003534694671629701,1.3797426223760567e-05,0.0009976766824722667,16.8378
2025-11-07 20:34:34,1.085655689239502,0.7146931290626526,-2.2604339122772217,-0.6086682081222534,2.319246530532837,0.49388620257377625,1.0857,0.7194,-2.2596,-0.6087,2.3196,0.4939,4.43107604981563e-05,0.0047068709373474515,0.0008339122772218488,3.179187774660086e-05,0.0003534694671629701,1.3797426223760567e-05,0.0009973587910334647,26.165281
2025-11-07 20:34:34,1.085655689239502,0.7146931290626526,-2.2604339122772217,-0.6086682081222534,2.319246530532837,0.49388620257377625,1.0857,0.7194,-2.2596,-0.6087,2.3196,0.4939,4.43107604981563e-05,0.0047068709373474515,0.0008339122772218488,3.179187774660086e-05,0.0003534694671629701,1.3797426223760567e-05,0.0009973587910334647,18.448337
2025-11-07 20:34:34,1.085655689239502,0.7146931290626526,-2.2604339122772217,-0.6086682081222534,2.319246530532837,0.49388620257377625,1.0857,0.7194,-2.2596,-0.6087,2.3196,0.4939,4.43107604981563e-05,0.0047068709373474515,0.0008339122772218488,3.179187774660086e-05,0.0003534694671629701,1.3797426223760567e-05,0.0009973587910334647,19.319927
2025-11-07 20:34:34,1.085655689239502,0.7146931290626526,-2.2604339122772217,-0.6086682081222534,2.319246530532837,0.49388620257377625,1.0857,0.7194,-2.2596,-0.6087,2.3196,0.4939,4.43107604981563e-05,0.0047068709373474515,0.0008339122772218488,3.179187774660086e-05,0.0003534694671629701,1.3797426223760567e-05,0.0009973587910334647,14.193716
2025-11-07 20:34:35,1.085655689239502,0.7146931290626526,-2.2604339122772217,-0.6086682081222534,2.319246530532837,0.49388620257377625,1.0857,0.7194,-2.2596,-0.6087,2.3196,0.4939,4.43107604981563e-05,0.0047068709373474515,0.0008339122772218488,3.179187774660086e-05,0.0003534694671629701,1.3797426223760567e-05,0.0009973587910334647,12.700653
2025-11-07 20:34:35,1.0856575965881348,0.7146931290626526,-2.2604339122772217,-0.6086682081222534,2.319246530532837,0.49388620257377625,1.0857,0.7194,-2.2596,-0.6087,2.3196,0.4939,4.24034118653438e-05,0.0047068709373474515,0.0008339122772218488,3.179187774660086e-05,0.0003534694671629701,1.3797426223760567e-05,0.0009970408995946627,5.354616
2025-11-07 20:34:35,1.0856575965881348,0.7146931290626526,-2.2604339122772217,-0.6086682081222534,2.319246530532837,0.49388620257377625,1.0857,0.7194,-2.2596,-0.6087,2.3196,0.4939,4.24034118653438e-05,0.0047068709373474515,0.0008339122772218488,3.179187774660086e-05,0.0003534694671629701,1.3797426223760567e-05,0.0009970408995946627,8.20326
2025-11-07 20:34:35,1.0856575965881348,0.7146931290626526,-2.2604339122772217,-0.6086682081222534,2.319246530532837,0.49388620257377625,1.0857,0.7194,-2.2596,-0.6087,2.3196,0.4939,4.24034118653438e-05,0.0047068709373474515,0.0008339122772218488,3.179187774660086e-05,0.0003534694671629701,1.3797426223760567e-05,0.0009970408995946627,23.768257
2025-11-07 20:34:35,1.0856575965881348,0.7146931290626526,-2.2604339122772217,-0.6086682081222534,2.319244623184204,0.49388620257377625,1.0857,0.7194,-2.2596,-0.6087,2.3196,0.4939,4.24034118653438e-05,0.0047068709373474515,0.0008339122772218488,3.179187774660086e-05,0.0003553768157957826,1.3797426223760567e-05,0.0009973587910334647,9.342429
2025-11-07 20:34:35,1.0856575965881348,0.7146931290626526,-2.2604339122772217,-0.6086682081222534,2.319244623184204,0.49388620257377625,1.0857,0.7194,-2.2596,-0.6087,2.3196,0.4939,4.24034118653438e-05,0.0047068709373474515,0.0008339122772218488,3.179187774660086e-05,0.0003553768157957826,1.3797426223760567e-05,0.0009973587910334647,9.370592
2025-11-07 20:34:35,1.0856575965881348,0.7146931290626526,-2.2604339122772217,-0.6086682081222534,2.319244623184204,0.49388620257377625,1.0857,0.7194,-2.2596,-0.6087,2.3196,0.4939,4.24034118653438e-05,0.0047068709373474515,0.0008339122772218488,3.179187774660086e-05,0.0003553768157957826,1.3797426223760567e-05,0.0009973587910334647,-0.344867
2025-11-07 20:34:36,1.0856575965881348,0.7146931290626526,-2.2604339122772217,-0.6086682081222534,2.319244623184204,0.49388620257377625,1.0857,0.7194,-2.2596,-0.6087,2.3196,0.4939,4.24034118653438e-05,0.0047068709373474515,0.0008339122772218488,3.179187774660086e-05,0.0003553768157957826,1.3797426223760567e-05,0.0009973587910334647,25.0721
2025-11-07 20:34:36,1.0856575965881348,0.7146931290626526,-2.2604339122772217,-0.6086682081222534,2.319244623184204,0.49388620257377625,1.0857,0.7194,-2.2596,-0.6087,2.3196,0.4939,4.24034118653438e-05,0.0047068709373474515,0.0008339122772218488,3.179187774660086e-05,0.0003553768157957826,1.3797426223760567e-05,0.0009973587910334647,-5.294892
2025-11-07 20:34:36,1.0856575965881348,0.7146931290626526,-2.2604339122772217,-0.6086682081222534,2.319244623184204,0.49388620257377625,1.0857,0.7194,-2.2596,-0.6087,2.3196,0.4939,4.24034118653438e-05,0.0047068709373474515,0.0008339122772218488,3.179187774660086e-05,0.0003553768157957826,1.3797426223760567e-05,0.0009973587910334647,-14.773159
2025-11-07 20:34:36,1.0856575965881348,0.7146931290626526,-2.2604339122772217,-0.6086682081222534,2.319244623184204,0.49388620257377625,1.0857,0.7194,-2.2596,-0.6087,2.3196,0.4939,4.24034118653438e-05,0.0047068709373474515,0.0008339122772218488,3.179187774660086e-05,0.0003553768157957826,1.3797426223760567e-05,0.0009973587910334647,-6.208231
2025-11-07 20:34:36,1.0856575965881348,0.7146931290626526,-2.2604339122772217,-0.6086682081222534,2.319244623184204,0.49388620257377625,1.0857,0.7194,-2.2596,-0.6087,2.3196,0.4939,4.24034118653438e-05,0.0047068709373474515,0.0008339122772218488,3.179187774660086e-05,0.0003553768157957826,1.3797426223760567e-05,0.0009973587910334647,27.366558
2025-11-07 20:34:36,1.0856575965881348,0.7146931290626526,-2.2604339122772217,-0.6086682081222534,2.319244623184204,0.49388620257377625,1.0857,0.7194,-2.2596,-0.6087,2.3196,0.4939,4.24034118653438e-05,0.0047068709373474515,0.0008339122772218488,3.179187774660086e-05,0.0003553768157957826,1.3797426223760567e-05,0.0009973587910334647,18.650432
2025-11-07 20:34:37,1.0856575965881348,0.7146931290626526,-2.2604339122772217,-0.6086682081222534,2.319244623184204,0.49388620257377625,1.0857,0.7194,-2.2596,-0.6087,2.3196,0.4939,4.24034118653438e-05,0.0047068709373474515,0.0008339122772218488,3.179187774660086e-05,0.0003553768157957826,1.3797426223760567e-05,0.0009973587910334647,-6.987615
2025-11-07 20:34:37,1.0856575965881348,0.7146931290626526,-2.2604339122772217,-0.6086682081222534,2.319244623184204,0.49388620257377625,1.0857,0.7194,-2.2596,-0.6087,2.3196,0.4939,4.24034118653438e-05,0.0047068709373474515,0.0008339122772218488,3.179187774660086e-05,0.0003553768157957826,1.3797426223760567e-05,0.0009973587910334647,19.323483
2025-11-07 20:34:37,1.0856575965881348,0.7146931290626526,-2.2604339122772217,-0.6086682081222534,2.319244623184204,0.49388620257377625,1.0857,0.7194,-2.2596,-0.6087,2.3196,0.4939,4.24034118653438e-05,0.0047068709373474515,0.0008339122772218488,3.179187774660086e-05,0.0003553768157957826,1.3797426223760567e-05,0.0009973587910334647,17.566739
2025-11-07 20:34:37,1.0856575965881348,0.7146931290626526,-2.2604339122772217,-0.6086682081222534,2.319244623184204,0.49388620257377625,1.0857,0.7194,-2.2596,-0.6087,2.3196,0.4939,4.24034118653438e-05,0.0047068709373474515,0.0008339122772218488,3.179187774660086e-05,0.0003553768157957826,1.3797426223760567e-05,0.0009973587910334647,1.84323
2025-11-07 20:34:37,1.0856575965881348,0.7146931290626526,-2.2604339122772217,-0.6086682081222534,2.319244623184204,0.49388620257377625,1.0857,0.7194,-2.2596,-0.6087,2.3196,0.4939,4.24034118653438e-05,0.0047068709373474515,0.0008339122772218488,3.179187774660086e-05,0.0003553768157957826,1.3797426223760567e-05,0.0009973587910334647,25.927317
2025-11-07 20:34:37,1.0856575965881348,0.7146931290626526,-2.2604339122772217,-0.6086682081222534,2.319244623184204,0.49388620257377625,1.0857,0.7194,-2.2596,-0.6087,2.3196,0.4939,4.24034118653438e-05,0.0047068709373474515,0.0008339122772218488,3.179187774660086e-05,0.0003553768157957826,1.3797426223760567e-05,0.0009973587910334647,6.956115
2025-11-07 20:34:38,1.0856575965881348,0.7146931290626526,-2.2604339122772217,-0.6086682081222534,2.319244623184204,0.49388620257377625,1.0857,0.7194,-2.2596,-0.6087,2.3196,0.4939,4.24034118653438e-05,0.0047068709373474515,0.0008339122772218488,3.179187774660086e-05,0.0003553768157957826,1.3797426223760567e-05,0.0009973587910334647,-14.120156
2025-11-07 20:34:38,1.0856575965881348,0.7146931290626526,-2.2604339122772217,-0.6086682081222534,2.3192427158355713,0.49388620257377625,1.0857,0.7194,-2.2596,-0.6087,2.3196,0.4939,4.24034118653438e-05,0.0047068709373474515,0.0008339122772218488,3.179187774660086e-05,0.0003572841644285951,1.3797426223760567e-05,0.0009976766824722667,-7.14213
2025-11-07 20:34:38,1.0856575965881348,0.7146931290626526,-2.2604339122772217,-0.6086682081222534,2.3192427158355713,0.49388620257377625,1.0857,0.7194,-2.2596,-0.6087,2.3196,0.4939,4.24034118653438e-05,0.0047068709373474515,0.0008339122772218488,3.179187774660086e-05,0.0003572841644285951,1.3797426223760567e-05,0.0009976766824722667,29.453903
2025-11-07 20:34:38,1.0856575965881348,0.7146931290626526,-2.2604339122772217,-0.6086682081222534,2.3192427158355713,0.49388620257377625,1.0857,0.7194,-2.2596,-0.6087,2.3196,0.4939,4.24034118653438e-05,0.0047068709373474515,0.0008339122772218488,3.179187774660086e-05,0.0003572841644285951,1.3797426223760567e-05,0.0009976766824722667,-5.286185
2025-11-07 20:34:38,1.0856575965881348,0.7146931290626526,-2.2604339122772217,-0.6086682081222534,2.3192427158355713,0.49388620257377625,1.0857,0.7194,-2.2596,-0.6087,2.3196,0.4939,4.24034118653438e-05,0.0047068709373474515,0.0008339122772218488,3.179187774660086e-05,0.0003572841644285951,1.3797426223760567e-05,0.0009976766824722667,-14.420638
2025-11-07 20:34:38,1.0856575965881348,0.7146931290626526,-2.2604339122772217,-0.6086682081222534,2.3192427158355713,0.49388620257377625,1.0857,0.7194,-2.2596,-0.6087,2.3196,0.4939,4.24034118653438e-05,0.0047068709373474515,0.0008339122772218488,3.179187774660086e-05,0.0003572841644285951,1.3797426223760567e-05,0.0009976766824722667,2.301723
2025-11-07 20:34:39,1.0856575965881348,0.7146931290626526,-2.2604339122772217,-0.6086682081222534,2.3192427158355713,0.49388620257377625,1.0857,0.7194,-2.2596,-0.6087,2.3196,0.4939,4.24034118653438e-05,0.0047068709373474515,0.0008339122772218488,3.179187774660086e-05,0.0003572841644285951,1.3797426223760567e-05,0.0009976766824722667,7.267538
2025-11-07 20:34:39,1.0856575965881348,0.7146931290626526,-2.2604339122772217,-0.6086682081222534,2.3192427158355713,0.49388620257377625,1.0857,0.7194,-2.2596,-0.6087,2.3196,0.4939,4.24034118653438e-05,0.0047068709373474515,0.0008339122772218488,3.179187774660086e-05,0.0003572841644285951,1.3797426223760567e-05,0.0009976766824722667,3.295164
2025-11-07 20:34:39,1.0856575965881348,0.7146931290626526,-2.2604339122772217,-0.6086682081222534,2.3192427158355713,0.49388620257377625,1.0857,0.7194,-2.2596,-0.6087,2.3196,0.4939,4.24034118653438e-05,0.0047068709373474515,0.0008339122772218488,3.179187774660086e-05,0.0003572841644285951,1.3797426223760567e-05,0.0009976766824722667,-5.01032
2025-11-07 20:34:39,1.0856575965881348,0.7146931290626526,-2.2604339122772217,-0.6086682081222534,2.3192427158355713,0.49388620257377625,1.0857,0.7194,-2.2596,-0.6087,2.3196,0.4939,4.24034118653438e-05,0.0047068709373474515,0.0008339122772218488,3.179187774660086e-05,0.0003572841644285951,1.3797426223760567e-05,0.0009976766824722667,-6.434983
2025-11-07 20:34:39,1.0856575965881348,0.7146931290626526,-2.2604339122772217,-0.6086682081222534,2.3192427158355713,0.49388620257377625,1.0857,0.7194,-2.2596,-0.6087,2.3196,0.4939,4.24034118653438e-05,0.0047068709373474515,0.0008339122772218488,3.179187774660086e-05,0.0003572841644285951,1.3797426223760567e-05,0.0009976766824722667,27.734418
2025-11-07 20:34:39,1.0856575965881348,0.7146931290626526,-2.2604339122772217,-0.6086682081222534,2.3192427158355713,0.49388620257377625,1.0857,0.7194,-2.2596,-0.6087,2.3196,0.4939,4.24034118653438e-05,0.0047068709373474515,0.0008339122772218488,3.179187774660086e-05,0.0003572841644285951,1.3797426223760567e-05,0.0009976766824722667,23.854351
2025-11-07 20:34:39,1.0856575965881348,0.7146931290626526,-2.2604339122772217,-0.6086682081222534,2.3192427158355713,0.49388620257377625,1.0857,0.7194,-2.2596,-0.6087,2.3196,0.4939,4.24034118653438e-05,0.0047068709373474515,0.0008339122772218488,3.179187774660086e-05,0.0003572841644285951,1.3797426223760567e-05,0.0009976766824722667,32.127143
2025-11-07 20:34:39,1.0856575965881348,0.7146931290626526,-2.2604339122772217,-0.6086682081222534,2.3192427158355713,0.49388620257377625,1.0857,0.7194,-2.2596,-0.6087,2.3196,0.4939,4.24034118653438e-05,0.0047068709373474515,0.0008339122772218488,3.179187774660086e-05,0.0003572841644285951,1.3797426223760567e-05,0.0009976766824722667,28.560291
2025-11-07 20:34:40,1.0856575965881348,0.7146931290626526,-2.2604339122772217,-0.6086682081222534,2.3192427158355713,0.49388620257377625,1.0857,0.7194,-2.2596,-0.6087,2.3196,0.4939,4.24034118653438e-05,0.0047068709373474515,0.0008339122772218488,3.179187774660086e-05,0.0003572841644285951,1.3797426223760567e-05,0.0009976766824722667,28.878827
2025-11-07 20:34:40,1.0856575965881348,0.7146931290626526,-2.2604339122772217,-0.6086682081222534,2.3192427158355713,0.49388620257377625,1.0857,0.7194,-2.2596,-0.6087,2.3196,0.4939,4.24034118653438e-05,0.0047068709373474515,0.0008339122772218488,3.179187774660086e-05,0.0003572841644285951,1.3797426223760567e-05,0.0009976766824722667,-13.213399
2025-11-07 20:34:40,1.0856575965881348,0.7146931290626526,-2.2604339122772217,-0.6086682081222534,2.3192427158355713,0.49388620257377625,1.0857,0.7194,-2.2596,-0.6087,2.3196,0.4939,4.24034118653438e-05,0.0047068709373474515,0.0008339122772218488,3.179187774660086e-05,0.0003572841644285951,1.3797426223760567e-05,0.0009976766824722667,-13.488063
2025-11-07 20:34:40,1.0856575965881348,0.7146912217140198,-2.2604339122772217,-0.6086682081222534,2.3192427158355713,0.49388620257377625,1.0857,0.7194,-2.2596,-0.6087,2.3196,0.4939,4.24034118653438e-05,0.004708778285980264,0.0008339122772218488,3.179187774660086e-05,0.0003572841644285951,1.3797426223760567e-05,0.000997994573911069,5.043643
2025-11-07 20:34:40,1.0856575965881348,0.7146912217140198,-2.2604339122772217,-0.6086682081222534,2.3192427158355713,0.49388620257377625,1.0857,0.7194,-2.2596,-0.6087,2.3196,0.4939,4.24034118653438e-05,0.004708778285980264,0.0008339122772218488,3.179187774660086e-05,0.0003572841644285951,1.3797426223760567e-05,0.000997994573911069,9.751628
2025-11-07 20:34:40,1.0856575965881348,0.714689314365387,-2.2604339122772217,-0.6086682081222534,2.3192427158355713,0.49388620257377625,1.0857,0.7194,-2.2596,-0.6087,2.3196,0.4939,4.24034118653438e-05,0.0047106856346130765,0.0008339122772218488,3.179187774660086e-05,0.0003572841644285951,1.3797426223760567e-05,0.000998312465349871,6.309614
2025-11-07 20:34:41,1.0856575965881348,0.7146874070167542,-2.2604339122772217,-0.6086682081222534,2.3192427158355713,0.49388620257377625,1.0857,0.7194,-2.2596,-0.6087,2.3196,0.4939,4.24034118653438e-05,0.004712592983245889,0.0008339122772218488,3.179187774660086e-05,0.0003572841644285951,1.3797426223760567e-05,0.000998630356788673,7.201893
2025-11-07 20:34:41,1.0856575965881348,0.7146874070167542,-2.2604339122772217,-0.6086682081222534,2.3192427158355713,0.49388620257377625,1.0857,0.7194,-2.2596,-0.6087,2.3196,0.4939,4.24034118653438e-05,0.004712592983245889,0.0008339122772218488,3.179187774660086e-05,0.0003572841644285951,1.3797426223760567e-05,0.000998630356788673,2.934598
2025-11-07 20:34:41,1.0856575965881348,0.7146874070167542,-2.2604339122772217,-0.6086682081222534,2.3192427158355713,0.49388620257377625,1.0857,0.7194,-2.2596,-0.6087,2.3196,0.4939,4.24034118653438e-05,0.004712592983245889,0.0008339122772218488,3.179187774660086e-05,0.0003572841644285951,1.3797426223760567e-05,0.000998630356788673,-0.310681
2025-11-07 20:34:41,1.0856575965881348,0.7146854996681213,-2.2604339122772217,-0.6086682081222534,2.3192427158355713,0.49388620257377625,1.0857,0.7194,-2.2596,-0.6087,2.3196,0.4939,4.24034118653438e-05,0.0047145003318787015,0.0008339122772218488,3.179187774660086e-05,0.0003572841644285951,1.3797426223760567e-05,0.0009989482482274752,-2.668731
2025-11-07 20:34:41,1.0856575965881348,0.7146854996681213,-2.2604339122772217,-0.6086682081222534,2.3192427158355713,0.49388620257377625,1.0857,0.7194,-2.2596,-0.6087,2.3196,0.4939,4.24034118653438e-05,0.0047145003318787015,0.0008339122772218488,3.179187774660086e-05,0.0003572841644285951,1.3797426223760567e-05,0.0009989482482274752,-5.63515
2025-11-07 20:34:41,1.0856575965881348,0.7146854996681213,-2.2604339122772217,-0.6086682081222534,2.3192427158355713,0.49388620257377625,1.0857,0.7194,-2.2596,-0.6087,2.3196,0.4939,4.24034118653438e-05,0.0047145003318787015,0.0008339122772218488,3.179187774660086e-05,0.0003572841644285951,1.3797426223760567e-05,0.0009989482482274752,29.048541
2025-11-07 20:34:41,1.0856575965881348,0.7146854996681213,-2.2604339122772217,-0.6086682081222534,2.3192427158355713,0.49388620257377625,1.0857,0.7194,-2.2596,-0.6087,2.3196,0.4939,4.24034118653438e-05,0.0047145003318787015,0.0008339122772218488,3.179187774660086e-05,0.0003572841644285951,1.3797426223760567e-05,0.0009989482482274752,-4.575532
2025-11-07 20:34:41,1.0856575965881348,0.7146854996681213,-2.2604339122772217,-0.6086682081222534,2.3192427158355713,0.49388620257377625,1.0857,0.7194,-2.2596,-0.6087,2.3196,0.4939,4.24034118653438e-05,0.0047145003318787015,0.0008339122772218488,3.179187774660086e-05,0.0003572841644285951,1.3797426223760567e-05,0.0009989482482274752,10.757203
2025-11-07 20:34:42,1.0856575965881348,0.7146854996681213,-2.2604339122772217,-0.6086682081222534,2.3192427158355713,0.49388810992240906,1.0857,0.7194,-2.2596,-0.6087,2.3196,0.4939,4.24034118653438e-05,0.0047145003318787015,0.0008339122772218488,3.179187774660086e-05,0.0003572841644285951,1.1890077590948067e-05,0.000998630356788673,21.190749
2025-11-07 20:34:42,1.0856575965881348,0.7146854996681213,-2.2604339122772217,-0.6086682081222534,2.3192427158355713,0.49388810992240906,1.0857,0.7194,-2.2596,-0.6087,2.3196,0.4939,4.24034118653438e-05,0.0047145003318787015,0.0008339122772218488,3.179187774660086e-05,0.0003572841644285951,1.1890077590948067e-05,0.000998630356788673,18.414543
2025-11-07 20:34:42,1.0856575965881348,0.7146854996681213,-2.2604339122772217,-0.6086682081222534,2.3192427158355713,0.49388810992240906,1.0857,0.7194,-2.2596,-0.6087,2.3196,0.4939,4.24034118653438e-05,0.0047145003318787015,0.0008339122772218488,3.179187774660086e-05,0.0003572841644285951,1.1890077590948067e-05,0.000998630356788673,20.06192
2025-11-07 20:34:42,1.0856575965881348,0.7146854996681213,-2.2604339122772217,-0.6086682081222534,2.3192427158355713,0.49388810992240906,1.0857,0.7194,-2.2596,-0.6087,2.3196,0.4939,4.24034118653438e-05,0.0047145003318787015,0.0008339122772218488,3.179187774660086e-05,0.0003572841644285951,1.1890077590948067e-05,0.000998630356788673,-17.477158
2025-11-07 20:34:42,1.0856575965881348,0.7146854996681213,-2.2604339122772217,-0.6086682081222534,2.3192427158355713,0.49388810992240906,1.0857,0.7194,-2.2596,-0.6087,2.3196,0.4939,4.24034118653438e-05,0.0047145003318787015,0.0008339122772218488,3.179187774660086e-05,0.0003572841644285951,1.1890077590948067e-05,0.000998630356788673,28.914946
2025-11-07 20:34:42,1.0856575965881348,0.7146854996681213,-2.2604339122772217,-0.608670175075531,2.3192427158355713,0.49388810992240906,1.0857,0.7194,-2.2596,-0.6087,2.3196,0.4939,4.24034118653438e-05,0.0047145003318787015,0.0008339122772218488,2.982492446901297e-05,0.0003572841644285951,1.1890077590948067e-05,0.0009983025312424083,24.148601
2025-11-07 20:34:42,1.0856575965881348,0.7146854996681213,-2.2604339122772217,-0.608670175075531,2.3192427158355713,0.49388810992240906,1.0857,0.7194,-2.2596,-0.6087,2.3196,0.4939,4.24034118653438e-05,0.0047145003318787015,0.0008339122772218488,2.982492446901297e-05,0.0003572841644285951,1.1890077590948067e-05,0.0009983025312424083,16.702714
