Timestamp,Real_J1,Real_J2,Real_J3,Real_J4,Real_J5,Real_J6,Sim_J1,Sim_J2,Sim_J3,Sim_J4,Sim_J5,Sim_J6,RMSE_per_joint,Avg_RMSE,TimeDelay_ms
2025-11-07 18:20:27,0.0,0.0,0.0,0.0,0.0,0.0,0.0,0.0,0.0,0.0,0.0,0.0,0.0,0.0,0.0,0.0,0.0,0.0,0.0,0.0
2025-11-07 18:20:28,0.0,0.0,0.0,0.0,0.0,0.0,-0.0785,-0.0378,-0.9257,0.0468,1.0273,-0.0999,0.0785,0.0378,0.9257,0.0468,1.0273,0.0999,0.36933333333333335,0.0
2025-11-07 18:20:28,0.0,0.0,0.0,0.0,0.0,0.0,-0.0785,-0.0378,-0.9257,0.0468,1.0273,-0.0999,0.0785,0.0378,0.9257,0.0468,1.0273,0.0999,0.36933333333333335,0.0
2025-11-07 18:20:28,0.0,0.0,0.0,0.0,0.0,0.0,-0.0785,-0.0378,-0.9257,0.0468,1.0273,-0.0999,0.0785,0.0378,0.9257,0.0468,1.0273,0.0999,0.36933333333333335,0.0
2025-11-07 18:20:28,0.0,0.0,0.0,0.0,0.0,0.0,-0.0785,-0.0378,-0.9257,0.0468,1.0273,-0.0999,0.0785,0.0378,0.9257,0.0468,1.0273,0.0999,0.36933333333333335,0.0
2025-11-07 18:20:28,-0.07838258147239685,-0.041185468435287476,-0.9285358190536499,0.04677107557654381,1.0258668661117554,-0.0999004989862442,-0.0785,-0.0378,-0.9257,0.0468,1.0273,-0.0999,0.00011741852760314975,0.0033854684352874753,0.002835819053649935,2.8924423456193338e-05,0.0014331338882447309,4.989862441989734e-07,0.0013002105524142805,25.879697
2025-11-07 18:20:28,-0.07838258147239685,-0.041185468435287476,-0.9285358190536499,0.04677107557654381,1.0258668661117554,-0.0999004989862442,-0.0785,-0.0378,-0.9257,0.0468,1.0273,-0.0999,0.00011741852760314975,0.0033854684352874753,0.002835819053649935,2.8924423456193338e-05,0.0014331338882447309,4.989862441989734e-07,0.0013002105524142805,-4.6587
2025-11-07 18:20:29,-0.07838258147239685,-0.041185468435287476,-0.9285358190536499,0.04677107557654381,1.0258668661117554,-0.0999004989862442,-0.0785,-0.0378,-0.9257,0.0468,1.0273,-0.0999,0.00011741852760314975,0.0033854684352874753,0.002835819053649935,2.8924423456193338e-05,0.0014331338882447309,4.989862441989734e-07,0.0013002105524142805,13.484044
2025-11-07 18:20:29,-0.07838258147239685,-0.041185468435287476,-0.9285358190536499,0.04677107557654381,1.0258668661117554,-0.0999004989862442,-0.0785,-0.0378,-0.9257,0.0468,1.0273,-0.0999,0.00011741852760314975,0.0033854684352874753,0.002835819053649935,2.8924423456193338e-05,0.0014331338882447309,4.989862441989734e-07,0.0013002105524142805,7.575705
2025-11-07 18:20:29,-0.07838258147239685,-0.041185468435287476,-0.9285358190536499,0.04677107557654381,1.0258668661117554,-0.0999004989862442,-0.0785,-0.0378,-0.9257,0.0468,1.0273,-0.0999,0.00011741852760314975,0.0033854684352874753,0.002835819053649935,2.8924423456193338e-05,0.0014331338882447309,4.989862441989734e-07,0.0013002105524142805,3.918581
2025-11-07 18:20:29,-0.07838258147239685,-0.041185468435287476,-0.9285358190536499,0.04677107557654381,1.0258668661117554,-0.0999004989862442,-0.0785,-0.0378,-0.9257,0.0468,1.0273,-0.0999,0.00011741852760314975,0.0033854684352874753,0.002835819053649935,2.8924423456193338e-05,0.0014331338882447309,4.989862441989734e-07,0.0013002105524142805,12.41583
2025-11-07 18:20:29,-0.07838258147239685,-0.041185468435287476,-0.9285358190536499,0.04677107557654381,1.0258668661117554,-0.0999004989862442,-0.0785,-0.0378,-0.9257,0.0468,1.0273,-0.0999,0.00011741852760314975,0.0033854684352874753,0.002835819053649935,2.8924423456193338e-05,0.0014331338882447309,4.989862441989734e-07,0.0013002105524142805,8.378243
2025-11-07 18:20:29,-0.07838258147239685,-0.041185468435287476,-0.9285358190536499,0.04677107557654381,1.0258668661117554,-0.0999004989862442,-0.0785,-0.0378,-0.9257,0.0468,1.0273,-0.0999,0.00011741852760314975,0.0033854684352874753,0.002835819053649935,2.8924423456193338e-05,0.0014331338882447309,4.989862441989734e-07,0.0013002105524142805,-0.26753
2025-11-07 18:20:29,-0.07838258147239685,-0.041185468435287476,-0.9285358190536499,0.04677107557654381,1.0258668661117554,-0.0999004989862442,-0.0785,-0.0378,-0.9257,0.0468,1.0273,-0.0999,0.00011741852760314975,0.0033854684352874753,0.002835819053649935,2.8924423456193338e-05,0.0014331338882447309,4.989862441989734e-07,0.0013002105524142805,8.395997
2025-11-07 18:20:29,-0.07838258147239685,-0.041185468435287476,-0.9285358190536499,0.04677107557654381,1.0258668661117554,-0.0999004989862442,-0.0785,-0.0378,-0.9257,0.0468,1.0273,-0.0999,0.00011741852760314975,0.0033854684352874753,0.002835819053649935,2.8924423456193338e-05,0.0014331338882447309,4.989862441989734e-07,0.0013002105524142805,-17.023885
2025-11-07 18:20:30,-0.07838258147239685,-0.041185468435287476,-0.9285358190536499,0.04677107557654381,1.0258668661117554,-0.0999004989862442,-0.0785,-0.0378,-0.9257,0.0468,1.0273,-0.0999,0.00011741852760314975,0.0033854684352874753,0.002835819053649935,2.8924423456193338e-05,0.0014331338882447309,4.989862441989734e-07,0.0013002105524142805,-23.493804
2025-11-07 18:20:30,-0.07838258147239685,-0.041185468435287476,-0.9285358190536499,0.04677107557654381,1.0258668661117554,-0.0999004989862442,-0.0785,-0.0378,-0.9257,0.0468,1.0273,-0.0999,0.00011741852760314975,0.0033854684352874753,0.002835819053649935,2.8924423456193338e-05,0.0014331338882447309,4.989862441989734e-07,0.0013002105524142805,21.701311
2025-11-07 18:20:30,-0.07838258147239685,-0.041185468435287476,-0.9285358190536499,0.04677107557654381,1.0258668661117554,-0.0999004989862442,-0.0785,-0.0378,-0.9257,0.0468,1.0273,-0.0999,0.00011741852760314975,0.0033854684352874753,0.002835819053649935,2.8924423456193338e-05,0.0014331338882447309,4.989862441989734e-07,0.0013002105524142805,-2.018433
2025-11-07 18:20:30,-0.07838258147239685,-0.041185468435287476,-0.9285358190536499,0.04677107557654381,1.0258668661117554,-0.0999004989862442,-0.0785,-0.0378,-0.9257,0.0468,1.0273,-0.0999,0.00011741852760314975,0.0033854684352874753,0.002835819053649935,2.8924423456193338e-05,0.0014331338882447309,4.989862441989734e-07,0.0013002105524142805,-12.106562
2025-11-07 18:20:30,-0.07838258147239685,-0.041185468435287476,-0.9285358190536499,0.04677107557654381,1.0258668661117554,-0.0999004989862442,-0.0785,-0.0378,-0.9257,0.0468,1.0273,-0.0999,0.00011741852760314975,0.0033854684352874753,0.002835819053649935,2.8924423456193338e-05,0.0014331338882447309,4.989862441989734e-07,0.0013002105524142805,28.523281
2025-11-07 18:20:30,-0.07838258147239685,-0.041185468435287476,-0.9285358190536499,0.04677107557654381,1.0258668661117554,-0.0999004989862442,-0.0785,-0.0378,-0.9257,0.0468,1.0273,-0.0999,0.00011741852760314975,0.0033854684352874753,0.002835819053649935,2.8924423456193338e-05,0.0014331338882447309,4.989862441989734e-07,0.0013002105524142805,26.091801
2025-11-07 18:20:30,-0.07838258147239685,-0.041185468435287476,-0.9285358190536499,0.04677107557654381,1.0258668661117554,-0.0999004989862442,-0.0785,-0.0378,-0.9257,0.0468,1.0273,-0.0999,0.00011741852760314975,0.0033854684352874753,0.002835819053649935,2.8924423456193338e-05,0.0014331338882447309,4.989862441989734e-07,0.0013002105524142805,20.60825
2025-11-07 18:20:31,-0.07838258147239685,-0.041185468435287476,-0.9285358190536499,0.04677107557654381,1.0258668661117554,-0.0999004989862442,-0.0785,-0.0378,-0.9257,0.0468,1.0273,-0.0999,0.00011741852760314975,0.0033854684352874753,0.002835819053649935,2.8924423456193338e-05,0.0014331338882447309,4.989862441989734e-07,0.0013002105524142805,18.849912
2025-11-07 18:20:31,-0.07838258147239685,-0.041185468435287476,-0.9285358190536499,0.04677107557654381,1.0258668661117554,-0.0999004989862442,-0.0785,-0.0378,-0.9257,0.0468,1.0273,-0.0999,0.00011741852760314975,0.0033854684352874753,0.002835819053649935,2.8924423456193338e-05,0.0014331338882447309,4.989862441989734e-07,0.0013002105524142805,12.746641
2025-11-07 18:20:31,-0.07838258147239685,-0.041185468435287476,-0.9285358190536499,0.04677107557654381,1.0258668661117554,-0.0999004989862442,-0.0785,-0.0378,-0.9257,0.0468,1.0273,-0.0999,0.00011741852760314975,0.0033854684352874753,0.002835819053649935,2.8924423456193338e-05,0.0014331338882447309,4.989862441989734e-07,0.0013002105524142805,-1.240753
2025-11-07 18:20:31,-0.07838258147239685,-0.041185468435287476,-0.9285358190536499,0.04677107557654381,1.0258668661117554,-0.0999004989862442,-0.0785,-0.0378,-0.9257,0.0468,1.0273,-0.0999,0.00011741852760314975,0.0033854684352874753,0.002835819053649935,2.8924423456193338e-05,0.0014331338882447309,4.989862441989734e-07,0.0013002105524142805,8.006806
2025-11-07 18:20:31,-0.07838258147239685,-0.041185468435287476,-0.9285358190536499,0.04677107557654381,1.0258668661117554,-0.0999004989862442,-0.0785,-0.0378,-0.9257,0.0468,1.0273,-0.0999,0.00011741852760314975,0.0033854684352874753,0.002835819053649935,2.8924423456193338e-05,0.0014331338882447309,4.989862441989734e-07,0.0013002105524142805,1.986803
2025-11-07 18:20:31,-0.07838258147239685,-0.041185468435287476,-0.9285358190536499,0.04677107557654381,1.0258668661117554,-0.0999004989862442,-0.0785,-0.0378,-0.9257,0.0468,1.0273,-0.0999,0.00011741852760314975,0.0033854684352874753,0.002835819053649935,2.8924423456193338e-05,0.0014331338882447309,4.989862441989734e-07,0.0013002105524142805,-4.155813
2025-11-07 18:20:31,-0.07838258147239685,-0.041185468435287476,-0.9285358190536499,0.04677107557654381,1.0258668661117554,-0.0999004989862442,-0.0785,-0.0378,-0.9257,0.0468,1.0273,-0.0999,0.00011741852760314975,0.0033854684352874753,0.002835819053649935,2.8924423456193338e-05,0.0014331338882447309,4.989862441989734e-07,0.0013002105524142805,-5.888652
2025-11-07 18:20:32,-0.07838258147239685,-0.041185468435287476,-0.9285358190536499,0.04677107557654381,1.0258668661117554,-0.0999004989862442,-0.0785,-0.0378,-0.9257,0.0468,1.0273,-0.0999,0.00011741852760314975,0.0033854684352874753,0.002835819053649935,2.8924423456193338e-05,0.0014331338882447309,4.989862441989734e-07,0.0013002105524142805,28.902032
2025-11-07 18:20:32,-0.07838258147239685,-0.041185468435287476,-0.9285358190536499,0.04677107557654381,1.0258668661117554,-0.0999004989862442,-0.0785,-0.0378,-0.9257,0.0468,1.0273,-0.0999,0.00011741852760314975,0.0033854684352874753,0.002835819053649935,2.8924423456193338e-05,0.0014331338882447309,4.989862441989734e-07,0.0013002105524142805,23.796681
2025-11-07 18:20:32,-0.07838258147239685,-0.041185468435287476,-0.9285358190536499,0.04677107557654381,1.0258668661117554,-0.0999004989862442,-0.0785,-0.0378,-0.9257,0.0468,1.0273,-0.0999,0.00011741852760314975,0.0033854684352874753,0.002835819053649935,2.8924423456193338e-05,0.0014331338882447309,4.989862441989734e-07,0.0013002105524142805,-15.131381
2025-11-07 18:20:32,-0.07838258147239685,-0.041185468435287476,-0.9285358190536499,0.04677107557654381,1.0258668661117554,-0.0999004989862442,-0.0785,-0.0378,-0.9257,0.0468,1.0273,-0.0999,0.00011741852760314975,0.0033854684352874753,0.002835819053649935,2.8924423456193338e-05,0.0014331338882447309,4.989862441989734e-07,0.0013002105524142805,-33.986643
2025-11-07 18:20:32,-0.07838258147239685,-0.041185468435287476,-0.9285358190536499,0.04677107557654381,1.0258668661117554,-0.0999004989862442,-0.0785,-0.0378,-0.9257,0.0468,1.0273,-0.0999,0.00011741852760314975,0.0033854684352874753,0.002835819053649935,2.8924423456193338e-05,0.0014331338882447309,4.989862441989734e-07,0.0013002105524142805,-22.368342
2025-11-07 18:20:32,-0.07838258147239685,-0.041185468435287476,-0.9285358190536499,0.04677107557654381,1.0258668661117554,-0.0999004989862442,-0.0785,-0.0378,-0.9257,0.0468,1.0273,-0.0999,0.00011741852760314975,0.0033854684352874753,0.002835819053649935,2.8924423456193338e-05,0.0014331338882447309,4.989862441989734e-07,0.0013002105524142805,-1.997794
2025-11-07 18:20:32,-0.07838258147239685,-0.041185468435287476,-0.9285358190536499,0.04677107557654381,1.0258668661117554,-0.0999004989862442,-0.0785,-0.0378,-0.9257,0.0468,1.0273,-0.0999,0.00011741852760314975,0.0033854684352874753,0.002835819053649935,2.8924423456193338e-05,0.0014331338882447309,4.989862441989734e-07,0.0013002105524142805,34.213676
2025-11-07 18:20:33,-0.07838258147239685,-0.041185468435287476,-0.9285358190536499,0.04677107557654381,1.0258668661117554,-0.0999004989862442,-0.0785,-0.0378,-0.9257,0.0468,1.0273,-0.0999,0.00011741852760314975,0.0033854684352874753,0.002835819053649935,2.8924423456193338e-05,0.0014331338882447309,4.989862441989734e-07,0.0013002105524142805,14.293175
2025-11-07 18:20:33,-0.07838258147239685,-0.041185468435287476,-0.9285358190536499,0.04677107557654381,1.0258668661117554,-0.0999004989862442,-0.0785,-0.0378,-0.9257,0.0468,1.0273,-0.0999,0.00011741852760314975,0.0033854684352874753,0.002835819053649935,2.8924423456193338e-05,0.0014331338882447309,4.989862441989734e-07,0.0013002105524142805,27.178711
2025-11-07 18:20:33,-0.07838258147239685,-0.041185468435287476,-0.9285358190536499,0.04677107557654381,1.0258668661117554,-0.0999004989862442,-0.0785,-0.0378,-0.9257,0.0468,1.0273,-0.0999,0.00011741852760314975,0.0033854684352874753,0.002835819053649935,2.8924423456193338e-05,0.0014331338882447309,4.989862441989734e-07,0.0013002105524142805,29.62083
2025-11-07 18:20:33,-0.07838258147239685,-0.041185468435287476,-0.9285358190536499,0.04677107557654381,1.0258668661117554,-0.0999004989862442,-0.0785,-0.0378,-0.9257,0.0468,1.0273,-0.0999,0.00011741852760314975,0.0033854684352874753,0.002835819053649935,2.8924423456193338e-05,0.0014331338882447309,4.989862441989734e-07,0.0013002105524142805,13.084915
2025-11-07 18:20:33,-0.07838258147239685,-0.041185468435287476,-0.9285358190536499,0.04677107557654381,1.0258668661117554,-0.0999004989862442,-0.0785,-0.0378,-0.9257,0.0468,1.0273,-0.0999,0.00011741852760314975,0.0033854684352874753,0.002835819053649935,2.8924423456193338e-05,0.0014331338882447309,4.989862441989734e-07,0.0013002105524142805,29.661317
2025-11-07 18:20:34,-0.07838258147239685,-0.041185468435287476,-0.9285358190536499,0.04677107557654381,1.0258668661117554,-0.0999004989862442,-0.0785,-0.0378,-0.9257,0.0468,1.0273,-0.0999,0.00011741852760314975,0.0033854684352874753,0.002835819053649935,2.8924423456193338e-05,0.0014331338882447309,4.989862441989734e-07,0.0013002105524142805,20.576139
2025-11-07 18:20:34,-0.07838258147239685,-0.041185468435287476,-0.9285358190536499,0.04677107557654381,1.0258668661117554,-0.0999004989862442,-0.0785,-0.0378,-0.9257,0.0468,1.0273,-0.0999,0.00011741852760314975,0.0033854684352874753,0.002835819053649935,2.8924423456193338e-05,0.0014331338882447309,4.989862441989734e-07,0.0013002105524142805,1.825856
2025-11-07 18:20:34,-0.07838258147239685,-0.041185468435287476,-0.9285358190536499,0.04677107557654381,1.0258668661117554,-0.0999004989862442,-0.0785,-0.0378,-0.9257,0.0468,1.0273,-0.0999,0.00011741852760314975,0.0033854684352874753,0.002835819053649935,2.8924423456193338e-05,0.0014331338882447309,4.989862441989734e-07,0.0013002105524142805,7.939177
2025-11-07 18:20:34,-0.07838258147239685,-0.041185468435287476,-0.9285358190536499,0.04677107557654381,1.0258668661117554,-0.0999004989862442,-0.0785,-0.0378,-0.9257,0.0468,1.0273,-0.0999,0.00011741852760314975,0.0033854684352874753,0.002835819053649935,2.8924423456193338e-05,0.0014331338882447309,4.989862441989734e-07,0.0013002105524142805,-1.138357
2025-11-07 18:20:34,-0.07838258147239685,-0.041185468435287476,-0.9285358190536499,0.04677107557654381,1.0258668661117554,-0.0999004989862442,-0.0785,-0.0378,-0.9257,0.0468,1.0273,-0.0999,0.00011741852760314975,0.0033854684352874753,0.002835819053649935,2.8924423456193338e-05,0.0014331338882447309,4.989862441989734e-07,0.0013002105524142805,29.075091
2025-11-07 18:20:34,-0.07838258147239685,-0.041185468435287476,-0.9285377264022827,0.04677107557654381,1.0258668661117554,-0.0999004989862442,-0.0785,-0.0378,-0.9257,0.0468,1.0273,-0.0999,0.00011741852760314975,0.0033854684352874753,0.0028377264022827475,2.8924423456193338e-05,0.0014331338882447309,4.989862441989734e-07,0.0013005284438530826,26.635206
2025-11-07 18:20:34,-0.07838258147239685,-0.041185468435287476,-0.9285377264022827,0.04677107557654381,1.0258668661117554,-0.0999004989862442,-0.0785,-0.0378,-0.9257,0.0468,1.0273,-0.0999,0.00011741852760314975,0.0033854684352874753,0.0028377264022827475,2.8924423456193338e-05,0.0014331338882447309,4.989862441989734e-07,0.0013005284438530826,1.960683
2025-11-07 18:20:35,-0.07838258147239685,-0.041185468435287476,-0.9285377264022827,0.04677107557654381,1.0258668661117554,-0.0999004989862442,-0.0785,-0.0378,-0.9257,0.0468,1.0273,-0.0999,0.00011741852760314975,0.0033854684352874753,0.0028377264022827475,2.8924423456193338e-05,0.0014331338882447309,4.989862441989734e-07,0.0013005284438530826,20.69246
2025-11-07 18:20:35,-0.07838258147239685,-0.041185468435287476,-0.9285377264022827,0.04677107557654381,1.0258668661117554,-0.0999004989862442,-0.0785,-0.0378,-0.9257,0.0468,1.0273,-0.0999,0.00011741852760314975,0.0033854684352874753,0.0028377264022827475,2.8924423456193338e-05,0.0014331338882447309,4.989862441989734e-07,0.0013005284438530826,9.66359
2025-11-07 18:20:35,-0.07838258147239685,-0.041185468435287476,-0.9285396337509155,0.04677107557654381,1.0258668661117554,-0.0999004989862442,-0.0785,-0.0378,-0.9257,0.0468,1.0273,-0.0999,0.00011741852760314975,0.0033854684352874753,0.00283963375091556,2.8924423456193338e-05,0.0014331338882447309,4.989862441989734e-07,0.0013008463352918848,-1.291309
2025-11-07 18:20:35,-0.07838258147239685,-0.041185468435287476,-0.9285396337509155,0.04677107557654381,1.0258668661117554,-0.0999004989862442,-0.0785,-0.0378,-0.9257,0.0468,1.0273,-0.0999,0.00011741852760314975,0.0033854684352874753,0.00283963375091556,2.8924423456193338e-05,0.0014331338882447309,4.989862441989734e-07,0.0013008463352918848,4.58512
2025-11-07 18:20:35,-0.07838258147239685,-0.041185468435287476,-0.9285396337509155,0.04677107557654381,1.0258668661117554,-0.0999004989862442,-0.0785,-0.0378,-0.9257,0.0468,1.0273,-0.0999,0.00011741852760314975,0.0033854684352874753,0.00283963375091556,2.8924423456193338e-05,0.0014331338882447309,4.989862441989734e-07,0.0013008463352918848,24.298868
2025-11-07 18:20:35,-0.07838258147239685,-0.041185468435287476,-0.9285396337509155,0.04677107557654381,1.0258668661117554,-0.0999004989862442,-0.0785,-0.0378,-0.9257,0.0468,1.0273,-0.0999,0.00011741852760314975,0.0033854684352874753,0.00283963375091556,2.8924423456193338e-05,0.0014331338882447309,4.989862441989734e-07,0.0013008463352918848,22.854708
2025-11-07 18:20:35,-0.07838258147239685,-0.041185468435287476,-0.9285396337509155,0.04677107557654381,1.0258668661117554,-0.0999004989862442,-0.0785,-0.0378,-0.9257,0.0468,1.0273,-0.0999,0.00011741852760314975,0.0033854684352874753,0.00283963375091556,2.8924423456193338e-05,0.0014331338882447309,4.989862441989734e-07,0.0013008463352918848,19.190631
2025-11-07 18:20:36,-0.07838258147239685,-0.041185468435287476,-0.9285396337509155,0.04677107557654381,1.0258668661117554,-0.0999004989862442,-0.0785,-0.0378,-0.9257,0.0468,1.0273,-0.0999,0.00011741852760314975,0.0033854684352874753,0.00283963375091556,2.8924423456193338e-05,0.0014331338882447309,4.989862441989734e-07,0.0013008463352918848,8.883745
2025-11-07 18:20:36,-0.07838258147239685,-0.041185468435287476,-0.9285396337509155,0.04677107557654381,1.0258668661117554,-0.0999004989862442,-0.0785,-0.0378,-0.9257,0.0468,1.0273,-0.0999,0.00011741852760314975,0.0033854684352874753,0.00283963375091556,2.8924423456193338e-05,0.0014331338882447309,4.989862441989734e-07,0.0013008463352918848,7.172316
2025-11-07 18:20:36,-0.07838258147239685,-0.041185468435287476,-0.9285396337509155,0.04677107557654381,1.0258668661117554,-0.0999004989862442,-0.0785,-0.0378,-0.9257,0.0468,1.0273,-0.0999,0.00011741852760314975,0.0033854684352874753,0.00283963375091556,2.8924423456193338e-05,0.0014331338882447309,4.989862441989734e-07,0.0013008463352918848,25.636784
2025-11-07 18:20:36,-0.07838258147239685,-0.041185468435287476,-0.9285396337509155,0.04677107557654381,1.0258668661117554,-0.0999004989862442,-0.0785,-0.0378,-0.9257,0.0468,1.0273,-0.0999,0.00011741852760314975,0.0033854684352874753,0.00283963375091556,2.8924423456193338e-05,0.0014331338882447309,4.989862441989734e-07,0.0013008463352918848,16.970313
2025-11-07 18:20:36,-0.07838258147239685,-0.041185468435287476,-0.9285396337509155,0.04677107557654381,1.0258668661117554,-0.0999004989862442,-0.0785,-0.0378,-0.9257,0.0468,1.0273,-0.0999,0.00011741852760314975,0.0033854684352874753,0.00283963375091556,2.8924423456193338e-05,0.0014331338882447309,4.989862441989734e-07,0.0013008463352918848,5.307065
2025-11-07 18:20:36,-0.07838258147239685,-0.041185468435287476,-0.9285396337509155,0.04677107557654381,1.0258668661117554,-0.0999004989862442,-0.0785,-0.0378,-0.9257,0.0468,1.0273,-0.0999,0.00011741852760314975,0.0033854684352874753,0.00283963375091556,2.8924423456193338e-05,0.0014331338882447309,4.989862441989734e-07,0.0013008463352918848,6.7015
2025-11-07 18:20:37,-0.07838258147239685,-0.041185468435287476,-0.9285396337509155,0.04677107557654381,1.0258668661117554,-0.0999004989862442,-0.0785,-0.0378,-0.9257,0.0468,1.0273,-0.0999,0.00011741852760314975,0.0033854684352874753,0.00283963375091556,2.8924423456193338e-05,0.0014331338882447309,4.989862441989734e-07,0.0013008463352918848,11.898736
2025-11-07 18:20:37,-0.07838258147239685,-0.041185468435287476,-0.9285396337509155,0.04677107557654381,1.0258668661117554,-0.0999004989862442,-0.0785,-0.0378,-0.9257,0.0468,1.0273,-0.0999,0.00011741852760314975,0.0033854684352874753,0.00283963375091556,2.8924423456193338e-05,0.0014331338882447309,4.989862441989734e-07,0.0013008463352918848,12.768582
2025-11-07 18:20:37,-0.07838258147239685,-0.041185468435287476,-0.9285396337509155,0.04677107557654381,1.0258668661117554,-0.0999004989862442,-0.0785,-0.0378,-0.9257,0.0468,1.0273,-0.0999,0.00011741852760314975,0.0033854684352874753,0.00283963375091556,2.8924423456193338e-05,0.0014331338882447309,4.989862441989734e-07,0.0013008463352918848,13.311756
2025-11-07 18:20:37,-0.07838258147239685,-0.041185468435287476,-0.9285396337509155,0.04677107557654381,1.0258668661117554,-0.0999004989862442,-0.0785,-0.0378,-0.9257,0.0468,1.0273,-0.0999,0.00011741852760314975,0.0033854684352874753,0.00283963375091556,2.8924423456193338e-05,0.0014331338882447309,4.989862441989734e-07,0.0013008463352918848,4.732701
2025-11-07 18:20:37,-0.07838258147239685,-0.041185468435287476,-0.9285396337509155,0.04677107557654381,1.0258668661117554,-0.0999004989862442,-0.0785,-0.0378,-0.9257,0.0468,1.0273,-0.0999,0.00011741852760314975,0.0033854684352874753,0.00283963375091556,2.8924423456193338e-05,0.0014331338882447309,4.989862441989734e-07,0.0013008463352918848,3.289734
2025-11-07 18:20:37,-0.07838258147239685,-0.041185468435287476,-0.9285396337509155,0.04677107557654381,1.0258668661117554,-0.0999004989862442,-0.0785,-0.0378,-0.9257,0.0468,1.0273,-0.0999,0.00011741852760314975,0.0033854684352874753,0.00283963375091556,2.8924423456193338e-05,0.0014331338882447309,4.989862441989734e-07,0.0013008463352918848,-2.369121
2025-11-07 18:20:37,-0.07838258147239685,-0.041185468435287476,-0.9285396337509155,0.04677107557654381,1.0258668661117554,-0.0999004989862442,-0.0785,-0.0378,-0.9257,0.0468,1.0273,-0.0999,0.00011741852760314975,0.0033854684352874753,0.00283963375091556,2.8924423456193338e-05,0.0014331338882447309,4.989862441989734e-07,0.0013008463352918848,2.68362
2025-11-07 18:20:37,-0.07838258147239685,-0.041185468435287476,-0.9285396337509155,0.04677107557654381,1.0258668661117554,-0.0999004989862442,-0.0785,-0.0378,-0.9257,0.0468,1.0273,-0.0999,0.00011741852760314975,0.0033854684352874753,0.00283963375091556,2.8924423456193338e-05,0.0014331338882447309,4.989862441989734e-07,0.0013008463352918848,0.962763
2025-11-07 18:20:38,-0.07838258147239685,-0.041185468435287476,-0.9285396337509155,0.04677107557654381,1.0258668661117554,-0.0999004989862442,-0.0785,-0.0378,-0.9257,0.0468,1.0273,-0.0999,0.00011741852760314975,0.0033854684352874753,0.00283963375091556,2.8924423456193338e-05,0.0014331338882447309,4.989862441989734e-07,0.0013008463352918848,9.508194
2025-11-07 18:20:38,-0.07838258147239685,-0.041185468435287476,-0.9285396337509155,0.04677107557654381,1.0258668661117554,-0.0999004989862442,-0.0785,-0.0378,-0.9257,0.0468,1.0273,-0.0999,0.00011741852760314975,0.0033854684352874753,0.00283963375091556,2.8924423456193338e-05,0.0014331338882447309,4.989862441989734e-07,0.0013008463352918848,-1.085998
2025-11-07 18:20:38,-0.07838258147239685,-0.041185468435287476,-0.9285396337509155,0.04677107557654381,1.0258668661117554,-0.0999004989862442,-0.0785,-0.0378,-0.9257,0.0468,1.0273,-0.0999,0.00011741852760314975,0.0033854684352874753,0.00283963375091556,2.8924423456193338e-05,0.0014331338882447309,4.989862441989734e-07,0.0013008463352918848,-29.254513
2025-11-07 18:20:38,-0.07838258147239685,-0.041185468435287476,-0.9285396337509155,0.04677107557654381,1.0258668661117554,-0.0999004989862442,-0.0785,-0.0378,-0.9257,0.0468,1.0273,-0.0999,0.00011741852760314975,0.0033854684352874753,0.00283963375091556,2.8924423456193338e-05,0.0014331338882447309,4.989862441989734e-07,0.0013008463352918848,-11.157976
2025-11-07 18:20:38,-0.07838258147239685,-0.041185468435287476,-0.9285396337509155,0.04677107557654381,1.0258668661117554,-0.0999004989862442,-0.0785,-0.0378,-0.9257,0.0468,1.0273,-0.0999,0.00011741852760314975,0.0033854684352874753,0.00283963375091556,2.8924423456193338e-05,0.0014331338882447309,4.989862441989734e-07,0.0013008463352918848,1.032326
2025-11-07 18:20:38,-0.07838258147239685,-0.041185468435287476,-0.9285396337509155,0.04677107557654381,1.0258668661117554,-0.0999004989862442,-0.0785,-0.0378,-0.9257,0.0468,1.0273,-0.0999,0.00011741852760314975,0.0033854684352874753,0.00283963375091556,2.8924423456193338e-05,0.0014331338882447309,4.989862441989734e-07,0.0013008463352918848,24.062086
2025-11-07 18:20:38,-0.07838258147239685,-0.041185468435287476,-0.9285396337509155,0.04677107557654381,1.0258668661117554,-0.0999004989862442,-0.0785,-0.0378,-0.9257,0.0468,1.0273,-0.0999,0.00011741852760314975,0.0033854684352874753,0.00283963375091556,2.8924423456193338e-05,0.0014331338882447309,4.989862441989734e-07,0.0013008463352918848,21.161985
2025-11-07 18:20:39,-0.07838258147239685,-0.041185468435287476,-0.9285396337509155,0.04677107557654381,1.0258668661117554,-0.0999004989862442,-0.0785,-0.0378,-0.9257,0.0468,1.0273,-0.0999,0.00011741852760314975,0.0033854684352874753,0.00283963375091556,2.8924423456193338e-05,0.0014331338882447309,4.989862441989734e-07,0.0013008463352918848,-0.276487
2025-11-07 18:20:39,-0.07838258147239685,-0.041185468435287476,-0.9285396337509155,0.04677107557654381,1.0258668661117554,-0.0999004989862442,-0.0785,-0.0378,-0.9257,0.0468,1.0273,-0.0999,0.00011741852760314975,0.0033854684352874753,0.00283963375091556,2.8924423456193338e-05,0.0014331338882447309,4.989862441989734e-07,0.0013008463352918848,22.659145
2025-11-07 18:20:39,-0.07838258147239685,-0.041185468435287476,-0.9285396337509155,0.04677107557654381,1.0258668661117554,-0.0999004989862442,-0.0785,-0.0378,-0.9257,0.0468,1.0273,-0.0999,0.00011741852760314975,0.0033854684352874753,0.00283963375091556,2.8924423456193338e-05,0.0014331338882447309,4.989862441989734e-07,0.0013008463352918848,22.653725
2025-11-07 18:20:39,-0.07838258147239685,-0.041185468435287476,-0.9285396337509155,0.04677299037575722,1.0258668661117554,-0.0999004989862442,-0.0785,-0.0378,-0.9257,0.0468,1.0273,-0.0999,0.00011741852760314975,0.0033854684352874753,0.00283963375091556,2.7009624242783914e-05,0.0014331338882447309,4.989862441989734e-07,0.0013005272020896498,24.681787
2025-11-07 18:20:39,-0.07838258147239685,-0.041185468435287476,-0.9285396337509155,0.04677299037575722,1.0258668661117554,-0.0999004989862442,-0.0785,-0.0378,-0.9257,0.0468,1.0273,-0.0999,0.00011741852760314975,0.0033854684352874753,0.00283963375091556,2.7009624242783914e-05,0.0014331338882447309,4.989862441989734e-07,0.0013005272020896498,29.697036
2025-11-07 18:20:39,-0.07838258147239685,-0.041185468435287476,-0.9285396337509155,0.04677299037575722,1.0258668661117554,-0.0999004989862442,-0.0785,-0.0378,-0.9257,0.0468,1.0273,-0.0999,0.00011741852760314975,0.0033854684352874753,0.00283963375091556,2.7009624242783914e-05,0.0014331338882447309,4.989862441989734e-07,0.0013005272020896498,16.73766
2025-11-07 18:20:39,-0.07838258147239685,-0.041185468435287476,-0.9285396337509155,0.046774908900260925,1.0258668661117554,-0.0999004989862442,-0.0785,-0.0378,-0.9257,0.0468,1.0273,-0.0999,0.00011741852760314975,0.0033854684352874753,0.00283963375091556,2.5091099739076028e-05,0.0014331338882447309,4.989862441989734e-07,0.0013002074480056986,31.709398
2025-11-07 18:20:39,-0.07838258147239685,-0.041185468435287476,-0.9285396337509155,0.046774908900260925,1.0258668661117554,-0.0999004989862442,-0.0785,-0.0378,-0.9257,0.0468,1.0273,-0.0999,0.00011741852760314975,0.0033854684352874753,0.00283963375091556,2.5091099739076028e-05,0.0014331338882447309,4.989862441989734e-07,0.0013002074480056986,21.40686
2025-11-07 18:20:40,-0.07838258147239685,-0.041185468435287476,-0.9285396337509155,0.046774908900260925,1.0258668661117554,-0.0999004989862442,-0.0785,-0.0378,-0.9257,0.0468,1.0273,-0.0999,0.00011741852760314975,0.0033854684352874753,0.00283963375091556,2.5091099739076028e-05,0.0014331338882447309,4.989862441989734e-07,0.0013002074480056986,15.821706
2025-11-07 18:20:40,-0.07838258147239685,-0.041185468435287476,-0.9285396337509155,0.046774908900260925,1.0258668661117554,-0.0999004989862442,-0.0785,-0.0378,-0.9257,0.0468,1.0273,-0.0999,0.00011741852760314975,0.0033854684352874753,0.00283963375091556,2.5091099739076028e-05,0.0014331338882447309,4.989862441989734e-07,0.0013002074480056986,16.050602
2025-11-07 18:20:40,-0.07838258147239685,-0.041185468435287476,-0.9285396337509155,0.046774908900260925,1.0258668661117554,-0.0999004989862442,-0.0785,-0.0378,-0.9257,0.0468,1.0273,-0.0999,0.00011741852760314975,0.0033854684352874753,0.00283963375091556,2.5091099739076028e-05,0.0014331338882447309,4.989862441989734e-07,0.0013002074480056986,15.040198
2025-11-07 18:20:40,-0.07838258147239685,-0.041185468435287476,-0.9285396337509155,0.046774908900260925,1.0258668661117554,-0.0999004989862442,-0.0785,-0.0378,-0.9257,0.0468,1.0273,-0.0999,0.00011741852760314975,0.0033854684352874753,0.00283963375091556,2.5091099739076028e-05,0.0014331338882447309,4.989862441989734e-07,0.0013002074480056986,16.367205
2025-11-07 18:20:40,-0.07838258147239685,-0.041185468435287476,-0.9285396337509155,0.046774908900260925,1.0258668661117554,-0.0999004989862442,-0.0785,-0.0378,-0.9257,0.0468,1.0273,-0.0999,0.00011741852760314975,0.0033854684352874753,0.00283963375091556,2.5091099739076028e-05,0.0014331338882447309,4.989862441989734e-07,0.0013002074480056986,14.907285
2025-11-07 18:20:40,-0.07838258147239685,-0.041185468435287476,-0.9285396337509155,0.046774908900260925,1.0258668661117554,-0.0999004989862442,-0.0785,-0.0378,-0.9257,0.0468,1.0273,-0.0999,0.00011741852760314975,0.0033854684352874753,0.00283963375091556,2.5091099739076028e-05,0.0014331338882447309,4.989862441989734e-07,0.0013002074480056986,17.713918
2025-11-07 18:20:40,-0.07838258147239685,-0.041185468435287476,-0.9285396337509155,0.046774908900260925,1.0258668661117554,-0.0999004989862442,-0.0785,-0.0378,-0.9257,0.0468,1.0273,-0.0999,0.00011741852760314975,0.0033854684352874753,0.00283963375091556,2.5091099739076028e-05,0.0014331338882447309,4.989862441989734e-07,0.0013002074480056986,9.014515
2025-11-07 18:20:41,-0.07838258147239685,-0.041185468435287476,-0.9285396337509155,0.046774908900260925,1.0258668661117554,-0.0999004989862442,-0.0785,-0.0378,-0.9257,0.0468,1.0273,-0.0999,0.00011741852760314975,0.0033854684352874753,0.00283963375091556,2.5091099739076028e-05,0.0014331338882447309,4.989862441989734e-07,0.0013002074480056986,33.413161
2025-11-07 18:20:41,-0.07838258147239685,-0.041185468435287476,-0.9285396337509155,0.046774908900260925,1.0258668661117554,-0.0999004989862442,-0.0785,-0.0378,-0.9257,0.0468,1.0273,-0.0999,0.00011741852760314975,0.0033854684352874753,0.00283963375091556,2.5091099739076028e-05,0.0014331338882447309,4.989862441989734e-07,0.0013002074480056986,29.863633
2025-11-07 18:20:41,-0.07838258147239685,-0.041185468435287476,-0.9285396337509155,0.046774908900260925,1.0258668661117554,-0.0999004989862442,-0.0785,-0.0378,-0.9257,0.0468,1.0273,-0.0999,0.00011741852760314975,0.0033854684352874753,0.00283963375091556,2.5091099739076028e-05,0.0014331338882447309,4.989862441989734e-07,0.0013002074480056986,18.067823
2025-11-07 18:20:41,-0.07838258147239685,-0.041185468435287476,-0.9285396337509155,0.046774908900260925,1.0258668661117554,-0.0999004989862442,-0.0785,-0.0378,-0.9257,0.0468,1.0273,-0.0999,0.00011741852760314975,0.0033854684352874753,0.00283963375091556,2.5091099739076028e-05,0.0014331338882447309,4.989862441989734e-07,0.0013002074480056986,11.057174
2025-11-07 18:20:41,-0.07838258147239685,-0.041185468435287476,-0.9285396337509155,0.046774908900260925,1.0258668661117554,-0.0999004989862442,-0.0785,-0.0378,-0.9257,0.0468,1.0273,-0.0999,0.00011741852760314975,0.0033854684352874753,0.00283963375091556,2.5091099739076028e-05,0.0014331338882447309,4.989862441989734e-07,0.0013002074480056986,7.74647
2025-11-07 18:20:41,-0.07838258147239685,-0.041185468435287476,-0.9285396337509155,0.046774908900260925,1.0258668661117554,-0.0999004989862442,-0.0785,-0.0378,-0.9257,0.0468,1.0273,-0.0999,0.00011741852760314975,0.0033854684352874753,0.00283963375091556,2.5091099739076028e-05,0.0014331338882447309,4.989862441989734e-07,0.0013002074480056986,2.611252
2025-11-07 18:20:41,-0.07838258147239685,-0.041185468435287476,-0.9285396337509155,0.046774908900260925,1.0258668661117554,-0.0999004989862442,-0.0785,-0.0378,-0.9257,0.0468,1.0273,-0.0999,0.00011741852760314975,0.0033854684352874753,0.00283963375091556,2.5091099739076028e-05,0.0014331338882447309,4.989862441989734e-07,0.0013002074480056986,0.711204
2025-11-07 18:20:42,-0.07838258147239685,-0.041185468435287476,-0.9285396337509155,0.046774908900260925,1.0258668661117554,-0.0999004989862442,-0.0785,-0.0378,-0.9257,0.0468,1.0273,-0.0999,0.00011741852760314975,0.0033854684352874753,0.00283963375091556,2.5091099739076028e-05,0.0014331338882447309,4.989862441989734e-07,0.0013002074480056986,-3.229419
2025-11-07 18:20:42,-0.07838258147239685,-0.041185468435287476,-0.9285396337509155,0.046774908900260925,1.0258668661117554,-0.0999004989862442,-0.0785,-0.0378,-0.9257,0.0468,1.0273,-0.0999,0.00011741852760314975,0.0033854684352874753,0.00283963375091556,2.5091099739076028e-05,0.0014331338882447309,4.989862441989734e-07,0.0013002074480056986,-3.675619
2025-11-07 18:20:42,-0.07838258147239685,-0.041185468435287476,-0.9285396337509155,0.046774908900260925,1.0258668661117554,-0.0999004989862442,-0.0785,-0.0378,-0.9257,0.0468,1.0273,-0.0999,0.00011741852760314975,0.0033854684352874753,0.00283963375091556,2.5091099739076028e-05,0.0014331338882447309,4.989862441989734e-07,0.0013002074480056986,-10.085223
2025-11-07 18:20:42,-0.07838258147239685,-0.041185468435287476,-0.9285396337509155,0.046774908900260925,1.0258668661117554,-0.0999004989862442,-0.0785,-0.0378,-0.9257,0.0468,1.0273,-0.0999,0.00011741852760314975,0.0033854684352874753,0.00283963375091556,2.5091099739076028e-05,0.0014331338882447309,4.989862441989734e-07,0.0013002074480056986,32.264824
2025-11-07 18:20:42,-0.07838258147239685,-0.041185468435287476,-0.9285396337509155,0.046774908900260925,1.0258668661117554,-0.0999004989862442,-0.0785,-0.0378,-0.9257,0.0468,1.0273,-0.0999,0.00011741852760314975,0.0033854684352874753,0.00283963375091556,2.5091099739076028e-05,0.0014331338882447309,4.989862441989734e-07,0.0013002074480056986,29.324456
2025-11-07 18:20:42,-0.07838258147239685,-0.041185468435287476,-0.9285396337509155,0.046774908900260925,1.0258668661117554,-0.0999004989862442,-0.0785,-0.0378,-0.9257,0.0468,1.0273,-0.0999,0.00011741852760314975,0.0033854684352874753,0.00283963375091556,2.5091099739076028e-05,0.0014331338882447309,4.989862441989734e-07,0.0013002074480056986,16.79512
2025-11-07 18:20:42,-0.07838258147239685,-0.041185468435287476,-0.9285396337509155,0.046774908900260925,1.0258668661117554,-0.0999004989862442,-0.0785,-0.0378,-0.9257,0.0468,1.0273,-0.0999,0.00011741852760314975,0.0033854684352874753,0.00283963375091556,2.5091099739076028e-05,0.0014331338882447309,4.989862441989734e-07,0.0013002074480056986,15.49861
2025-11-07 18:20:43,-0.07838258147239685,-0.041185468435287476,-0.9285396337509155,0.046774908900260925,1.0258668661117554,-0.0999004989862442,-0.0785,-0.0378,-0.9257,0.0468,1.0273,-0.0999,0.00011741852760314975,0.0033854684352874753,0.00283963375091556,2.5091099739076028e-05,0.0014331338882447309,4.989862441989734e-07,0.0013002074480056986,14.295189
2025-11-07 18:20:43,-0.07838258147239685,-0.041185468435287476,-0.9285396337509155,0.046774908900260925,1.0258668661117554,-0.0999004989862442,-0.0785,-0.0378,-0.9257,0.0468,1.0273,-0.0999,0.00011741852760314975,0.0033854684352874753,0.00283963375091556,2.5091099739076028e-05,0.0014331338882447309,4.989862441989734e-07,0.0013002074480056986,13.743108
2025-11-07 18:20:43,-0.07838258147239685,-0.041185468435287476,-0.9285396337509155,0.046774908900260925,1.0258668661117554,-0.09990241378545761,-0.0785,-0.0378,-0.9257,0.0468,1.0273,-0.0999,0.00011741852760314975,0.0033854684352874753,0.00283963375091556,2.5091099739076028e-05,0.0014331338882447309,2.4137854576083972e-06,0.0013005265812079333,31.282224
2025-11-07 18:20:43,-0.07838258147239685,-0.041185468435287476,-0.9285396337509155,0.046774908900260925,1.0258668661117554,-0.09990241378545761,-0.0785,-0.0378,-0.9257,0.0468,1.0273,-0.0999,0.00011741852760314975,0.0033854684352874753,0.00283963375091556,2.5091099739076028e-05,0.0014331338882447309,2.4137854576083972e-06,0.0013005265812079333,28.872596
2025-11-07 18:20:43,-0.07838258147239685,-0.041185468435287476,-0.9285396337509155,0.046774908900260925,1.0258668661117554,-0.09990241378545761,-0.0785,-0.0378,-0.9257,0.0468,1.0273,-0.0999,0.00011741852760314975,0.0033854684352874753,0.00283963375091556,2.5091099739076028e-05,0.0014331338882447309,2.4137854576083972e-06,0.0013005265812079333,23.96461
2025-11-07 18:20:43,-0.07838258147239685,-0.041185468435287476,-0.9285396337509155,0.046774908900260925,1.0258668661117554,-0.09990241378545761,-0.0785,-0.0378,-0.9257,0.0468,1.0273,-0.0999,0.00011741852760314975,0.0033854684352874753,0.00283963375091556,2.5091099739076028e-05,0.0014331338882447309,2.4137854576083972e-06,0.0013005265812079333,29.517494
2025-11-07 18:20:43,-0.07838258147239685,-0.041185468435287476,-0.9285396337509155,0.046774908900260925,1.0258668661117554,-0.09990241378545761,-0.0785,-0.0378,-0.9257,0.0468,1.0273,-0.0999,0.00011741852760314975,0.0033854684352874753,0.00283963375091556,2.5091099739076028e-05,0.0014331338882447309,2.4137854576083972e-06,0.0013005265812079333,24.476185
2025-11-07 18:20:44,-0.07838258147239685,-0.041185468435287476,-0.9285396337509155,0.046774908900260925,1.0258668661117554,-0.09990241378545761,-0.0785,-0.0378,-0.9257,0.0468,1.0273,-0.0999,0.00011741852760314975,0.0033854684352874753,0.00283963375091556,2.5091099739076028e-05,0.0014331338882447309,2.4137854576083972e-06,0.0013005265812079333,17.894452
2025-11-07 18:20:44,-0.07838258147239685,-0.041185468435287476,-0.9285396337509155,0.046774908900260925,1.0258668661117554,-0.09990241378545761,-0.0785,-0.0378,-0.9257,0.0468,1.0273,-0.0999,0.00011741852760314975,0.0033854684352874753,0.00283963375091556,2.5091099739076028e-05,0.0014331338882447309,2.4137854576083972e-06,0.0013005265812079333,14.023222
2025-11-07 18:20:44,-0.07838258147239685,-0.041185468435287476,-0.9285396337509155,0.046774908900260925,1.0258668661117554,-0.09990241378545761,-0.0785,-0.0378,-0.9257,0.0468,1.0273,-0.0999,0.00011741852760314975,0.0033854684352874753,0.00283963375091556,2.5091099739076028e-05,0.0014331338882447309,2.4137854576083972e-06,0.0013005265812079333,4.959363
2025-11-07 18:20:44,-0.07838258147239685,-0.041185468435287476,-0.9285396337509155,0.046774908900260925,1.0258668661117554,-0.09990241378545761,-0.0785,-0.0378,-0.9257,0.0468,1.0273,-0.0999,0.00011741852760314975,0.0033854684352874753,0.00283963375091556,2.5091099739076028e-05,0.0014331338882447309,2.4137854576083972e-06,0.0013005265812079333,5.114418
2025-11-07 18:20:44,-0.07838258147239685,-0.041185468435287476,-0.9285396337509155,0.046774908900260925,1.0258668661117554,-0.09990241378545761,-0.0785,-0.0378,-0.9257,0.0468,1.0273,-0.0999,0.00011741852760314975,0.0033854684352874753,0.00283963375091556,2.5091099739076028e-05,0.0014331338882447309,2.4137854576083972e-06,0.0013005265812079333,6.917251
2025-11-07 18:20:44,-0.07838258147239685,-0.041185468435287476,-0.9285396337509155,0.046774908900260925,1.0258668661117554,-0.09990241378545761,-0.0785,-0.0378,-0.9257,0.0468,1.0273,-0.0999,0.00011741852760314975,0.0033854684352874753,0.00283963375091556,2.5091099739076028e-05,0.0014331338882447309,2.4137854576083972e-06,0.0013005265812079333,15.694704
2025-11-07 18:20:44,-0.07838258147239685,-0.041185468435287476,-0.9285396337509155,0.046774908900260925,1.0258668661117554,-0.09990241378545761,-0.0785,-0.0378,-0.9257,0.0468,1.0273,-0.0999,0.00011741852760314975,0.0033854684352874753,0.00283963375091556,2.5091099739076028e-05,0.0014331338882447309,2.4137854576083972e-06,0.0013005265812079333,8.947357
2025-11-07 18:20:45,-0.07838258147239685,-0.041185468435287476,-0.9285396337509155,0.046774908900260925,1.0258668661117554,-0.09990241378545761,-0.0785,-0.0378,-0.9257,0.0468,1.0273,-0.0999,0.00011741852760314975,0.0033854684352874753,0.00283963375091556,2.5091099739076028e-05,0.0014331338882447309,2.4137854576083972e-06,0.0013005265812079333,2.907095
2025-11-07 18:20:45,-0.07838258147239685,-0.041185468435287476,-0.9285396337509155,0.046774908900260925,1.0258668661117554,-0.09990241378545761,-0.0785,-0.0378,-0.9257,0.0468,1.0273,-0.0999,0.00011741852760314975,0.0033854684352874753,0.00283963375091556,2.5091099739076028e-05,0.0014331338882447309,2.4137854576083972e-06,0.0013005265812079333,-1.988266
2025-11-07 18:20:45,-0.07838258147239685,-0.041185468435287476,-0.9285396337509155,0.046774908900260925,1.0258668661117554,-0.09990241378545761,-0.0785,-0.0378,-0.9257,0.0468,1.0273,-0.0999,0.00011741852760314975,0.0033854684352874753,0.00283963375091556,2.5091099739076028e-05,0.0014331338882447309,2.4137854576083972e-06,0.0013005265812079333,3.318909
2025-11-07 18:20:45,-0.07838258147239685,-0.041185468435287476,-0.9285396337509155,0.046774908900260925,1.0258668661117554,-0.09990241378545761,-0.0785,-0.0378,-0.9257,0.0468,1.0273,-0.0999,0.00011741852760314975,0.0033854684352874753,0.00283963375091556,2.5091099739076028e-05,0.0014331338882447309,2.4137854576083972e-06,0.0013005265812079333,2.299999
2025-11-07 18:20:45,-0.07838258147239685,-0.041185468435287476,-0.9285396337509155,0.046774908900260925,1.0258668661117554,-0.09990241378545761,-0.0785,-0.0378,-0.9257,0.0468,1.0273,-0.0999,0.00011741852760314975,0.0033854684352874753,0.00283963375091556,2.5091099739076028e-05,0.0014331338882447309,2.4137854576083972e-06,0.0013005265812079333,21.633261
2025-11-07 18:20:45,-0.07838258147239685,-0.041185468435287476,-0.9285396337509155,0.046774908900260925,1.0258668661117554,-0.09990241378545761,-0.0785,-0.0378,-0.9257,0.0468,1.0273,-0.0999,0.00011741852760314975,0.0033854684352874753,0.00283963375091556,2.5091099739076028e-05,0.0014331338882447309,2.4137854576083972e-06,0.0013005265812079333,11.167964
2025-11-07 18:20:45,-0.07838258147239685,-0.041185468435287476,-0.9285396337509155,0.046774908900260925,1.0258668661117554,-0.09990241378545761,-0.0785,-0.0378,-0.9257,0.0468,1.0273,-0.0999,0.00011741852760314975,0.0033854684352874753,0.00283963375091556,2.5091099739076028e-05,0.0014331338882447309,2.4137854576083972e-06,0.0013005265812079333,7.912025
2025-11-07 18:20:46,-0.07838258147239685,-0.041185468435287476,-0.9285396337509155,0.046774908900260925,1.0258668661117554,-0.09990241378545761,-0.0785,-0.0378,-0.9257,0.0468,1.0273,-0.0999,0.00011741852760314975,0.0033854684352874753,0.00283963375091556,2.5091099739076028e-05,0.0014331338882447309,2.4137854576083972e-06,0.0013005265812079333,11.809046
2025-11-07 18:20:46,-0.08481379598379135,-0.0404069721698761,-0.9285837411880493,0.04665219038724899,1.0249311923980713,-0.10586768388748169,-0.0785,-0.0378,-0.9257,0.0468,1.0273,-0.0999,0.006313795983791351,0.0026069721698760984,0.002883741188049349,0.0001478096127510084,0.002368807601928813,0.005967683887481687,0.0033814684073130512,2.20029
2025-11-07 18:20:46,-0.0993693545460701,-0.03810408338904381,-0.9293181300163269,0.04594656080007553,1.0226819515228271,-0.11978280544281006,-0.0785,-0.0378,-0.9257,0.0468,1.0273,-0.0999,0.0208693545460701,0.0003040833890438077,0.003618130016326937,0.0008534391999244703,0.0046180484771729535,0.019882805442810056,0.008357643511891387,7.664253
2025-11-07 18:20:46,-0.11400161683559418,-0.0358893983066082,-0.929987370967865,0.045338720083236694,1.020386815071106,-0.13390885293483734,-0.0785,-0.0378,-0.9257,0.0468,1.0273,-0.0999,0.03550161683559418,0.0019106016933918002,0.004287370967865023,0.001461279916763307,0.006913184928894145,0.03400885293483734,0.014013817879557633,2.792817
2025-11-07 18:20:46,-0.12946605682373047,-0.03361143544316292,-0.9306450486183167,0.04469253122806549,1.0178844928741455,-0.14910484850406647,-0.0785,-0.0378,-0.9257,0.0468,1.0273,-0.1,0.05096605682373047,0.004188564556837082,0.004945048618316683,0.0021074687719345106,0.009415507125854594,0.04910484850406646,0.020121249066789967,7.806404
2025-11-07 18:20:46,-0.14349430799484253,-0.031483039259910583,-0.93122798204422,0.04409236088395119,1.0157560110092163,-0.1630103886127472,-0.0792,-0.0376,-0.9259,0.0464,1.0263,-0.1082,0.06429430799484252,0.006116960740089418,0.005327982044220025,0.0023076391160488097,0.010543988990783681,0.05481038861274719,0.02390021124978861,-0.332894
2025-11-07 18:20:46,-0.15720044076442719,-0.02942175231873989,-0.9318070411682129,0.043524786829948425,1.0134780406951904,-0.1764480620622635,-0.0852,-0.0368,-0.9269,0.0458,1.0242,-0.1232,0.07200044076442719,0.007378247681260108,0.0049070411682129444,0.002275213170051575,0.01072195930480957,0.053248062062263485,0.025088494025170813,-9.210086
2025-11-07 18:20:47,-0.17664556205272675,-0.02656087651848793,-0.9326162338256836,0.042702190577983856,1.0105098485946655,-0.19550010561943054,-0.0967,-0.0352,-0.9277,0.0451,1.0217,-0.1372,0.07994556205272675,0.008639123481512072,0.004916233825683625,0.002397809422016145,0.011190151405334525,0.05830010561943055,0.027564830967783945,27.001303
2025-11-07 18:20:47,-0.19035933911800385,-0.024478498846292496,-0.9331837892532349,0.042121194303035736,1.0082740783691406,-0.20898379385471344,-0.1099,-0.0329,-0.9283,0.0443,1.019,-0.1577,0.08045933911800385,0.008421501153707503,0.004883789253234849,0.002178805696964263,0.01072592163085928,0.05128379385471343,0.02632552511791386,15.781208
2025-11-07 18:20:47,-0.20536935329437256,-0.022231217473745346,-0.9338184595108032,0.04148842766880989,1.005900263786316,-0.2236601561307907,-0.1232,-0.0307,-0.9289,0.0437,1.0168,-0.1713,0.08216935329437255,0.008468782526254656,0.004918459510803275,0.002211572331190112,0.010899736213684008,0.0523601561307907,0.02683801000118255,17.909512
2025-11-07 18:20:47,-0.2190697193145752,-0.020225536078214645,-0.9343898892402649,0.040911268442869186,1.0037449598312378,-0.23710933327674866,-0.1366,-0.0286,-0.9295,0.0431,1.0145,-0.1852,0.0824697193145752,0.008374463921785355,0.0048898892402649,0.002188731557130813,0.010755040168762164,0.051909333276748654,0.02676452957987785,10.389032
2025-11-07 18:20:47,-0.23328396677970886,-0.018070293590426445,-0.9349766373634338,0.040314931422472,1.0014785528182983,-0.25091323256492615,-0.1501,-0.0265,-0.9301,0.0425,1.0123,-0.1992,0.08318396677970885,0.008429706409573554,0.0048766373634338,0.002185068577528003,0.010821447181701638,0.05171323256492616,0.026868343146145335,5.13622
2025-11-07 18:20:47,-0.2488078474998474,-0.01575014740228653,-0.9356228113174438,0.03966107219457626,0.9990241527557373,-0.2661399245262146,-0.1638,-0.0244,-0.9307,0.0419,1.0101,-0.2124,0.08500784749984741,0.008649852597713472,0.004922811317443876,0.0022389278054237363,0.011075847244262693,0.053739924526214594,0.027605868498484298,8.672674
2025-11-07 18:20:47,-0.27394405007362366,-0.012003399431705475,-0.9366678595542908,0.03858345001935959,0.9950799345970154,-0.2908926010131836,-0.1844,-0.0212,-0.9316,0.0411,1.0068,-0.231,0.08954405007362365,0.009196600568294525,0.005067859554290788,0.002516549980640409,0.011720065402984536,0.05989260101318358,0.029656287765502914,31.865655
2025-11-07 18:20:48,-0.2885456085205078,-0.009804055094718933,-0.9372872114181519,0.037969861179590225,0.9926888346672058,-0.3051567077636719,-0.1982,-0.0191,-0.9322,0.0405,1.0046,-0.2448,0.09034560852050783,0.009295944905281066,0.005087211418151827,0.002530138820409776,0.011911165332794127,0.060356707763671885,0.029921129460136087,31.082824
2025-11-07 18:20:48,-0.3030877709388733,-0.007673738989979029,-0.9378892779350281,0.037354350090026855,0.9904530644416809,-0.3194994330406189,-0.2122,-0.0169,-0.9328,0.0399,1.0023,-0.2592,0.09088777093887329,0.00922626101002097,0.005089277935028114,0.0025456499099731425,0.01184693555831906,0.06029943304061891,0.029982554732138914,26.782096
2025-11-07 18:20:48,-0.3181418776512146,-0.005372767802327871,-0.938510537147522,0.03671391308307648,0.9880140423774719,-0.3342774212360382,-0.2264,-0.0146,-0.9334,0.0392,0.9998,-0.2744,0.09174187765121461,0.009227232197672129,0.005110537147521965,0.0024860869169235217,0.011785957622528098,0.05987742123603823,0.030038185461983096,23.721137
2025-11-07 18:20:48,-0.33182305097579956,-0.0033536655828356743,-0.9390761852264404,0.03613291680812836,0.985856831073761,-0.34765949845314026,-0.2409,-0.012,-0.9341,0.0384,0.997,-0.2944,0.09092305097579956,0.008646334417164326,0.004976185226440388,0.0022670831918716397,0.011143168926239011,0.053259498453140264,0.0285358868651092,16.048688
2025-11-07 18:20:48,-0.3468579947948456,-0.001108301104977727,-0.9397032260894775,0.03549247980117798,0.983502209186554,-0.3624432384967804,-0.2555,-0.0097,-0.9347,0.0377,0.9946,-0.3101,0.09135799479484558,0.008591698895022273,0.005003226089477564,0.002207520198822019,0.011097790813446085,0.05234323849678041,0.02843357821473232,14.307943
2025-11-07 18:20:48,-0.361524760723114,0.0010948787676170468,-0.9403091073036194,0.03488463908433914,0.9811207056045532,-0.37664979696273804,-0.2702,-0.0074,-0.9354,0.0371,0.9922,-0.3241,0.09132476072311402,0.008494878767617047,0.0049091073036193755,0.002215360915660859,0.011079294395446748,0.05254979696273804,0.028428866511366016,10.405874
2025-11-07 18:20:48,-0.3760477304458618,0.0032808014657348394,-0.94090735912323,0.034265294671058655,0.9788983464241028,-0.39101937413215637,-0.2847,-0.0052,-0.936,0.0365,0.9899,-0.3381,0.09134773044586181,0.00848080146573484,0.004907359123229926,0.002234705328941343,0.011001653575897219,0.05291937413215636,0.02848193734530358,7.182757
2025-11-07 18:20:48,-0.39151790738105774,0.005566432606428862,-0.9415459036827087,0.03361143544316292,0.9763922095298767,-0.406198114156723,-0.2992,-0.0031,-0.9367,0.0359,0.9877,-0.3512,0.09231790738105772,0.008666432606428862,0.004845903682708763,0.0022885645568370833,0.011307790470123313,0.05499811415672301,0.029070785475646458,13.710226
2025-11-07 18:20:49,-0.4065355956554413,0.00783480703830719,-0.9421863555908203,0.032974835485219955,0.9740490317344666,-0.42093008756637573,-0.3136,-0.0009,-0.9372,0.0353,0.9854,-0.3663,0.0929355956554413,0.00873480703830719,0.0049863555908202795,0.0023251645147800426,0.011350968265533501,0.05463008756637572,0.029160496438543005,8.042023
2025-11-07 18:20:49,-0.42118126153945923,0.01002456434071064,-0.9428325295448303,0.03235740587115288,0.9717039465904236,-0.435194194316864,-0.328,0.0013,-0.9378,0.0347,0.983,-0.3805,0.09318126153945921,0.008724564340710641,0.005032529544830355,0.002342594128847124,0.011296053409576401,0.05469419431686401,0.02921186621338129,8.318148
2025-11-07 18:20:49,-0.43571382761001587,0.012183642014861107,-0.9434326887130737,0.03173806145787239,0.9694087505340576,-0.4495234787464142,-0.3497,0.0046,-0.9387,0.0338,0.9796,-0.3997,0.08601382761001586,0.007583642014861107,0.004732688713073752,0.002061938542127606,0.010191249465942409,0.049823478746414185,0.026734470848739155,-16.82193
2025-11-07 18:20:49,-0.45073533058166504,0.014471190981566906,-0.9440558552742004,0.03110145963728428,0.967000424861908,-0.46429571509361267,-0.3568,0.0056,-0.939,0.0336,0.9787,-0.4045,0.09393533058166503,0.008871190981566905,0.005055855274200494,0.002498540362715719,0.011699575138092055,0.059795715093612645,0.030309367905308807,0.566098
2025-11-07 18:20:49,-0.46541935205459595,0.01659191958606243,-0.9446598887443542,0.0304840337485075,0.9647224545478821,-0.47851571440696716,-0.3713,0.008,-0.9397,0.0328,0.9759,-0.4246,0.09411935205459593,0.008591919586062431,0.004959888744354268,0.002315966251492503,0.01117754545211791,0.053915714406967186,0.0291800644159317,1.954833
2025-11-07 18:20:49,-0.48088955879211426,0.01893123984336853,-0.9453099370002747,0.02983400970697403,0.9622335433959961,-0.4937366545200348,-0.3858,0.0103,-0.9403,0.0322,0.9735,-0.4391,0.09508955879211428,0.00863123984336853,0.0050099370002746335,0.00236599029302597,0.011266456604003938,0.0546366545200348,0.029499972842137026,2.261927
2025-11-07 18:20:49,-0.4954220950603485,0.021140173077583313,-0.9459177255630493,0.029214663431048393,0.9599459767341614,-0.5080544352531433,-0.4004,0.0125,-0.941,0.0315,0.9712,-0.4533,0.09502209506034853,0.008640173077583312,0.004917725563049369,0.002285336568951607,0.011254023265838575,0.05475443525314333,0.029478964798152457,-0.544827
2025-11-07 18:20:50,-0.5104647278785706,0.023335682228207588,-0.9465351700782776,0.028574226424098015,0.9575664401054382,-0.522832453250885,-0.4152,0.015,-0.9416,0.0309,0.9687,-0.4673,0.09526472787857054,0.008335682228207589,0.004935170078277595,0.0023257735759019856,0.011133559894561773,0.05553245325088502,0.02958789448440075,-3.754138
2025-11-07 18:20:50,-0.5361205339431763,0.02721281908452511,-0.9476204514503479,0.027498522773385048,0.953533947467804,-0.5478670001029968,-0.4375,0.0185,-0.9427,0.0298,0.9648,-0.4935,0.09862053394317627,0.00871281908452511,0.004920451450347918,0.002301477226614952,0.011266052532196036,0.05436700010299683,0.030031389056642852,28.59093
2025-11-07 18:20:50,-0.5506531000137329,0.029346970841288567,-0.9482378959655762,0.026877261698246002,0.9511716365814209,-0.5622403621673584,-0.4523,0.0208,-0.9433,0.0292,0.9624,-0.5076,0.09835310001373293,0.008546970841288568,0.0049378959655761445,0.002322738301753998,0.011228363418579135,0.05464036216735835,0.03000490511804819,20.128045
2025-11-07 18:20:50,-0.5648539066314697,0.031504131853580475,-0.9488284587860107,0.02627517282962799,0.9489300847053528,-0.5760500431060791,-0.4671,0.023,-0.9439,0.0286,0.9601,-0.5226,0.09775390663146971,0.008504131853580475,0.004928458786010781,0.0023248271703720097,0.01116991529464717,0.05345004310607915,0.029688547140359883,14.092493
2025-11-07 18:20:50,-0.5793615579605103,0.033672794699668884,-0.9494363069534302,0.02565007656812668,0.9466482996940613,-0.5903965830802917,-0.4818,0.0253,-0.9445,0.0279,0.9576,-0.5379,0.09756155796051025,0.008372794699668885,0.0049363069534301696,0.0022499234318733227,0.010951700305938727,0.0524965830802917,0.029428144405285506,12.33666
2025-11-07 18:20:50,-0.5944252014160156,0.03590090200304985,-0.9500575661659241,0.025015391409397125,0.9442169666290283,-0.6051669120788574,-0.4966,0.0276,-0.9452,0.0273,0.9553,-0.552,0.09782520141601564,0.008300902003049851,0.004857566165924032,0.002284608590602876,0.011083033370971718,0.053166912078857376,0.029586370604236915,7.164973
2025-11-07 18:20:50,-0.6081255674362183,0.03795260190963745,-0.9506347179412842,0.024442065507173538,0.9420923590660095,-0.6186333298683167,-0.5113,0.0298,-0.9458,0.0267,0.9529,-0.5662,0.09682556743621828,0.008152601909637451,0.004834717941284206,0.0022579344928264633,0.010807640933990448,0.052433329868316614,0.029218632097045578,-1.461993
2025-11-07 18:20:51,-0.6235785484313965,0.04029000550508499,-0.9512847661972046,0.02379012480378151,0.9396418333053589,-0.633754551410675,-0.5261,0.0322,-0.9464,0.0261,0.9506,-0.5787,0.09747854843139647,0.008090005505084992,0.004884766197204571,0.0023098751962184923,0.010958166694641114,0.05505455141067506,0.029795985572536782,1.779137
2025-11-07 18:20:51,-0.6378176808357239,0.04239155724644661,-0.9518638253211975,0.023188037797808647,0.937406063079834,-0.6475834250450134,-0.5407,0.0342,-0.9471,0.0255,0.9484,-0.5943,0.09711768083572392,0.008191557246446608,0.004763825321197457,0.002311962202191351,0.010993936920166036,0.05328342504501338,0.02944373126178979,-1.419813
2025-11-07 18:20:51,-0.6532840728759766,0.04470786824822426,-0.9525195956230164,0.02253609523177147,0.9349095225334167,-0.6627161502838135,-0.5555,0.0366,-0.9477,0.0248,0.9458,-0.6079,0.09778407287597657,0.008107868248224258,0.004819595623016371,0.00226390476822853,0.010890477466583226,0.05481615028381348,0.02978034487764041,4.269851
2025-11-07 18:20:51,-0.6687619090080261,0.047037605196237564,-0.953167736530304,0.021882236003875732,0.9325031042098999,-0.677921712398529,-0.57,0.0386,-0.9483,0.0242,0.9437,-0.6236,0.09876190900802617,0.008437605196237562,0.004867736530303923,0.002317763996124267,0.011196895790100081,0.05432171239852901,0.02998393715322017,7.087095
2025-11-07 18:20:51,-0.6832963824272156,0.04917367175221443,-0.9537774920463562,0.021260973066091537,0.930123507976532,-0.6922759413719177,-0.5846,0.0409,-0.9489,0.0236,0.9412,-0.6389,0.09869638242721557,0.008273671752214433,0.0048774920463562355,0.002339026933908462,0.011076492023468054,0.0533759413719177,0.02977316775918008,7.34189
2025-11-07 18:20:51,-0.6983351707458496,0.0514938160777092,-0.9544006586074829,0.020622454583644867,0.9277937412261963,-0.7070865035057068,-0.5991,0.043,-0.9495,0.023,0.939,-0.6527,0.09923517074584964,0.008493816077709201,0.0049006586074828995,0.0023775454163551327,0.011206258773803657,0.05438650350570684,0.030099992187817896,4.010657
2025-11-07 18:20:51,-0.7138053774833679,0.05375068634748459,-0.9550526142120361,0.019964760169386864,0.9253163933753967,-0.7221962213516235,-0.6136,0.0453,-0.9501,0.0223,0.9365,-0.6682,0.10020537748336789,0.008450686347484589,0.004952614212036188,0.0023352398306131367,0.01118360662460327,0.05399622135162352,0.03018729097495476,3.281358
2025-11-07 18:20:52,-0.7284529805183411,0.05593085661530495,-0.955666184425354,0.01935308426618576,0.9230058193206787,-0.7364296913146973,-0.6282,0.0475,-0.9508,0.0217,0.9342,-0.6822,0.10025298051834108,0.008430856615304946,0.004866184425354025,0.00234691573381424,0.01119418067932132,0.05422969131469724,0.03022013488113881,3.440421
2025-11-07 18:20:52,-0.7439365983009338,0.058272093534469604,-0.95632004737854,0.01870114356279373,0.9205744862556458,-0.751583456993103,-0.6427,0.0498,-0.9514,0.021,0.9317,-0.6975,0.10123659830093379,0.008472093534469607,0.004920047378540016,0.0022988564372062696,0.01112551374435422,0.05408345699310302,0.030356094398101153,12.685364
2025-11-07 18:20:52,-0.757982075214386,0.060335300862789154,-0.9568971991539001,0.01809905655682087,0.918286919593811,-0.76555997133255,-0.6573,0.0521,-0.952,0.0204,0.9294,-0.7117,0.10068207521438599,0.008235300862789154,0.004897199153900189,0.002300943443179132,0.011113080406188969,0.05385997133255005,0.03018142840216558,3.71319
2025-11-07 18:20:52,-0.7726756930351257,0.062557652592659,-0.9575050473213196,0.017485463991761208,0.9160473346710205,-0.779785692691803,-0.6719,0.0543,-0.9527,0.0198,0.927,-0.7271,0.10077569303512568,0.008257652592658996,0.004805047321319589,0.002314536008238794,0.010952665328979538,0.05268569269180301,0.029965214496354267,5.037101
2025-11-07 18:20:52,-0.7881113886833191,0.06486054509878159,-0.95815509557724,0.016827769577503204,0.9135431051254272,-0.7949644327163696,-0.6938,0.0576,-0.9536,0.0189,0.9236,-0.7448,0.09431138868331912,0.007260545098781587,0.004555095577239987,0.002072230422496796,0.01005689487457273,0.05016443271636961,0.028070097895463303,-13.89663
2025-11-07 18:20:52,-0.8132610321044922,0.06859578937292099,-0.9592154622077942,0.015763569623231888,0.9095873236656189,-0.8197171688079834,-0.7082,0.0597,-0.9542,0.0183,0.9214,-0.7612,0.10506103210449214,0.008895789372920987,0.005015462207794141,0.0025364303767681125,0.0118126763343811,0.05851716880798341,0.031973093200723314,30.028867
2025-11-07 18:20:52,-0.8278913497924805,0.07080855220556259,-0.9598252177238464,0.015146142803132534,0.9072403311729431,-0.8339735865592957,-0.7227,0.062,-0.9548,0.0177,0.9189,-0.774,0.10519134979248046,0.008808552205562592,0.0050252177238464535,0.0025538571968674664,0.011659668827056935,0.05997358655929563,0.032202038717518255,31.306811
2025-11-07 18:20:53,-0.8424411416053772,0.07297530025243759,-0.960423469543457,0.014530632644891739,0.9049393534660339,-0.848304808139801,-0.7373,0.0643,-0.9554,0.017,0.9165,-0.7882,0.10514114160537724,0.008675300252437596,0.005023469543457004,0.0024693673551082623,0.011560646533966046,0.060104808139801014,0.032162455571691194,30.942087
2025-11-07 18:20:53,-0.8575125336647034,0.07520724087953568,-0.9610466361045837,0.01389594841748476,0.9025617241859436,-0.8631019592285156,-0.7519,0.0666,-0.9561,0.0164,0.9141,-0.8031,0.10561253366470336,0.008607240879535669,0.00494663610458379,0.002504051582515241,0.01153827581405642,0.06000195922851559,0.03220178287898501,25.159175
2025-11-07 18:20:53,-0.8729769587516785,0.07756957411766052,-0.9617081880569458,0.013236336410045624,0.9001303315162659,-0.8782384991645813,-0.7664,0.0689,-0.9567,0.0158,0.9117,-0.8182,0.1065769587516785,0.00866957411766052,0.005008188056945806,0.0025636635899543778,0.011569668483734086,0.06003849916458126,0.03240442536075909,33.688806
2025-11-07 18:20:53,-0.8866121172904968,0.07954265922307968,-0.9622699618339539,0.012649589218199253,0.8979328870773315,-0.8916684985160828,-0.781,0.0711,-0.9573,0.0151,0.9094,-0.8325,0.1056121172904968,0.008442659223079685,0.004969961833953818,0.0024504107818007475,0.011467112922668443,0.059168498516082746,0.03201846009468037,23.963729
2025-11-07 18:20:53,-0.9021245241165161,0.0818743035197258,-0.962914228439331,0.011995729990303516,0.8955379724502563,-0.9068491458892822,-0.7955,0.0733,-0.9579,0.0145,0.9071,-0.8468,0.10662452411651613,0.008574303519725796,0.005014228439331081,0.0025042700096964843,0.01156202754974367,0.06004914588928223,0.03238808325404923,25.074464
2025-11-07 18:20:53,-0.916333019733429,0.08403913676738739,-0.9635105729103088,0.011401312425732613,0.8932005763053894,-0.9206703305244446,-0.8101,0.0755,-0.9586,0.0139,0.9047,-0.8617,0.10623301973342891,0.008539136767387392,0.00491057291030883,0.0024986875742673866,0.011499423694610544,0.05897033052444456,0.03210852853407461,18.22409
2025-11-07 18:20:53,-0.9308828115463257,0.08615603297948837,-0.9641242027282715,0.010781967081129551,0.8909667134284973,-0.9350264668464661,-0.8248,0.0781,-0.9592,0.013,0.9017,-0.8824,0.1060828115463257,0.00805603297948837,0.004924202728271432,0.0022180329188704485,0.010733286571502632,0.0526264668464661,0.030773472265154117,18.406458
2025-11-07 18:20:53,-0.9463357329368591,0.0885356217622757,-0.9647703766822815,0.010126190260052681,0.8884778618812561,-0.9501898884773254,-0.8395,0.0804,-0.9599,0.0124,0.8994,-0.8972,0.1068357329368591,0.008135621762275697,0.004870376682281519,0.0022738097399473186,0.010922138118743874,0.05298988847732544,0.031004594619572157,23.119882
2025-11-07 18:20:54,-0.9614013433456421,0.0907483845949173,-0.9654088616371155,0.009497258812189102,0.886100172996521,-0.9649755358695984,-0.8542,0.0827,-0.9606,0.0118,0.8969,-0.9124,0.10720134334564213,0.008048384594917302,0.004808861637115469,0.0023027411878108976,0.010799827003479034,0.0525755358695984,0.030956115606427206,20.930393
2025-11-07 18:20:54,-0.9768734574317932,0.0930781215429306,-0.9660531878471375,0.008845317177474499,0.88364577293396,-0.9801312685012817,-0.8686,0.0847,-0.961,0.0114,0.8953,-0.9195,0.10827345743179317,0.008378121542930606,0.005053187847137486,0.0025546828225255017,0.011654227066040024,0.060631268501281754,0.03275749086861809,26.398535
2025-11-07 18:20:54,-0.9905527830123901,0.0951298177242279,-0.9666245579719543,0.008264321833848953,0.88144451379776,-0.9935363531112671,-0.8832,0.087,-0.9618,0.0105,0.8924,-0.9402,0.10735278301239015,0.008129817724227911,0.004824557971954357,0.0022356781661510474,0.010955486202239961,0.053336353111267054,0.031139112698038412,16.730907
2025-11-07 18:20:54,-1.0055205821990967,0.09735792875289917,-0.967247724533081,0.0076238843612372875,0.8791071176528931,-1.0082625150680542,-0.8978,0.0893,-0.9624,0.0099,0.8899,-0.9547,0.10772058219909664,0.008057928752899166,0.0048477245330810215,0.0022761156387627133,0.010792882347106958,0.053562515068054206,0.031209624756500118,13.328328
2025-11-07 18:20:54,-1.0192745923995972,0.09938853234052658,-0.9678249359130859,0.007040971890091896,0.8769327402114868,-1.0217424631118774,-0.9124,0.0916,-0.963,0.0093,0.8875,-0.9702,0.10687459239959718,0.00778853234052658,0.00482493591308597,0.002259028109908103,0.01056725978851314,0.05154246311187749,0.03064280194391808,4.814858
2025-11-07 18:20:54,-1.0347352027893066,0.10171634703874588,-0.9684768319129944,0.006383277475833893,0.8745090365409851,-1.0368694067001343,-0.927,0.0939,-0.9637,0.0086,0.8851,-0.9849,0.1077352027893066,0.007816347038745883,0.004776831912994384,0.002216722524166107,0.01059096345901489,0.05196940670013428,0.03085091240406036,9.162086
2025-11-07 18:20:54,-1.0502476692199707,0.10405183583498001,-0.9691345691680908,0.005731335841119289,0.8720105290412903,-1.0520750284194946,-0.9416,0.0961,-0.9643,0.0081,0.8829,-0.9981,0.10864766921997071,0.007951835834980006,0.004834569168090774,0.00236866415888071,0.010889470958709735,0.05397502841949464,0.03144453962668776,15.382168
2025-11-07 18:20:55,-1.0696889162063599,0.10694914311170578,-0.9699341058731079,0.004912573378533125,0.8689579367637634,-1.0711634159088135,-0.9633,0.0993,-0.9652,0.0072,0.8796,-1.0161,0.10638891620635982,0.007649143111705781,0.004734105873107963,0.002287426621466875,0.01064206323623662,0.05506341590881347,0.03112751182628175,-12.102644
2025-11-07 18:20:55,-1.089622974395752,0.10993465036153793,-0.9707586765289307,0.004068884067237377,0.8657806515693665,-1.090700626373291,-0.9779,0.1015,-0.9658,0.0066,0.8772,-1.031,0.11172297439575196,0.008434650361537926,0.004958676528930672,0.002531115932762623,0.011419348430633525,0.0597006263732911,0.033127898670484636,29.51047
2025-11-07 18:20:55,-1.1042150259017944,0.11208030581474304,-0.9713684320449829,0.003455291735008359,0.8634892702102661,-1.1048803329467773,-0.9924,0.1038,-0.9664,0.0059,0.8747,-1.0462,0.11181502590179448,0.008280305814743039,0.004968432044982873,0.002444708264991641,0.01121072978973392,0.058680332946777325,0.032899922460503876,30.511747
2025-11-07 18:20:55,-1.1183314323425293,0.11424513906240463,-0.9719666838645935,0.002858956577256322,0.8612074851989746,-1.1188472509384155,-1.0069,0.106,-0.9671,0.0053,0.8724,-1.0604,0.11143143234252939,0.008245139062404636,0.004866683864593546,0.002441043422743678,0.011192514801025344,0.05844725093841552,0.03277067740528535,19.241939
2025-11-07 18:20:55,-1.1329100131988525,0.11640613526105881,-0.9725629687309265,0.0022376945707947016,0.8589640259742737,-1.1330461502075195,-1.0215,0.1085,-0.9677,0.0045,0.8695,-1.0802,0.11141001319885246,0.007906135261058808,0.004862968730926509,0.002262305429205298,0.010535974025726369,0.05284615020751948,0.031637257808881485,17.7195
2025-11-07 18:20:55,-1.1474674940109253,0.11854411661624908,-0.973178505897522,0.0016202671686187387,0.8565806150436401,-1.1474406719207764,-1.0361,0.1109,-0.9684,0.0039,0.8671,-1.096,0.11136749401092527,0.007644116616249086,0.004778505897521934,0.002279732831381261,0.010519384956359845,0.05144067192077628,0.031338317705535614,17.144294
2025-11-07 18:20:55,-1.162490963935852,0.12083742022514343,-0.9738170504570007,0.0009817477548494935,0.854245126247406,-1.162161111831665,-1.0507,0.1131,-0.969,0.0033,0.8649,-1.1098,0.11179096393585208,0.0077374202251434265,0.00481705045700076,0.0023182522451505065,0.010654873752593996,0.05236111183166514,0.03161327874123432,14.915581
2025-11-07 18:20:56,-1.176223874092102,0.12284693121910095,-0.9744018316268921,0.00039116511470638216,0.8520649671554565,-1.175596833229065,-1.0653,0.1153,-0.9696,0.0027,0.8626,-1.1237,0.11092387409210214,0.0075469312191009524,0.0048018316268920724,0.002308834885293618,0.01053503284454349,0.05189683322906502,0.03133555631616621,4.144602
2025-11-07 18:20:56,-1.1769180297851562,0.12584394216537476,-0.9785148501396179,-0.002630776958540082,0.8595066666603088,-1.17696213722229,-1.0798,0.1175,-0.9702,0.002,0.8603,-1.1379,0.09711802978515616,0.008343942165374763,0.008314850139617969,0.004630776958540082,0.0007933333396911157,0.03906213722229013,0.026377178268445035,11.381892
2025-11-07 18:20:56,-1.166646122932434,0.12924747169017792,-0.9848770499229431,-0.007320923265069723,0.8748465180397034,-1.1671062707901,-1.0943,0.1197,-0.9709,0.0014,0.8579,-1.1522,0.07234612293243403,0.009547471690177917,0.01397704992294313,0.008720923265069723,0.016946518039703373,0.014906270790100207,0.022740726106738062,9.503355
2025-11-07 18:20:56,-1.1554269790649414,0.13276028633117676,-0.9916284680366516,-0.012365802191197872,0.8915208578109741,-1.155917763710022,-1.1087,0.1219,-0.9715,0.0008,0.8555,-1.167,0.04672697906494139,0.010860286331176763,0.02012846803665158,0.013165802191197873,0.03602085781097408,0.011082236289978065,0.022997438287486627,15.172269
2025-11-07 18:20:56,-1.1448674201965332,0.13608518242835999,-0.997946560382843,-0.017178667709231377,0.9072461128234863,-1.145371675491333,-1.1232,0.1242,-0.9723,-0.0002,0.8538,-1.1792,0.021667420196533227,0.01188518242835998,0.025646560382842964,0.016978667709231378,0.053446112823486325,0.03382832450866702,0.027242044674853482,11.11858
2025-11-07 18:20:56,-1.1345455646514893,0.1393410563468933,-1.0041630268096924,-0.0218170415610075,0.9225283861160278,-1.1349214315414429,-1.1367,0.1275,-0.9782,-0.0042,0.8696,-1.1745,0.002154435348510786,0.011841056346893308,0.025963026809692424,0.0176170415610075,0.05292838611602779,0.03957856845855723,0.025013752440114844,6.000405
2025-11-07 18:20:56,-1.1246399879455566,0.1424071043729782,-1.0101436376571655,-0.02635570801794529,0.9372200965881348,-1.1249275207519531,-1.1464,0.1308,-0.985,-0.009,0.885,-1.1641,0.021760012054443445,0.01160710437297821,0.02514363765716554,0.01735570801794529,0.05222009658813476,0.03917247924804679,0.027876506323119003,-6.327999
2025-11-07 18:20:57,-1.113712191581726,0.14587965607643127,-1.0167378187179565,-0.03126060962677002,0.9535435438156128,-1.1139346361160278,-1.1471,0.1343,-0.9905,-0.0138,0.8964,-1.1539,0.033387808418273934,0.011579656076431272,0.026237818717956496,0.01746060962677002,0.05714354381561282,0.039965363883972094,0.03096246675650277,-8.206125
2025-11-07 18:20:57,-1.1023876667022705,0.14937138557434082,-1.0235276222229004,-0.036316994577646255,0.9702083468437195,-1.1026158332824707,-1.1468,0.1379,-0.9967,-0.0186,0.912,-1.1434,0.044412333297729534,0.011471385574340826,0.02682762222290036,0.017716994577646257,0.05820834684371945,0.04078416671752927,0.03323680820564428,-0.412666
2025-11-07 18:20:57,-1.083724856376648,0.15518516302108765,-1.0347007513046265,-0.04481716454029083,0.9979618787765503,-1.0839530229568481,-1.1426,0.1422,-1.0051,-0.0249,0.9325,-1.1295,0.05887514362335211,0.012985163021087653,0.02960075130462636,0.019917164540290834,0.0654618787765503,0.045546977043151804,0.03873117971817651,31.008032
2025-11-07 18:20:57,-1.073163390159607,0.15856759250164032,-1.0410763025283813,-0.04960126802325249,1.0135911703109741,-1.073272705078125,-1.135,0.1456,-1.0117,-0.0298,0.9486,-1.1187,0.061836609840393075,0.012967592501640313,0.029376302528381304,0.019801268023252487,0.06499117031097412,0.04542729492187503,0.03906670635441939,23.840094
2025-11-07 18:20:57,-1.0628607273101807,0.16176210343837738,-1.0472468137741089,-0.05423197150230408,1.0289329290390015,-1.062968134880066,-1.1256,0.1502,-1.0209,-0.0363,0.9735,-1.1041,0.06273927268981927,0.01156210343837738,0.026346813774108968,0.017931971502304078,0.05543292903900143,0.04113186511993416,0.03585749259392421,17.085843
2025-11-07 18:20:57,-1.0526233911514282,0.1650371551513672,-1.0534440279006958,-0.05886076018214226,1.0441250801086426,-1.0525869131088257,-1.1157,0.1539,-1.0285,-0.0415,0.9928,-1.0929,0.06307660884857169,0.011137155151367178,0.02494402790069583,0.017360760182142256,0.05132508010864256,0.0403130868911743,0.03469278651376564,9.166243
2025-11-07 18:20:57,-1.041918158531189,0.16832178831100464,-1.0597832202911377,-0.06368321180343628,1.0599288940429688,-1.0420140027999878,-1.1055,0.1573,-1.0346,-0.0463,1.0084,-1.0825,0.06358184146881096,0.011021788311004643,0.02518322029113773,0.01738321180343628,0.05152889404296879,0.040485997200012225,0.0348641588528951,8.78149
2025-11-07 18:20:58,-1.0307871103286743,0.1718883067369461,-1.0665730237960815,-0.06877411156892776,1.0766857862472534,-1.0306931734085083,-1.0952,0.1607,-1.041,-0.0511,1.0236,-1.072,0.06441288967132563,0.011188306736946096,0.025573023796081618,0.017674111568927765,0.05308578624725335,0.04130682659149176,0.035540157435337706,15.117094
2025-11-07 18:20:58,-1.0204288959503174,0.17506363987922668,-1.0728105306625366,-0.07340481877326965,1.091910481452942,-1.0202851295471191,-1.0848,0.1639,-1.0471,-0.0557,1.0386,-1.0618,0.0643711040496826,0.011163639879226694,0.0257105306625367,0.017704818773269654,0.05331048145294193,0.041514870452880936,0.035629240878423084,4.367666
2025-11-07 18:20:58,-1.0098713636398315,0.17844223976135254,-1.0791362524032593,-0.07821192592382431,1.1076741218566895,-1.0096930265426636,-1.0745,0.1672,-1.0533,-0.0603,1.0538,-1.0515,0.06462863636016847,0.011242239761352552,0.025836252403259374,0.01791192592382431,0.05387412185668938,0.04180697345733653,0.03588335829377177,0.807838
2025-11-07 18:20:58,-0.9992350935935974,0.18171919882297516,-1.0855714082717896,-0.0830516368150711,1.1233724355697632,-0.998958945274353,-1.064,0.1709,-1.0604,-0.0654,1.0715,-1.0403,0.06476490640640264,0.010819198822975162,0.02517140827178954,0.017651636815071106,0.05187243556976329,0.041341054725646975,0.03527010676860812,-0.300712
2025-11-07 18:20:58,-0.9882805347442627,0.18518982827663422,-1.092113733291626,-0.08793353289365768,1.1396288871765137,-0.9879852533340454,-1.0535,0.1742,-1.0665,-0.0703,1.0867,-1.0296,0.06521946525573741,0.010989828276634223,0.025613733291625973,0.017633532893657683,0.05292888717651367,0.04161474666595466,0.03566669892668727,-4.729585
2025-11-07 18:20:58,-0.9770115613937378,0.18870839476585388,-1.0988613367080688,-0.09301484376192093,1.1562936305999756,-0.9766778945922852,-1.0427,0.1773,-1.0718,-0.075,1.0978,-1.0186,0.06568843860626217,0.011408394765853869,0.02706133670806876,0.01801484376192093,0.05849363059997548,0.041922105407714794,0.037098124974966,-0.98193
2025-11-07 18:20:58,-0.966457724571228,0.19202180206775665,-1.105229377746582,-0.09782387316226959,1.172120451927185,-0.9660608172416687,-1.0318,0.1807,-1.0784,-0.0799,1.1128,-1.0077,0.06534227542877202,0.011321802067756653,0.026829377746582006,0.017923873162269593,0.05932045192718505,0.04163918275833134,0.03706282718181611,0.998411
2025-11-07 18:20:59,-0.9478102922439575,0.19790077209472656,-1.1164542436599731,-0.10627610981464386,1.1996784210205078,-0.9473519921302795,-1.0162,0.1853,-1.0869,-0.0864,1.1345,-0.9932,0.06838970775604247,0.01260077209472657,0.029554243659973167,0.019876109814643855,0.06517842102050775,0.04584800786972043,0.04024121036926904,32.837746
2025-11-07 18:20:59,-0.9381423592567444,0.2008824497461319,-1.1222622394561768,-0.11063645035028458,1.2140134572982788,-0.9376150965690613,-1.0057,0.1887,-1.0935,-0.0913,1.1498,-0.9826,0.06755764074325565,0.01218244974613189,0.02876223945617684,0.01933645035028457,0.06421345729827888,0.04498490343093875,0.039506190170844425,16.358949
2025-11-07 18:20:59,-0.927166759967804,0.20434732735157013,-1.1288660764694214,-0.11555860936641693,1.2303197383880615,-0.9266030192375183,-0.9944,0.1932,-1.1022,-0.0978,1.174,-0.9686,0.067233240032196,0.011147327351570119,0.026666076469421318,0.017758609366416933,0.05631973838806159,0.041996980762481706,0.03685366206169128,16.680432
2025-11-07 18:20:59,-0.9172208309173584,0.20742487907409668,-1.134861946105957,-0.12010110914707184,1.2450363636016846,-0.9166148900985718,-0.9834,0.1969,-1.1101,-0.1029,1.1929,-0.9573,0.06617916908264165,0.010524879074096688,0.024761946105956945,0.017201109147071833,0.0521363636016845,0.04068510990142826,0.03524809615214664,6.108491
2025-11-07 18:20:59,-0.898949146270752,0.21316197514533997,-1.1458568572998047,-0.1283635050058365,1.2723699808120728,-0.8982588648796082,-0.9672,0.2014,-1.1173,-0.1091,1.2087,-0.9427,0.068250853729248,0.01176197514533997,0.028556857299804728,0.019263505005836484,0.06366998081207265,0.04444113512039183,0.03932405118544894,31.282474
2025-11-07 18:20:59,-0.888266921043396,0.21652138233184814,-1.1522305011749268,-0.13318021595478058,1.2880280017852783,-0.8875670433044434,-0.9564,0.2047,-1.1235,-0.1138,1.2241,-0.9324,0.06813307895660403,0.011821382331848151,0.028730501174926815,0.01938021595478058,0.06392800178527835,0.04483295669555665,0.03947102281649909,29.663161
2025-11-07 18:20:59,-0.8780525326728821,0.21972356736660004,-1.158414363861084,-0.1377974897623062,1.3033775091171265,-0.8772529363632202,-0.9457,0.208,-1.1299,-0.1186,1.2394,-0.9218,0.0676474673271179,0.011723567366600046,0.02851436386108408,0.019197489762306216,0.06397750911712641,0.04454706363677974,0.039267910178502397,20.852906
2025-11-07 18:21:00,-0.8628814220428467,0.2244846671819687,-1.1675204038619995,-0.14461028575897217,1.3257869482040405,-0.862035870552063,-0.9296,0.2136,-1.1416,-0.1267,1.2707,-0.9047,0.0667185779571533,0.010884667181968677,0.025920403861999564,0.01791028575897216,0.05508694820404059,0.04266412944793696,0.03653083540201187,6.000946
2025-11-07 18:21:00,-0.8523065447807312,0.22781531512737274,-1.1738673448562622,-0.14942122995853424,1.3415908813476562,-0.8514207005500793,-0.9188,0.2171,-1.1481,-0.1316,1.2867,-0.8937,0.06649345521926875,0.010715315127372754,0.02576734485626231,0.017821229958534246,0.054890881347656295,0.042279299449920704,0.03632792099316918,5.271448
2025-11-07 18:21:00,-0.8416799306869507,0.23113255202770233,-1.1802620887756348,-0.15422451496124268,1.35722017288208,-0.8407365083694458,-0.9081,0.2204,-1.1544,-0.1364,1.3025,-0.8831,0.06642006931304933,0.010732552027702319,0.025862088775634673,0.017824514961242682,0.05472017288208009,0.042363491630554195,0.03632048159837722,3.305063
2025-11-07 18:21:00,-0.832033097743988,0.23418517410755157,-1.1860681772232056,-0.15860594809055328,1.3715245723724365,-0.8310858607292175,-0.8975,0.2238,-1.1608,-0.1412,1.318,-0.8725,0.06546690225601193,0.010385174107551576,0.025268177223205512,0.01740594809055329,0.05352457237243646,0.041414139270782524,0.03557748555342355,-12.497276
2025-11-07 18:21:00,-0.8176136612892151,0.2386624813079834,-1.1947064399719238,-0.16512344777584076,1.3929868936538696,-0.8165686726570129,-0.8865,0.227,-1.1664,-0.146,1.3293,-0.8607,0.06888633871078487,0.011662481307983391,0.028306439971923725,0.01912344777584077,0.0636868936538697,0.04413132734298708,0.03929948812723159,31.500009
2025-11-07 18:21:00,-0.8066303730010986,0.24215421080589294,-1.201377272605896,-0.1700417697429657,1.4092508554458618,-0.8056371212005615,-0.8756,0.2305,-1.173,-0.1508,1.3452,-0.8501,0.06896962699890141,0.011654210805892934,0.028377272605895953,0.01924176974296571,0.06405085544586187,0.04446287879943844,0.03945943573315939,28.367244
2025-11-07 18:21:00,-0.796676754951477,0.24524134397506714,-1.207332968711853,-0.1745612621307373,1.4240269660949707,-0.795547366142273,-0.8647,0.2339,-1.1792,-0.1556,1.3611,-0.8394,0.06802324504852297,0.011341343975067142,0.028132968711853,0.018961262130737316,0.06292696609497073,0.043852633857727086,0.03887306996981304,19.808457
2025-11-07 18:21:01,-0.7857164740562439,0.24867363274097443,-1.2139060497283936,-0.17948918044567108,1.4402718544006348,-0.7846388220787048,-0.8541,0.2369,-1.1852,-0.1603,1.376,-0.8292,0.06838352594375607,0.011773632740974427,0.028706049728393523,0.019189180445671083,0.06427185440063488,0.044561177921295214,0.03948090353012087,16.719475
2025-11-07 18:21:01,-0.7757705450057983,0.2517971992492676,-1.2198905944824219,-0.1840335875749588,1.4550747871398926,-0.774533748626709,-0.8428,0.2414,-1.1943,-0.1668,1.3997,-0.8156,0.06702945499420165,0.010397199249267575,0.025590594482421958,0.017233587574958797,0.055374787139892634,0.04106625137329101,0.0361153124690056,8.445471
2025-11-07 18:21:01,-0.7654851675033569,0.25501856207847595,-1.226034164428711,-0.1886681318283081,1.4702553749084473,-0.7642292380332947,-0.8318,0.2451,-1.2015,-0.1717,1.4174,-0.8047,0.06631483249664305,0.00991856207847594,0.024534164428710925,0.016968131828308114,0.05285537490844727,0.04047076196670529,0.035176971284548435,0.802738
2025-11-07 18:21:01,-0.7548642754554749,0.258345365524292,-1.2324711084365845,-0.19342155754566193,1.4860610961914062,-0.7535527348518372,-0.8209,0.2483,-1.2073,-0.1763,1.4326,-0.7944,0.06603572454452511,0.010045365524292,0.025171108436584433,0.017121557545661914,0.053461096191406154,0.04084726514816284,0.03544701956510541,-0.463533
2025-11-07 18:21:01,-0.7407343983650208,0.26278048753738403,-1.2409770488739014,-0.19980482757091522,1.5070440769195557,-0.739415168762207,-0.8102,0.2515,-1.2136,-0.1809,1.447,-0.784,0.06946560163497928,0.011280487537384032,0.027377048873901355,0.018904827570915217,0.0600440769195556,0.044584831237793,0.038609478962421416,38.152596
2025-11-07 18:21:01,-0.734011709690094,0.2649146616458893,-1.2449922561645508,-0.20285554230213165,1.5170475244522095,-0.7325966358184814,-0.7994,0.2543,-1.2188,-0.1854,1.4579,-0.7732,0.065388290309906,0.010614661645889256,0.026192256164550676,0.017455542302131644,0.0591475244522095,0.04060336418151855,0.036566939842700937,-8.648618
2025-11-07 18:21:01,-0.7156998515129089,0.27062106132507324,-1.2559659481048584,-0.21117162704467773,1.5443389415740967,-0.7141907811164856,-0.783,0.2603,-1.2302,-0.1934,1.4887,-0.7563,0.0673001484870911,0.010321061325073266,0.025765948104858438,0.017771627044677746,0.05563894157409677,0.04210921888351438,0.03648449090321861,15.241371
2025-11-07 18:21:02,-0.7044787406921387,0.27414920926094055,-1.2627460956573486,-0.21625103056430817,1.560978889465332,-0.7029543519020081,-0.7723,0.2635,-1.2363,-0.1981,1.503,-0.7458,0.06782125930786131,0.01064920926094054,0.02644609565734868,0.018151030564308168,0.05797888946533214,0.04284564809799196,0.037315355392297134,18.585027
2025-11-07 18:21:02,-0.694091796875,0.27742043137550354,-1.2689778804779053,-0.22090473771095276,1.576276421546936,-0.692613422870636,-0.7617,0.2668,-1.2428,-0.2028,1.5188,-0.7352,0.06760820312500004,0.010620431375503558,0.02617788047790537,0.01810473771095275,0.05747642154693611,0.04258657712936398,0.03709570856094364,8.714073
2025-11-07 18:21:02,-0.68357253074646,0.2806820571422577,-1.2753400802612305,-0.22569075226783752,1.592045783996582,-0.6818947196006775,-0.751,0.2703,-1.2494,-0.2078,1.5354,-0.7244,0.06742746925354004,0.010382057142257706,0.025940080261230403,0.017890752267837512,0.05664578399658193,0.042505280399322554,0.03679857055346169,9.431739
2025-11-07 18:21:02,-0.6729381680488586,0.2840529680252075,-1.2817003726959229,-0.230459526181221,1.607673168182373,-0.6712489128112793,-0.7403,0.274,-1.2563,-0.2129,1.5523,-0.7132,0.06736183195114132,0.010052968025207498,0.02540037269592288,0.017559526181221002,0.055373168182373034,0.04195108718872065,0.03628315903743106,8.320483
2025-11-07 18:21:02,-0.6616691946983337,0.287575364112854,-1.2884652614593506,-0.23553891479969025,1.6243572235107422,-0.6599549651145935,-0.7296,0.2772,-1.2623,-0.2177,1.5674,-0.7024,0.06793080530166629,0.010375364112854002,0.02616526145935061,0.017838914799690242,0.05695722351074228,0.04244503488540652,0.03695210067828499,12.548663
2025-11-07 18:21:02,-0.6514337062835693,0.29080823063850403,-1.2946394681930542,-0.24022330343723297,1.6395992040634155,-0.649652361869812,-0.719,0.2804,-1.2686,-0.2223,1.582,-0.6919,0.06756629371643064,0.010408230638504046,0.02603946819305425,0.017923303437232974,0.057599204063415455,0.04224763813018795,0.03696402302980422,5.348584
2025-11-07 18:21:02,-0.6407169103622437,0.2941254675388336,-1.3010687828063965,-0.24500548839569092,1.6554471254348755,-0.6389240622520447,-0.7083,0.284,-1.2757,-0.2274,1.5997,-0.6809,0.06758308963775639,0.010125467538833643,0.025368782806396428,0.017605488395690927,0.05574712543487559,0.04197593774795527,0.03640098192691804,2.831161
2025-11-07 18:21:03,-0.6295207738876343,0.2976958155632019,-1.307793378829956,-0.25006571412086487,1.6720985174179077,-0.6276589035987854,-0.6976,0.2873,-1.2816,-0.2322,1.6147,-0.6702,0.06807922611236572,0.010395815563201904,0.026193378829955982,0.01786571412086488,0.05739851741790769,0.04254109640121462,0.0370789580742518,3.552564
2025-11-07 18:21:03,-0.6193006634712219,0.3008270561695099,-1.313981056213379,-0.25476160645484924,1.6872676610946655,-0.6173812747001648,-0.687,0.2906,-1.2882,-0.2369,1.63,-0.6594,0.06769933652877813,0.010227056169509863,0.025781056213378895,0.017861606454849244,0.057267661094665634,0.04201872529983519,0.036809240293502826,-2.623194
2025-11-07 18:21:03,-0.60862797498703,0.3042440116405487,-1.3203529119491577,-0.2595246136188507,1.7031290531158447,-0.6066893935203552,-0.6762,0.2936,-1.2938,-0.2419,1.643,-0.6479,0.06757202501297,0.010644011640548678,0.026552911949157654,0.017624613618850704,0.06012905311584471,0.04121060647964481,0.03728887030283609,-2.164892
2025-11-07 18:21:03,-0.597700297832489,0.30762067437171936,-1.326985478401184,-0.26446786522865295,1.7193431854248047,-0.5957962274551392,-0.6654,0.297,-1.3003,-0.2467,1.6582,-0.6371,0.06769970216751098,0.010620674371719374,0.02668547840118407,0.01776786522865295,0.06114318542480479,0.04130377254486084,0.037536779689788836,-7.114968
2025-11-07 18:21:03,-0.5871484279632568,0.3109551668167114,-1.3332939147949219,-0.26928266882896423,1.734984040260315,-0.5851101279258728,-0.6546,0.3007,-1.3069,-0.2514,1.6746,-0.6263,0.06745157203674312,0.010255166816711403,0.026393914794921924,0.01788266882896422,0.06038404026031485,0.041189872074127165,0.037259539135297115,-10.322365
2025-11-07 18:21:03,-0.5764508247375488,0.3142858147621155,-1.3396964073181152,-0.274060994386673,1.7508070468902588,-0.5743703246116638,-0.6438,0.304,-1.3132,-0.2564,1.6907,-0.6156,0.06734917526245121,0.010285814762115486,0.02649640731811531,0.017660994386672957,0.0601070468902587,0.04122967538833622,0.03718818566799165,-13.266199
2025-11-07 18:21:03,-0.5619680881500244,0.3188264071941376,-1.348443865776062,-0.2805976867675781,1.7723230123519897,-0.559795618057251,-0.6332,0.3072,-1.3197,-0.2612,1.706,-0.6049,0.07123191184997557,0.0116264071941376,0.028743865776061917,0.019397686767578137,0.06632301235198979,0.04510438194274902,0.04040454431374867,30.472161
2025-11-07 18:21:04,-0.5478075742721558,0.3233075439929962,-1.3569421768188477,-0.28699055314064026,1.793350100517273,-0.5456676483154297,-0.6169,0.3131,-1.3309,-0.2692,1.7356,-0.5878,0.06909242572784424,0.010207543992996226,0.026042176818847684,0.017790553140640264,0.05775010051727292,0.0421323516845703,0.03716919198036194,6.298393
2025-11-07 18:21:04,-0.5372461080551147,0.32656726241111755,-1.3632928133010864,-0.2918187379837036,1.8089909553527832,-0.5349834561347961,-0.6063,0.3164,-1.3373,-0.274,1.7509,-0.577,0.0690538919448852,0.01016726241111754,0.025992813301086493,0.017818737983703592,0.0580909553527833,0.042016543865203815,0.03719003414312999,4.372255
2025-11-07 18:21:04,-0.5266002416610718,0.32993242144584656,-1.3696722984313965,-0.29659709334373474,1.824825406074524,-0.524260938167572,-0.5956,0.3199,-1.344,-0.279,1.7675,-0.5661,0.06899975833892824,0.01003242144584654,0.0256722984313964,0.017597093343734715,0.057325406074523855,0.041839061832428026,0.03691100657780963,2.998569
2025-11-07 18:21:04,-0.515620768070221,0.3333301842212677,-1.3762933015823364,-0.30153077840805054,1.8410837650299072,-0.5133792757987976,-0.585,0.3232,-1.3502,-0.2838,1.7831,-0.5554,0.06937923192977902,0.010130184221267713,0.02609330158233636,0.01773077840805054,0.05798376502990732,0.0420207242012024,0.037222997562090555,1.457305
2025-11-07 18:21:04,-0.5050976872444153,0.33666467666625977,-1.3825883865356445,-0.3063609004020691,1.8567687273025513,-0.5026797652244568,-0.5744,0.3265,-1.3567,-0.2885,1.7983,-0.5447,0.06930231275558474,0.010164676666259753,0.025888386535644514,0.017860900402069113,0.05846872730255126,0.042020234775543175,0.03728420640627542,-0.264293
2025-11-07 18:21:04,-0.49446529150009155,0.3400183320045471,-1.389025330543518,-0.31110280752182007,1.8725208044052124,-0.4919898211956024,-0.5638,0.33,-1.3633,-0.2935,1.8149,-0.5337,0.06933470849990842,0.010018332004547104,0.02572533054351811,0.017602807521820085,0.057620804405212445,0.041710178804397535,0.03700202696323395,-1.055409
2025-11-07 18:21:04,-0.4842451512813568,0.3431783616542816,-1.395149827003479,-0.3157948851585388,1.8876956701278687,-0.4817313253879547,-0.5531,0.3328,-1.3688,-0.2982,1.8273,-0.5225,0.06885484871864322,0.010378361654281631,0.026349827003478987,0.017594885158538798,0.06039567012786873,0.04076867461204525,0.03739037787914277,-9.085389
2025-11-07 18:21:05,-0.47358012199401855,0.34654736518859863,-1.4015733003616333,-0.32056745886802673,1.9035205841064453,-0.47102415561676025,-0.5423,0.3363,-1.3756,-0.303,1.8431,-0.5117,0.06871987800598145,0.010247365188598645,0.025973300361633367,0.017567458868026742,0.06042058410644535,0.04067584438323979,0.03726740515232089,-15.505284
2025-11-07 18:21:05,-0.4626466929912567,0.34998348355293274,-1.4081311225891113,-0.3254934549331665,1.919753909111023,-0.46013861894607544,-0.5316,0.3398,-1.3818,-0.308,1.8599,-0.5008,0.06895330700874325,0.010183483552932748,0.02633112258911141,0.017493454933166508,0.05985390911102284,0.04066138105392458,0.037246109708150225,-12.234065
2025-11-07 18:21:05,-0.44815632700920105,0.3545413017272949,-1.4168728590011597,-0.3320397436618805,1.941216230392456,-0.44559648633003235,-0.5209,0.3431,-1.3884,-0.3128,1.875,-0.4901,0.07274367299079898,0.011441301727294906,0.02847285900115959,0.01923974366188047,0.06621623039245605,0.04450351366996763,0.040436220240592936,31.240815
2025-11-07 18:21:05,-0.43759486079216003,0.3578086793422699,-1.4232350587844849,-0.3368602693080902,1.9569127559661865,-0.4348739683628082,-0.5104,0.3462,-1.3944,-0.3174,1.8911,-0.4799,0.07280513920783993,0.01160867934226989,0.02883505878448478,0.019460269308090195,0.06581275596618652,0.045026031637191766,0.04059132237434385,30.856043
2025-11-07 18:21:05,-0.42692410945892334,0.36119112372398376,-1.4296106100082397,-0.3416232764720917,1.972708821296692,-0.4241687059402466,-0.4998,0.3496,-1.4009,-0.3222,1.906,-0.4692,0.07287589054107668,0.011591123723983743,0.028710610008239712,0.01942327647209169,0.06670882129669198,0.045031294059753424,0.040723502683639536,28.875933
2025-11-07 18:21:05,-0.41597723960876465,0.36457353830337524,-1.4362049102783203,-0.34659337997436523,1.9889805316925049,-0.41330045461654663,-0.4892,0.353,-1.4073,-0.327,1.9219,-0.4584,0.07322276039123538,0.011573538303375264,0.028904910278320317,0.01959337997436522,0.06708053169250494,0.04509954538345334,0.04091244433720908,25.975119
2025-11-07 18:21:05,-0.40606963634490967,0.3677258789539337,-1.442185401916504,-0.3510572612285614,2.0036990642547607,-0.40322795510292053,-0.4782,0.3574,-1.416,-0.3334,1.9457,-0.4444,0.07213036365509035,0.01032587895393372,0.02618540191650398,0.017657261228561427,0.05799906425476076,0.041172044897079485,0.037578335817654955,17.557852
2025-11-07 18:21:05,-0.39477571845054626,0.3712482750415802,-1.4489713907241821,-0.35616350173950195,2.0204405784606934,-0.39191100001335144,-0.4674,0.3613,-1.4235,-0.3385,1.9627,-0.4328,0.07262428154945372,0.00994827504158019,0.02547139072418214,0.01766350173950193,0.05774057846069347,0.04088899998664858,0.03738950458367667,23.635664
2025-11-07 18:21:06,-0.3799670338630676,0.3747572600841522,-1.4566106796264648,-0.3622629940509796,2.0396077632904053,-0.3750333786010742,-0.4516,0.3655,-1.4309,-0.3447,1.9803,-0.4188,0.07163296613693237,0.00925726008415223,0.025710679626464783,0.017562994050979608,0.059307763290405324,0.04376662139892579,0.037873047431310015,-0.871019
2025-11-07 18:21:06,-0.36656004190444946,0.37105077505111694,-1.4570343494415283,-0.3642226457595825,2.040666103363037,-0.34945040941238403,-0.441,0.3687,-1.4373,-0.3493,1.9953,-0.4085,0.07443995809555054,0.0023507750511169156,0.0197343494415283,0.01492264575958252,0.045366103363037036,0.05904959058761594,0.03597723704973854,-3.615464
2025-11-07 18:21:06,-0.34908992052078247,0.3642897605895996,-1.4555522203445435,-0.3658314049243927,2.036992311477661,-0.3123089075088501,-0.4304,0.3721,-1.4437,-0.3544,2.0125,-0.3973,0.08131007947921753,0.007810239410400377,0.011852220344543474,0.011431404924392707,0.024492311477660955,0.08499109249114989,0.03698122468789416,36.566736
2025-11-07 18:21:06,-0.34006819128990173,0.3608344793319702,-1.4547871351242065,-0.3666099011898041,2.034942388534546,-0.293293297290802,-0.4198,0.3753,-1.4502,-0.3593,2.0281,-0.3866,0.07973180871009827,0.014465520668029808,0.004587135124206609,0.007309901189804069,0.006842388534546107,0.093306702709198,0.03437390948931381,-15.568503
2025-11-07 18:21:06,-0.32172754406929016,0.35383185744285583,-1.4532934427261353,-0.3681822419166565,2.0309503078460693,-0.25437620282173157,-0.4092,0.3775,-1.4549,-0.3631,2.0391,-0.3695,0.08747245593070985,0.023668142557144167,0.0016065572738648282,0.005082241916656516,0.008149692153930577,0.11512379717826843,0.040183814501762394,26.56385
2025-11-07 18:21:06,-0.3083704113960266,0.3486815094947815,-1.4521697759628296,-0.36934423446655273,2.0279667377471924,-0.22555845975875854,-0.3985,0.3759,-1.4541,-0.365,2.0389,-0.3321,0.09012958860397341,0.027218490505218518,0.0019302240371703583,0.004344234466552743,0.010933262252807552,0.10654154024124146,0.04018289001782734,27.292628
2025-11-07 18:21:06,-0.29477548599243164,0.34346020221710205,-1.4510595798492432,-0.3705081343650818,2.024956226348877,-0.19669851660728455,-0.3878,0.3722,-1.4542,-0.3658,2.0373,-0.3143,0.09302451400756834,0.028739797782897925,0.003140420150756773,0.004708134365081773,0.012343773651123158,0.11760148339271548,0.04325968722502391,29.082094
2025-11-07 18:21:07,-0.2809159755706787,0.3381890654563904,-1.4499224424362183,-0.37170273065567017,2.0218920707702637,-0.16733428835868835,-0.3769,0.3674,-1.4533,-0.3669,2.0346,-0.2863,0.0959840244293213,0.029210934543609623,0.0033775575637817745,0.004802730655670162,0.012707929229736514,0.11896571164131164,0.0441748146772385,26.83177
2025-11-07 18:21:07,-0.26753392815589905,0.33304065465927124,-1.4488352537155151,-0.37287047505378723,2.018904685974121,-0.13864310085773468,-0.3657,0.3623,-1.4522,-0.3681,2.0314,-0.2568,0.09816607184410098,0.02925934534072877,0.0033647462844847986,0.004770475053787249,0.012495314025879,0.11815689914226529,0.04436880861520768,26.371113
2025-11-07 18:21:07,-0.25400036573410034,0.32789796590805054,-1.447723150253296,-0.3740171194076538,2.015963315963745,-0.10978317260742188,-0.3542,0.3563,-1.4503,-0.3697,2.027,-0.2162,0.10019963426589967,0.02840203409194947,0.002576849746704024,0.0043171194076538355,0.011036684036255018,0.10641682739257813,0.04215819149017336,23.652266
2025-11-07 18:21:07,-0.24100179970264435,0.3228876292705536,-1.446653127670288,-0.37515416741371155,2.0130162239074707,-0.08210248500108719,-0.3426,0.3506,-1.4492,-0.3708,2.0246,-0.1891,0.10159820029735567,0.027712370729446434,0.0025468723297119578,0.004354167413711529,0.011583776092529252,0.1069975149989128,0.042465483643611274,16.839283
2025-11-07 18:21:07,-0.2267223596572876,0.3174017071723938,-1.445472002029419,-0.37639477849006653,2.009894609451294,-0.05173158645629883,-0.3308,0.3454,-1.4479,-0.372,2.0219,-0.1598,0.10407764034271239,0.027998292827606186,0.0024279979705810195,0.004394778490066531,0.012005390548706085,0.10806841354370117,0.04316208562056223,19.331148
2025-11-07 18:21:07,-0.21453872323036194,0.3127403259277344,-1.4444711208343506,-0.3774436414241791,2.007162094116211,-0.02578429877758026,-0.3189,0.3403,-1.4469,-0.3732,2.0189,-0.1311,0.10436127676963808,0.027559674072265616,0.002428879165649489,0.004243641424179101,0.01173790588378898,0.10531570122241973,0.04260784642299017,4.005176
2025-11-07 18:21:07,-0.20096106827259064,0.30758997797966003,-1.4433858394622803,-0.37859413027763367,2.004176616668701,0.002782257739454508,-0.307,0.3351,-1.4458,-0.3743,2.0158,-0.1023,0.10603893172740936,0.027510022020339975,0.0024141605377197006,0.004294130277633645,0.011623383331298864,0.10508225773945451,0.04282714760564268,1.452806
2025-11-07 18:21:08,-0.1866873800754547,0.3020945191383362,-1.4422065019607544,-0.3798289895057678,2.001016616821289,0.03323560953140259,-0.2949,0.3298,-1.4446,-0.3755,2.0128,-0.073,0.10821261992454528,0.0277054808616638,0.0023934980392457117,0.004328989505767822,0.01178338317871086,0.10623560953140258,0.043443263506889346,7.858724
2025-11-07 18:21:08,-0.172783762216568,0.296794593334198,-1.4410752058029175,-0.381029337644577,1.9978872537612915,0.06282993406057358,-0.2827,0.3247,-1.4435,-0.3767,2.01,-0.0443,0.10991623778343201,0.02790540666580199,0.002424794197082525,0.004329337644577047,0.012112746238708283,0.10712993406057358,0.04396974276502924,6.547577
2025-11-07 18:21:08,-0.1499907225370407,0.28798380494117737,-1.4391807317733765,-0.3830004930496216,1.9928557872772217,0.11138617992401123,-0.2644,0.3175,-1.4426,-0.3782,2.0061,-0.0083,0.11440927746295931,0.029516195058822636,0.0034192682266236396,0.004800493049621601,0.013244212722778315,0.11968617992401123,0.04751260440746946,28.889147
2025-11-07 18:21:08,-0.13608327507972717,0.2826896607875824,-1.4380590915679932,-0.38419315218925476,1.9898415803909302,0.14100542664527893,-0.2521,0.3125,-1.4415,-0.3794,2.0031,0.0212,0.11601672492027282,0.029810339212417603,0.0034409084320068395,0.004793152189254746,0.013258419609069705,0.11980542664527893,0.047854161834716774,27.313377
2025-11-07 18:21:08,-0.12268778681755066,0.2775910794734955,-1.4369487762451172,-0.385358989238739,1.986775517463684,0.16980783641338348,-0.2396,0.3064,-1.4396,-0.381,1.9985,0.0614,0.11691221318244935,0.028808920526504522,0.0026512237548828033,0.004358989238739008,0.011724482536315861,0.10840783641338347,0.04547727760871251,25.16113
2025-11-07 18:21:08,-0.10919258743524551,0.27241772413253784,-1.4358539581298828,-0.3865017890930176,1.9838647842407227,0.19826318323612213,-0.227,0.3006,-1.4383,-0.3821,1.9959,0.0901,0.1178074125647545,0.028182275867462137,0.0024460418701170994,0.004401789093017583,0.012035215759277351,0.10816318323612213,0.045505986398458466,23.309634
2025-11-07 18:21:08,-0.09621510654687881,0.26739394664764404,-1.434789776802063,-0.3876388669013977,1.9809443950653076,0.2262161523103714,-0.2144,0.2953,-1.4372,-0.3833,1.993,0.1186,0.11818489345312119,0.027906053352355964,0.0024102231979370448,0.004338866901397731,0.012055604934692488,0.1076161523103714,0.04541863235831264,14.164269
2025-11-07 18:21:09,-0.08269690722227097,0.26223018765449524,-1.4336718320846558,-0.38879892230033875,1.9779781103134155,0.25471749901771545,-0.2017,0.2901,-1.436,-0.3845,1.9901,0.1481,0.11900309277772902,0.027869812345504785,0.0023281679153441814,0.004298922300338737,0.012121889686584453,0.10661749901771544,0.04537323067386944,12.505993
2025-11-07 18:21:09,-0.068783700466156,0.256874680519104,-1.4325482845306396,-0.38999736309051514,1.9748717546463013,0.2843233346939087,-0.189,0.2849,-1.4349,-0.3857,1.9871,0.1769,0.120216299533844,0.028025319480895983,0.002351715469360416,0.004297363090515149,0.012228245353698819,0.10742333469390869,0.045757046270370506,8.802852
2025-11-07 18:21:09,-0.05546874552965164,0.25181254744529724,-1.431434154510498,-0.3911612629890442,1.9718881845474243,0.3129800260066986,-0.1762,0.2797,-1.4339,-0.3868,1.9841,0.2054,0.12073125447034835,0.027887452554702763,0.0024658454895019055,0.004361262989044212,0.012211815452575658,0.10758002600669861,0.04587294282714525,6.730385
2025-11-07 18:21:09,-0.04189684987068176,0.2466391772031784,-1.4303315877914429,-0.3923136591911316,1.9689525365829468,0.3416290283203125,-0.1633,0.2747,-1.4328,-0.3879,1.9815,0.2333,0.12140315012931824,0.028060822796821594,0.0024684122085572024,0.004413659191131569,0.012547463417053262,0.10832902832031249,0.04620375601053239,7.369933
2025-11-07 18:21:09,-0.027638498693704605,0.241153284907341,-1.4291523694992065,-0.3935562074184418,1.9657388925552368,0.37204593420028687,-0.1504,0.2694,-1.4315,-0.3892,1.9781,0.2636,0.1227615013062954,0.02824671509265897,0.0023476305007934517,0.004356207418441782,0.012361107444763153,0.10844593420028686,0.04641984932720661,11.18667
2025-11-07 18:21:09,-0.014595827087759972,0.2361275851726532,-1.4280900955200195,-0.39468175172805786,1.9628894329071045,0.4000391662120819,-0.1374,0.2642,-1.4306,-0.3903,1.9753,0.2913,0.12280417291224002,0.028072414827346792,0.0025099044799805625,0.004381751728057881,0.012410567092895564,0.1087391662120819,0.04648632954210045,4.504998
2025-11-07 18:21:09,-0.0003662379167508334,0.23066852986812592,-1.4269146919250488,-0.395912766456604,1.959671974182129,0.4304215908050537,-0.1244,0.259,-1.4292,-0.3915,1.9723,0.3215,0.12403376208324916,0.028331470131874092,0.002285308074951198,0.004412766456603989,0.012628025817871036,0.1089215908050537,0.04676882056160053,9.968311
2025-11-07 18:21:10,0.01317689474672079,0.2254759967327118,-1.4258025884628296,-0.3970670998096466,1.9567055702209473,0.45899197459220886,-0.1113,0.2537,-1.4283,-0.3927,1.9692,0.3503,0.12447689474672079,0.02822400326728819,0.002497411537170313,0.004367099809646613,0.012494429779052796,0.10869197459220886,0.04679196895534793,5.295643
2025-11-07 18:21:10,0.027070926502346992,0.22023169696331024,-1.424688458442688,-0.3982674181461334,1.9536337852478027,0.4885767102241516,-0.0981,0.2485,-1.4272,-0.3938,1.9663,0.3789,0.125170926502347,0.028268303036689757,0.002511541557312036,0.0044674181461334395,0.012666214752197202,0.1096767102241516,0.047126852369805176,6.052535
2025-11-07 18:21:10,0.040468331426382065,0.2150794416666031,-1.4235687255859375,-0.39942750334739685,1.950621485710144,0.5174193978309631,-0.0849,0.2433,-1.426,-0.395,1.9633,0.4084,0.12536833142638207,0.0282205583333969,0.0024312744140624343,0.004427503347396833,0.012678514289856002,0.10901939783096315,0.04702426327367623,4.944956
2025-11-07 18:21:10,0.053973112255334854,0.20990225672721863,-1.4224776029586792,-0.40057608485221863,1.9476436376571655,0.5458517074584961,-0.0717,0.2379,-1.4247,-0.3963,1.9601,0.4388,0.12567311225533484,0.027997743272781372,0.0022223970413208782,0.004276084852218642,0.012456362342834426,0.10705170745849607,0.04661290120383104,1.834994
2025-11-07 18:21:10,0.0669601783156395,0.20488613843917847,-1.4214000701904297,-0.4017169773578644,1.9447559118270874,0.5738123655319214,-0.0584,0.2326,-1.4237,-0.3974,1.9571,0.4676,0.1253601783156395,0.027713861560821534,0.002299929809570278,0.004316977357864404,0.01234408817291266,0.10621236553192137,0.04637456679145496,-6.717942
2025-11-07 18:21:10,0.08455494046211243,0.19815005362033844,-1.4199427366256714,-0.4032222032546997,1.9408384561538696,0.6110420823097229,-0.045,0.2272,-1.4233,-0.3986,1.9538,0.4954,0.1295549404621124,0.029049946379661573,0.003357263374328623,0.004622203254699697,0.012961543846130352,0.1156420823097229,0.049197996604442594,30.257121
2025-11-07 18:21:10,0.10292627662420273,0.1911320835351944,-1.4184471368789673,-0.4048117697238922,1.9367868900299072,0.6501643061637878,-0.0248,0.2188,-1.4209,-0.4005,1.9493,0.5438,0.12772627662420272,0.027667916464805598,0.0024528631210327667,0.004311769723892189,0.012513109970092806,0.10636430616378789,0.046839373677969,9.046014
2025-11-07 18:21:11,0.11593826860189438,0.18612556159496307,-1.4173905849456787,-0.40593159198760986,1.9338934421539307,0.6780942678451538,-0.0113,0.2137,-1.4198,-0.4016,1.9465,0.5717,0.12723826860189438,0.027574438405036927,0.00240941505432124,0.004331591987609851,0.012606557846069233,0.10639426784515382,0.04675908995668091,0.938336
2025-11-07 18:21:11,0.12904229760169983,0.18116696178913116,-1.416324496269226,-0.40706098079681396,1.9310095310211182,0.7058075666427612,0.0023,0.2088,-1.4188,-0.4028,1.9436,0.5994,0.12674229760169983,0.02763303821086885,0.002475503730773987,0.0042609807968139735,0.01259046897888183,0.10640756664276119,0.046684975993633276,-9.614227
2025-11-07 18:21:11,0.14737145602703094,0.1741010695695877,-1.414811611175537,-0.40864673256874084,1.926975131034851,0.7447822093963623,0.0159,0.2035,-1.4181,-0.4039,1.9403,0.6277,0.13147145602703095,0.02939893043041228,0.0032883888244628068,0.0047467325687408635,0.01332486896514884,0.11708220939636227,0.04988543103535967,34.431261
2025-11-07 18:21:11,0.16071708500385284,0.16894881427288055,-1.4136936664581299,-0.40980297327041626,1.9239360094070435,0.7735520005226135,0.0296,0.198,-1.4169,-0.4051,1.937,0.656,0.13111708500385283,0.029051185727119455,0.0032063335418701655,0.004702973270416244,0.013063990592956598,0.1175520005226135,0.04978226144313813,31.459481
2025-11-07 18:21:11,0.17425255477428436,0.16376395523548126,-1.4125969409942627,-0.410943865776062,1.9210290908813477,0.8020169138908386,0.0433,0.1928,-1.4158,-0.4063,1.9342,0.6857,0.13095255477428436,0.029036044764518737,0.003203059005737252,0.004643865776062017,0.013170909118652263,0.11631691389083865,0.04955389122168221,26.761997
2025-11-07 18:21:11,0.18848596513271332,0.15832407772541046,-1.4114291667938232,-0.4121863842010498,1.9178249835968018,0.8324933052062988,0.057,0.1878,-1.4147,-0.4074,1.9314,0.7125,0.13148596513271332,0.029475922274589533,0.0032708332061768264,0.00478638420104982,0.013575016403198248,0.1199933052062988,0.050431237737337764,32.896628
2025-11-07 18:21:11,0.2024720460176468,0.15304526686668396,-1.410301685333252,-0.4133886396884918,1.9147531986236572,0.8621528148651123,0.0708,0.1828,-1.4136,-0.4086,1.9285,0.7421,0.1316720460176468,0.02975473313331603,0.0032983146667480145,0.0047886396884918025,0.013746801376342876,0.12005281486511232,0.050552224957942975,32.390805
2025-11-07 18:21:11,0.2157716602087021,0.1478910893201828,-1.4091895818710327,-0.4145602285861969,1.9117906093597412,0.8907979726791382,0.0846,0.1776,-1.4125,-0.4097,1.9254,0.7709,0.13117166020870208,0.029708910679817208,0.003310418128967374,0.004860228586196891,0.01360939064025879,0.11989797267913815,0.050426430153846756,32.595295
2025-11-07 18:21:12,0.22929753363132477,0.14267364144325256,-1.4080870151519775,-0.41570112109184265,1.9087629318237305,0.919213056564331,0.1055,0.1692,-1.41,-0.4117,1.9206,0.8205,0.12379753363132477,0.026526358556747426,0.001912984848022381,0.004001121091842641,0.011837068176269616,0.09871305656433105,0.044464687144756314,6.51757
2025-11-07 18:21:12,0.24321840703487396,0.13739483058452606,-1.406946063041687,-0.41690337657928467,1.9057257175445557,0.9489665627479553,0.1124,0.1669,-1.4103,-0.4121,1.9192,0.8298,0.13081840703487396,0.02950516941547393,0.0033539369583130973,0.004803376579284646,0.013474282455444353,0.11916656274795534,0.050186955865224224,25.787251
2025-11-07 18:21:12,0.2565544545650482,0.1322138011455536,-1.405847430229187,-0.4180692136287689,1.9027305841445923,0.9776769280433655,0.1265,0.1609,-1.4085,-0.4137,1.9156,0.8684,0.13005445456504822,0.0286861988544464,0.0026525697708130735,0.004369213628768909,0.012869415855407684,0.10927692804336553,0.0479847967863083,23.348117
2025-11-07 18:21:12,0.2700764834880829,0.12709030508995056,-1.4047582149505615,-0.4192216098308563,1.899766206741333,1.0061877965927124,0.1406,0.155,-1.407,-0.4149,1.9125,0.8985,0.12947648348808288,0.027909694910049437,0.002241785049438505,0.004321609830856332,0.012733793258667081,0.10768779659271244,0.047395193854967786,17.636652
2025-11-07 18:21:12,0.2839609384536743,0.12181724607944489,-1.4036173820495605,-0.4204219579696655,1.8966349363327026,1.035766839981079,0.1547,0.1498,-1.4062,-0.416,1.9097,0.9256,0.1292609384536743,0.027982753920555103,0.0025826179504393476,0.0044219579696655464,0.013065063667297316,0.11016683998107912,0.04791336199045179,17.496825
2025-11-07 18:21:12,0.29659903049468994,0.11692385375499725,-1.4025781154632568,-0.42150914669036865,1.8938641548156738,1.0626403093338013,0.1689,0.1446,-1.405,-0.4172,1.9068,0.9553,0.12769903049468995,0.027676146245002753,0.0024218845367431907,0.004309146690368637,0.012935845184326222,0.10734030933380123,0.047063727080821995,5.49319
2025-11-07 18:21:12,0.3108151853084564,0.11143027991056442,-1.4014217853546143,-0.4227401912212372,1.8907195329666138,1.092951774597168,0.1831,0.1394,-1.4039,-0.4183,1.9038,0.984,0.1277151853084564,0.027969720089435574,0.002478214645385668,0.0044401912212371775,0.013080467033386167,0.10895177459716798,0.04743925881584483,13.713442
2025-11-07 18:21:13,0.3238559365272522,0.10646402090787888,-1.4003307819366455,-0.42386382818222046,1.887803077697754,1.1210178136825562,0.1974,0.1341,-1.4026,-0.4196,1.9007,1.0143,0.1264559365272522,0.02763597909212112,0.002269218063354561,0.004263828182220486,0.01289692230224615,0.10671781368255617,0.04670661630829178,3.988404
2025-11-07 18:21:13,0.3381296396255493,0.10097044706344604,-1.3991553783416748,-0.42510250210762024,1.8846583366394043,1.151490330696106,0.2117,0.1289,-1.4017,-0.4207,1.8977,1.0421,0.12642963962554932,0.027929552936553942,0.0025446216583251413,0.004402502107620221,0.013041663360595646,0.10939033069610593,0.04728971839745836,6.287061
2025-11-07 18:21:13,0.3573964238166809,0.09367828816175461,-1.3975791931152344,-0.426757276058197,1.8803900480270386,1.1921868324279785,0.2332,0.1216,-1.4005,-0.4223,1.8933,1.0808,0.12419642381668092,0.02792171183824539,0.002920806884765703,0.004457276058197013,0.012909951972961409,0.11138683242797853,0.04729883383313816,-12.253321
2025-11-07 18:21:13,0.3757409155368805,0.0866219773888588,-1.396085500717163,-0.4283392131328583,1.8763000965118408,1.2313474416732788,0.2476,0.1164,-1.3994,-0.4234,1.8904,1.1097,0.1281409155368805,0.02977802261114121,0.0033144992828368913,0.004939213132858278,0.01409990348815926,0.1216474416732789,0.05031999928752584,31.162116
2025-11-07 18:21:13,0.3891076445579529,0.08146779984235764,-1.3949733972549438,-0.42950311303138733,1.8733298778533936,1.2600252628326416,0.262,0.1112,-1.3984,-0.4246,1.8873,1.1381,0.12710764455795287,0.029732200157642358,0.0034266027450562397,0.004903113031387352,0.013970122146606423,0.12192526283264171,0.05017749091188115,30.092208
2025-11-07 18:21:13,0.4026181995868683,0.07631745934486389,-1.3938708305358887,-0.43065744638442993,1.8703597784042358,1.2885342836380005,0.2765,0.1057,-1.3972,-0.4258,1.884,1.1686,0.12611819958686826,0.02938254065513611,0.0033291694641113256,0.00485744638442992,0.013640221595764057,0.1199342836380004,0.049543643554051685,31.704918
2025-11-07 18:21:13,0.4165869951248169,0.07099263370037079,-1.392731785774231,-0.4318501055240631,1.8672477006912231,1.3182379007339478,0.291,0.1002,-1.396,-0.427,1.8809,1.199,0.1255869951248169,0.02920736629962921,0.0032682142257689506,0.00485010552406312,0.013652299308776872,0.11923790073394769,0.04930048020283379,31.413083
2025-11-07 18:21:14,0.4291752278804779,0.06612415611743927,-1.391709804534912,-0.43293923139572144,1.8645057678222656,1.345063328742981,0.3056,0.0949,-1.3949,-0.4282,1.878,1.2287,0.12357522788047792,0.028775843882560728,0.0031901954650879194,0.0047392313957214105,0.013494232177734267,0.11636332874298105,0.048356343257427215,20.594244
2025-11-07 18:21:14,0.44216421246528625,0.06113680452108383,-1.3906399011611938,-0.43406862020492554,1.8615566492080688,1.3730125427246094,0.3203,0.0891,-1.3931,-0.4297,1.8744,1.2662,0.12186421246528628,0.027963195478916167,0.0024600988388061573,0.004368620204925511,0.012843350791931218,0.10681254272460938,0.04605200341741245,9.745827
2025-11-07 18:21:14,0.4557265043258667,0.05597496032714844,-1.389527678489685,-0.4352306127548218,1.8586286306381226,1.4016212224960327,0.3351,0.0833,-1.3917,-0.431,1.8712,1.2965,0.12062650432586669,0.02732503967285156,0.0021723215103148785,0.004230612754821783,0.012571369361877416,0.10512122249603273,0.045341178353627505,9.016568
2025-11-07 18:21:14,0.469438374042511,0.05069231241941452,-1.3883752822875977,-0.43642905354499817,1.855505108833313,1.4311426877975464,0.3499,0.078,-1.3908,-0.4321,1.8684,1.3243,0.119538374042511,0.02730768758058548,0.00242471771240238,0.004329053544998185,0.012894891166687072,0.10684268779754635,0.04555623530745508,8.492861
2025-11-07 18:21:14,0.4829930365085602,0.04557456821203232,-1.387272834777832,-0.4375833570957184,1.852573275566101,1.4599509239196777,0.3646,0.0731,-1.3899,-0.4332,1.8658,1.3514,0.1183930365085602,0.02752543178796768,0.002627165222167882,0.00438335709571841,0.013226724433898829,0.1085509239196778,0.045784439827998465,6.142215
2025-11-07 18:21:14,0.4965035617351532,0.04035136476159096,-1.3861913681030273,-0.43874725699424744,1.8495378494262695,1.4884350299835205,0.3794,0.0681,-1.3886,-0.4344,1.8627,1.3808,0.11710356173515318,0.027748635238409036,0.0024086318969727127,0.004347256994247428,0.013162150573730491,0.10763502998352048,0.04540087773700555,4.628242
2025-11-07 18:21:14,0.5102940201759338,0.03506680205464363,-1.3850427865982056,-0.43995144963264465,1.8464488983154297,1.518079161643982,0.3942,0.063,-1.3876,-0.4355,1.8598,1.4079,0.11609402017593384,0.02793319794535637,0.002557213401794378,0.004451449632644655,0.01335110168457021,0.110179161643982,0.04576102408071358,-0.296965
2025-11-07 18:21:15,0.524481475353241,0.02959624119102955,-1.3838673830032349,-0.44117286801338196,1.8433789014816284,1.5483829975128174,0.409,0.0579,-1.3864,-0.4366,1.8568,1.4372,0.11548147535324099,0.02830375880897045,0.0025326169967652135,0.00457286801338197,0.013421098518371588,0.11118299751281735,0.0459158025339246,8.804204
2025-11-07 18:21:15,0.5372154116630554,0.024752696976065636,-1.3828357458114624,-0.44225433468818665,1.8405027389526367,1.5752160549163818,0.4238,0.0526,-1.3853,-0.4378,1.8537,1.466,0.11341541166305541,0.027847303023934365,0.0024642541885375735,0.004454334688186623,0.013197261047363185,0.10921605491638187,0.0450991032545765,-2.457519
2025-11-07 18:21:15,0.5509752035140991,0.019504565745592117,-1.3816909790039062,-0.44345274567604065,1.8374674320220947,1.6047528982162476,0.4387,0.0469,-1.3846,-0.4391,1.8501,1.4963,0.11227520351409914,0.02739543425440788,0.002909020996093803,0.004352745676040659,0.012632567977905351,0.1084528982162476,0.04466964510579907,-3.815935
2025-11-07 18:21:15,0.5644991993904114,0.014338885433971882,-1.3806037902832031,-0.4446224272251129,1.8344320058822632,1.633570671081543,0.4537,0.0413,-1.3834,-0.4402,1.847,1.5248,0.11079919939041138,0.02696111456602812,0.002796209716796838,0.004422427225112935,0.012567994117736792,0.10877067108154304,0.04438626934960485,-8.426685
2025-11-07 18:21:15,0.5821917057037354,0.007514588534832001,-1.379159927368164,-0.4461429715156555,1.8305529356002808,1.6708790063858032,0.4687,0.036,-1.3822,-0.4414,1.844,1.5542,0.11349170570373535,0.028485411465167997,0.0030400726318360327,0.004742971515655503,0.013447064399719322,0.1166790063858032,0.04664770535031957,33.085127
2025-11-07 18:21:15,0.5958614349365234,0.0022702915593981743,-1.378019094467163,-0.44732412695884705,1.8275558948516846,1.7003966569900513,0.4838,0.031,-1.3811,-0.4426,1.8412,1.5831,0.11206143493652343,0.028729708440601825,0.0030809055328369084,0.0047241269588470525,0.013644105148315377,0.11729665699005132,0.04658948966786266,30.37163
2025-11-07 18:21:15,0.6127122044563293,-0.004176262766122818,-1.3766423463821411,-0.4487641751766205,1.8237593173980713,1.7359485626220703,0.5064,0.023,-1.379,-0.4445,1.8366,1.6309,0.10631220445632938,0.027176262766122818,0.0023576536178588903,0.004264175176620477,0.012840682601928721,0.1050485626220703,0.042999923540155104,-8.417387
2025-11-07 18:21:16,0.6310547590255737,-0.011167380027472973,-1.3751466274261475,-0.45034608244895935,1.8197211027145386,1.7750439643859863,0.5215,0.0175,-1.3784,-0.4456,1.8331,1.6584,0.10955475902557377,0.028667380027472975,0.0032533725738526087,0.0047460824489593545,0.013378897285461377,0.11664396438598623,0.04604074262455105,36.05898
2025-11-07 18:21:16,0.6416028141975403,-0.01044640876352787,-1.3793612718582153,-0.45191648602485657,1.8202964067459106,1.7862132787704468,0.5366,0.012,-1.3771,-0.4468,1.8301,1.6871,0.10500281419754032,0.02244640876352787,0.0022612718582153413,0.005116486024856592,0.009803593254089416,0.09911327877044673,0.040623975478112716,33.632429
2025-11-07 18:21:16,0.6460302472114563,-0.004381432663649321,-1.3868663311004639,-0.45329323410987854,1.8243154287338257,1.7773813009262085,0.5517,0.0069,-1.376,-0.4479,1.8272,1.7148,0.09433024721145633,0.01128143266364932,0.010866331100463977,0.00539323410987852,0.0028845712661742517,0.0625813009262084,0.03122285287963847,-7.239214
2025-11-07 18:21:16,0.6518440246582031,0.00481286458671093,-1.3981295824050903,-0.4552854895591736,1.8306124210357666,1.7614413499832153,0.5668,0.0021,-1.3749,-0.4491,1.8244,1.7437,0.08504402465820315,0.00271286458671093,0.02322958240509032,0.006185489559173585,0.00621242103576658,0.017741349983215304,0.02352095537135998,-15.521685
2025-11-07 18:21:16,0.6598533391952515,0.017982089892029762,-1.414021611213684,-0.4581214487552643,1.8396724462509155,1.738034725189209,0.5818,-0.0029,-1.3738,-0.4502,1.8215,1.7721,0.07805333919525148,0.020882089892029762,0.04022161121368417,0.007921448755264293,0.01817244625091563,0.034065274810791024,0.033219368352989394,29.019906
2025-11-07 18:21:16,0.6657745242118835,0.027605902403593063,-1.4257853031158447,-0.46021148562431335,1.8462800979614258,1.7208176851272583,0.597,-0.0048,-1.3799,-0.4524,1.8238,1.7838,0.06877452421188357,0.03240590240359306,0.04588530311584482,0.00781148562431333,0.022480097961425693,0.06298231487274175,0.04005660469830037,29.272107
2025-11-07 18:21:16,0.6720350384712219,0.03785097599029541,-1.438239336013794,-0.4624127447605133,1.8533670902252197,1.7025518417358398,0.6115,-0.0033,-1.3885,-0.4539,1.8266,1.7742,0.06053503847122188,0.04115097599029541,0.04973933601379388,0.00851274476051328,0.026767090225219725,0.07164815826416016,0.043058890620867395,30.557414
2025-11-07 18:21:16,0.6779198050498962,0.04755915701389313,-1.4498496055603027,-0.46449896693229675,1.8599939346313477,1.6854594945907593,0.6255,0.0071,-1.3989,-0.4558,1.8306,1.7587,0.052419805049896295,0.040459157013893125,0.0509496055603027,0.00869896693229677,0.02939393463134765,0.07324050540924065,0.04252699576616287,29.853885
2025-11-07 18:21:17,0.6839406490325928,0.057368963956832886,-1.4619526863098145,-0.46664080023765564,1.8667376041412354,1.6677247285842896,0.6377,0.0177,-1.4104,-0.458,1.8381,1.741,0.04624064903259273,0.039668963956832885,0.051552686309814355,0.008640800237655621,0.028637604141235284,0.07327527141571055,0.04133599584897357,26.425377
2025-11-07 18:21:17,0.6898292303085327,0.06704263389110565,-1.4736742973327637,-0.4686848223209381,1.8733739852905273,1.650505781173706,0.6482,0.0313,-1.429,-0.4609,1.847,1.7166,0.041629230308532716,0.03574263389110565,0.044674297332763624,0.007784822320938134,0.02637398529052737,0.06609421882629385,0.037049864661693556,27.201314
2025-11-07 18:21:17,0.6955356597900391,0.07634047418832779,-1.4849796295166016,-0.47072499990463257,1.879814863204956,1.633910059928894,0.6568,0.0412,-1.4407,-0.463,1.8606,1.7,0.03873565979003901,0.03514047418832779,0.04427962951660147,0.007724999904632546,0.019214863204956023,0.06608994007110591,0.03519759444594379,11.316297
2025-11-07 18:21:17,0.7014337778091431,0.08598537743091583,-1.496683955192566,-0.47280165553092957,1.886435866355896,1.6166431903839111,0.6637,0.0507,-1.4521,-0.4651,1.8654,1.6828,0.03773377780914311,0.03528537743091583,0.04458395519256597,0.007701655530929552,0.02103586635589605,0.06615680961608894,0.03541624032258991,4.291592
2025-11-07 18:21:17,0.7071306109428406,0.09527938067913055,-1.5080008506774902,-0.4748073220252991,1.892832636833191,1.6000397205352783,0.67,0.0605,-1.4642,-0.4672,1.8725,1.665,0.037130610942840536,0.034779380679130556,0.04380085067749029,0.007607322025299068,0.020332636833190865,0.06496027946472172,0.034768513437112174,-5.34152
2025-11-07 18:21:17,0.7130364775657654,0.10496455430984497,-1.5197722911834717,-0.47690120339393616,1.899461269378662,1.5828055143356323,0.6767,0.0693,-1.4732,-0.4691,1.8716,1.6477,0.03633647756576541,0.03566455430984497,0.046572291183471615,0.00780120339393614,0.02786126937866218,0.06489448566436762,0.036521713582674656,-4.775914
2025-11-07 18:21:17,0.7207140326499939,0.11746649444103241,-1.5349299907684326,-0.47959718108177185,1.908155083656311,1.5604994297027588,0.6826,0.0786,-1.4847,-0.4712,1.8812,1.6312,0.03811403264999391,0.038866494441032406,0.05022999076843271,0.008397181081771843,0.026955083656311052,0.0707005702972412,0.038877225482463855,27.059173
2025-11-07 18:21:18,0.7287654876708984,0.13060696423053741,-1.5509178638458252,-0.48245611786842346,1.9172133207321167,1.5370467901229858,0.6914,0.0955,-1.5067,-0.4748,1.8966,1.6022,0.03736548767089842,0.03510696423053741,0.04421786384582527,0.007656117868423462,0.020613320732116636,0.06515320987701423,0.03501882737080257,8.198621
2025-11-07 18:21:18,0.7347710728645325,0.14057974517345428,-1.5629884004592896,-0.4845883548259735,1.9239225387573242,1.519335150718689,0.6971,0.1053,-1.5185,-0.4769,1.9027,1.5848,0.03767107286453242,0.03527974517345428,0.04448840045928959,0.00768835482597352,0.02122253875732416,0.06546484928131102,0.03530249356031417,5.319398
2025-11-07 18:21:18,0.7406576871871948,0.1501728892326355,-1.5746811628341675,-0.4866343140602112,1.9305531978607178,1.5021257400512695,0.7028,0.1145,-1.5297,-0.4789,1.9094,1.5682,0.037857687187194844,0.035672889232635493,0.04498116283416742,0.007734314060211189,0.021153197860717787,0.06607425994873051,0.03557891852060954,2.496744
2025-11-07 18:21:18,0.7468741536140442,0.16038727760314941,-1.587091088294983,-0.48883557319641113,1.9376075267791748,1.4839327335357666,0.7085,0.1242,-1.5415,-0.481,1.9157,1.5507,0.03837415361404417,0.03618727760314941,0.04559108829498282,0.00783557319641115,0.021907526779174846,0.06676726646423337,0.036110480991999296,10.289492
2025-11-07 18:21:18,0.752824068069458,0.16997849941253662,-1.5987224578857422,-0.49093329906463623,1.9442784786224365,1.466782808303833,0.7144,0.1345,-1.5541,-0.4832,1.9232,1.5323,0.03842406806945797,0.03547849941253661,0.04462245788574215,0.007733299064636212,0.021078478622436503,0.06551719169616699,0.035475665791829404,4.67929
2025-11-07 18:21:18,0.7584787011146545,0.1793779581785202,-1.610129475593567,-0.49293896555900574,1.9506521224975586,1.4500682353973389,0.7203,0.1439,-1.5651,-0.4852,1.9291,1.5155,0.03817870111465449,0.0354779581785202,0.04502947559356696,0.007738965559005717,0.021552122497558557,0.0654317646026612,0.035568164590994523,-2.476164
2025-11-07 18:21:18,0.7644056081771851,0.18892890214920044,-1.6217474937438965,-0.49501368403434753,1.9572943449020386,1.4329854249954224,0.7266,0.153,-1.5747,-0.4873,1.9294,1.4984,0.037805608177185035,0.03592890214920044,0.047047493743896496,0.007713684034347523,0.02789434490203857,0.06541457500457759,0.036967434668540945,-4.083866
2025-11-07 18:21:19,0.7706048488616943,0.19916823506355286,-1.6341190338134766,-0.4972206950187683,1.9643467664718628,1.414780855178833,0.7327,0.1632,-1.5873,-0.4895,1.9392,1.4801,0.03790484886169432,0.035968235063552845,0.04681903381347663,0.00772069501876832,0.025146766471862758,0.06531914482116696,0.03647978734175364,4.412492
2025-11-07 18:21:19,0.7768328189849854,0.2093634456396103,-1.6465576887130737,-0.49942004680633545,1.9713263511657715,1.3966032266616821,0.7379,0.1736,-1.6018,-0.4916,1.948,1.4617,0.03893281898498535,0.035763445639610286,0.04475768871307384,0.007820046806335468,0.02332635116577153,0.06509677333831787,0.03594952077468239,7.078779
2025-11-07 18:21:19,0.7822170853614807,0.21809180080890656,-1.6571919918060303,-0.5013126134872437,1.9773837327957153,1.3809336423873901,0.7437,0.1829,-1.6128,-0.4936,1.9562,1.4452,0.038517085361480685,0.03519180080890655,0.04439199180603026,0.007712613487243669,0.021183732795715393,0.0642663576126099,0.03521059697866441,-8.018107
2025-11-07 18:21:19,0.7882513403892517,0.22805309295654297,-1.6692548990249634,-0.5034754872322083,1.9841351509094238,1.3632123470306396,0.7497,0.192,-1.6219,-0.4957,1.957,1.429,0.038551340389251676,0.036053092956542965,0.04735489902496348,0.007775487232208278,0.027135150909423755,0.0657876529693604,0.03710960391362509,-10.483411
2025-11-07 18:21:19,0.7941878437995911,0.23773442208766937,-1.6810128688812256,-0.5055291056632996,1.9908367395401,1.345884084701538,0.7558,0.2021,-1.6344,-0.4979,1.9661,1.4107,0.03838784379959104,0.03563442208766937,0.04661286888122551,0.007629105663299551,0.02473673954010014,0.06481591529846198,0.036302815878391265,-10.604653
2025-11-07 18:21:19,0.8021454215049744,0.2508077621459961,-1.6969125270843506,-0.5083708167076111,1.9997836351394653,1.3225445747375488,0.7618,0.2119,-1.6464,-0.5,1.9716,1.3935,0.04034542150497433,0.03890776214599609,0.0505125270843505,0.008370816707611084,0.028183635139465313,0.07095542526245113,0.03954593130747474,32.922056
2025-11-07 18:21:19,0.8080799579620361,0.2604622542858124,-1.7086071968078613,-0.5104512572288513,2.00651216506958,1.3053908348083496,0.7674,0.221,-1.6573,-0.502,1.9787,1.3767,0.04067995796203616,0.039462254285812376,0.05130719680786133,0.008451257228851317,0.027812165069580175,0.07130916519165043,0.03983699942429863,27.698871
2025-11-07 18:21:20,0.8141238689422607,0.27037370204925537,-1.7206854820251465,-0.5126065015792847,2.013261556625366,1.2876100540161133,0.7732,0.2307,-1.6692,-0.5041,1.985,1.3596,0.040923868942260744,0.03967370204925538,0.05148548202514647,0.008506501579284675,0.028261556625366113,0.07198994598388664,0.04014017620086667,26.203174
2025-11-07 18:21:20,0.8200201392173767,0.28002244234085083,-1.732408881187439,-0.5146812200546265,2.0198941230773926,1.2704217433929443,0.779,0.2406,-1.6811,-0.5062,1.9921,1.3417,0.04102013921737668,0.03942244234085082,0.051308881187438926,0.008481220054626482,0.027794123077392596,0.07127825660705556,0.03988417708079018,25.372361
2025-11-07 18:21:20,0.8280121684074402,0.293149471282959,-1.7483220100402832,-0.5174999237060547,2.028923511505127,1.2470074892044067,0.7876,0.2574,-1.703,-0.5097,2.0063,1.3116,0.04041216840744022,0.03574947128295897,0.045322010040283134,0.007799923706054646,0.02262351150512698,0.06459251079559336,0.03608326595624289,3.966273
2025-11-07 18:21:20,0.8342286348342896,0.3033466041088104,-1.760722279548645,-0.5197011828422546,2.035916566848755,1.228797197341919,0.7934,0.2671,-1.7147,-0.5118,2.013,1.2941,0.04082863483428956,0.03624660410881042,0.04602227954864513,0.007901182842254606,0.022916566848754982,0.06530280265808108,0.036536345140139294,9.745616
2025-11-07 18:21:20,0.8401516675949097,0.31289565563201904,-1.7723709344863892,-0.5217970013618469,2.042604684829712,1.211735486984253,0.7991,0.2766,-1.7261,-0.5139,2.0193,1.277,0.041051667594909635,0.03629565563201903,0.04627093448638919,0.0078970013618469,0.02330468482971204,0.06526451301574698,0.036680742820103966,7.028864
2025-11-07 18:21:20,0.8461840748786926,0.32287612557411194,-1.78445303440094,-0.5239388346672058,2.049333095550537,1.193981647491455,0.8049,0.2866,-1.7384,-0.516,2.0261,1.2591,0.04128407487869268,0.03627612557411192,0.046053034400939996,0.007938834667205796,0.023233095550537097,0.06511835250854503,0.03665058626333875,5.545199
2025-11-07 18:21:20,0.8521013855934143,0.3325190842151642,-1.7961745262145996,-0.5259828567504883,2.0559771060943604,1.1767185926437378,0.8107,0.2969,-1.7511,-0.5182,2.0335,1.2406,0.04140138559341433,0.03561908421516419,0.04507452621459951,0.007782856750488287,0.022477106094360266,0.06388140735626213,0.03603939437071479,3.549338
2025-11-07 18:21:21,0.8583274483680725,0.34272006154060364,-1.8086017370224,-0.5282032489776611,2.063006639480591,1.158535122871399,0.8166,0.3063,-1.7622,-0.5203,2.0397,1.2236,0.04172744836807252,0.03642006154060362,0.046401737022399914,0.007903248977661148,0.023306639480590974,0.0650648771286011,0.03680400208632154,8.169415
2025-11-07 18:21:21,0.8640338778495789,0.35203325748443604,-1.8199013471603394,-0.5302377343177795,2.0694589614868164,1.1418838500976562,0.8224,0.3167,-1.7751,-0.5225,2.0469,1.205,0.04163387784957884,0.035333257484436054,0.044801347160339455,0.0077377343177795765,0.022558961486816465,0.06311614990234382,0.035863554700215704,0.700634
2025-11-07 18:21:21,0.8699070811271667,0.36171841621398926,-1.8316535949707031,-0.532289445400238,2.0760531425476074,1.1246744394302368,0.8283,0.3261,-1.7861,-0.5246,2.0531,1.1882,0.04160708112716671,0.03561841621398926,0.045553594970703104,0.007689445400238082,0.022953142547607275,0.0635255605697631,0.03615787347157792,-2.442931
2025-11-07 18:21:21,0.8756211400032043,0.3709971010684967,-1.84293794631958,-0.5343372821807861,2.082463264465332,1.1080365180969238,0.8343,0.3355,-1.7959,-0.5267,2.0553,1.1718,0.041321140003204304,0.035497101068496684,0.047037946319580026,0.007637282180786187,0.027163264465332126,0.06376348190307612,0.03707003599007924,-9.845597
2025-11-07 18:21:21,0.881546139717102,0.38068416714668274,-1.854672908782959,-0.5363870859146118,2.0891380310058594,1.0907580852508545,0.8403,0.3455,-1.8085,-0.5288,2.0646,1.1542,0.041246139717102004,0.035184167146682765,0.04617290878295899,0.007587085914611769,0.024538031005859384,0.0634419147491454,0.03636170788606005,-9.498586
2025-11-07 18:21:21,0.8873695135116577,0.39023512601852417,-1.8663080930709839,-0.538467526435852,2.09578013420105,1.0737404823303223,0.8462,0.3547,-1.8195,-0.5309,2.0705,1.1372,0.04116951351165776,0.035535126018524155,0.04680809307098399,0.007567526435852012,0.025280134201049798,0.06345951766967772,0.036636651817957576,-12.590494
2025-11-07 18:21:21,0.8934517502784729,0.40016573667526245,-1.8783729076385498,-0.540634274482727,2.1025545597076416,1.0560039281845093,0.8519,0.3643,-1.8314,-0.5329,2.0771,1.1205,0.04155175027847291,0.03586573667526244,0.04697290763854989,0.0077342744827270105,0.025454559707641433,0.06449607181549077,0.03701255009969074,-13.599234
2025-11-07 18:21:22,0.9014591574668884,0.41330620646476746,-1.8943588733673096,-0.5434625744819641,2.111555337905884,1.0325762033462524,0.8576,0.3737,-1.8426,-0.535,2.0836,1.1035,0.0438591574668884,0.03960620646476748,0.051758873367309555,0.00846257448196408,0.02795533790588367,0.07092379665374748,0.040427657723426776,31.196251
2025-11-07 18:21:22,0.9073630571365356,0.42298752069473267,-1.9060689210891724,-0.5455315113067627,2.118176221847534,1.0152958631515503,0.8634,0.3837,-1.8547,-0.5371,2.0902,1.086,0.0439630571365357,0.03928752069473268,0.05136892108917235,0.008431511306762673,0.027976221847534344,0.07070413684844978,0.04028856148719792,30.891931
2025-11-07 18:21:22,0.9114415049552917,0.42964309453964233,-1.914170265197754,-0.5469887852668762,2.1227993965148926,1.0033882856369019,0.8691,0.3933,-1.8662,-0.5392,2.0968,1.069,0.042341504955291764,0.03634309453964235,0.047970265197753825,0.007788785266876208,0.02599939651489258,0.0656117143630981,0.0376757934729258,-12.186264
2025-11-07 18:21:22,0.9194796085357666,0.4427682161331177,-1.9301178455352783,-0.5498093962669373,2.13193416595459,0.9799759387969971,0.8748,0.403,-1.8783,-0.5413,2.1035,1.052,0.04467960853576658,0.03976821613311765,0.05181784553527824,0.008509396266937252,0.02843416595458992,0.07202406120300298,0.0408722156047821,31.431519
2025-11-07 18:21:22,0.9274716377258301,0.4559105932712555,-1.946052074432373,-0.5526511073112488,2.1408658027648926,0.9565770030021667,0.8834,0.4195,-1.8993,-0.5447,2.1167,1.0217,0.044071637725830115,0.03641059327125551,0.04675207443237306,0.007951107311248817,0.024165802764892774,0.0651229969978333,0.037412368750572265,7.25809
2025-11-07 18:21:22,0.9332374930381775,0.4652755558490753,-1.957487940788269,-0.5546625256538391,2.1473546028137207,0.9397645592689514,0.8891,0.4298,-1.9122,-0.5469,2.124,1.0033,0.04413749303817749,0.0354755558490753,0.04528794078826914,0.007762525653839059,0.023354602813720593,0.06353544073104866,0.03659225981235504,-0.663242
