Timestamp,Real_J1,Real_J2,Real_J3,Real_J4,Real_J5,Real_J6,Sim_J1,Sim_J2,Sim_J3,Sim_J4,Sim_J5,Sim_J6,RMSE_per_joint,Avg_RMSE,TimeDelay_ms
2025-11-07 20:41:44,0.0,0.0,0.0,0.0,0.0,0.0,0.0,0.0,0.0,0.0,0.0,0.0,0.0,0.0,0.0,0.0,0.0,0.0,0.0,0.0
2025-11-07 20:41:44,0.0,0.0,0.0,0.0,0.0,0.0,0.6723,-0.3518,-1.0192,-0.0236,-1.4,0.1826,0.6723,0.3518,1.0192,0.0236,1.4,0.1826,0.6082500000000001,0.0
2025-11-07 20:41:44,0.0,0.0,0.0,0.0,0.0,0.0,0.661,-0.3493,-1.0147,-0.0088,-1.3956,0.2015,0.661,0.3493,1.0147,0.0088,1.3956,0.2015,0.60515,0.0
2025-11-07 20:41:45,0.0,0.0,0.0,0.0,0.0,0.0,0.6441,-0.3455,-1.0086,0.0115,-1.3892,0.2275,0.6441,0.3455,1.0086,0.0115,1.3892,0.2275,0.6044,0.0
2025-11-07 20:41:45,0.0,0.0,0.0,0.0,0.0,0.0,0.627,-0.3416,-1.0025,0.0316,-1.383,0.2531,0.627,0.3416,1.0025,0.0316,1.383,0.2531,0.6064666666666666,0.0
2025-11-07 20:41:45,0.10306433588266373,-0.2985893487930298,-0.9801427721977234,0.1026444062590599,-1.345249891281128,0.3535288870334625,0.6153,-0.3391,-0.9972,0.0518,-1.3786,0.2765,0.5122356641173362,0.04051065120697023,0.017057227802276587,0.05084440625905991,0.03335010871887212,0.0770288870334625,0.12183782418966294,-17.055124
2025-11-07 20:41:45,0.0821274146437645,-0.29563453793525696,-0.9756137132644653,0.11776562035083771,-1.3402454853057861,0.3730871379375458,0.6095,-0.3378,-0.995,0.0571,-1.3765,0.2854,0.5273725853562355,0.04216546206474303,0.019386286735534664,0.06066562035083771,0.036254514694213924,0.08768713793754579,0.1289219345231851,-12.230267
2025-11-07 20:41:45,0.05589442327618599,-0.2916289269924164,-0.9698459506034851,0.1371244639158249,-1.3338494300842285,0.3977803885936737,0.5974,-0.3353,-0.9879,0.0824,-1.3713,0.3155,0.541505576723814,0.043671073007583605,0.018054049396514893,0.05472446391582489,0.03745056991577145,0.0822803885936737,0.1296143535921971,26.790241
2025-11-07 20:41:45,0.036203864961862564,-0.2887795567512512,-0.9654146432876587,0.1513962298631668,-1.3291867971420288,0.41590821743011475,0.5858,-0.3327,-0.9838,0.0929,-1.3669,0.3321,0.5495961350381374,0.043920443248748775,0.018385356712341316,0.05849622986316681,0.037713202857971195,0.08380821743011474,0.13198659752508005,26.928023
2025-11-07 20:41:45,0.016049273312091827,-0.2857365310192108,-0.9609354138374329,0.16622790694236755,-1.3245468139648438,0.43496793508529663,0.5737,-0.3301,-0.9783,0.1132,-1.362,0.3551,0.5576507266879082,0.04436346898078919,0.017364586162567086,0.05302790694236756,0.03745318603515635,0.0798679350852966,0.13162130164901417,23.104162
2025-11-07 20:41:46,-0.004304733593016863,-0.28290632367134094,-0.9564791917800903,0.1810825914144516,-1.3195385932922363,0.4536077082157135,0.5617,-0.3276,-0.9739,0.1272,-1.3574,0.3736,0.5660047335930168,0.04469367632865906,0.017420808219909656,0.05388259141445159,0.03786140670776361,0.08000770821571351,0.13331182074658574,21.5957
2025-11-07 20:41:46,-0.023786289617419243,-0.27981919050216675,-0.9522013068199158,0.1954003870487213,-1.3148189783096313,0.47220146656036377,0.5496,-0.325,-0.9696,0.1414,-1.3529,0.3918,0.5733862896174192,0.04518080949783326,0.017398693180084246,0.054000387048721316,0.038081021690368644,0.08040146656036379,0.13474144459913176,12.557591
2025-11-07 20:41:46,-0.04340206831693649,-0.2771117091178894,-0.9479157328605652,0.20969517529010773,-1.3099968433380127,0.4902334213256836,0.5375,-0.3224,-0.9652,0.1557,-1.3484,0.4102,0.5809020683169365,0.045288290882110616,0.01728426713943476,0.05399517529010772,0.03840315666198735,0.08003342132568358,0.13598439660271008,3.013799
2025-11-07 20:41:46,-0.06365445256233215,-0.2739306092262268,-0.9434614777565002,0.2245345264673233,-1.3051917552947998,0.5093180537223816,0.5253,-0.3199,-0.9607,0.1706,-1.344,0.429,0.5889544525623321,0.04596939077377321,0.017238522243499754,0.0539345264673233,0.03880824470520028,0.0803180537223816,0.13753719841241838,-0.281486
2025-11-07 20:41:46,-0.08395668864250183,-0.27120012044906616,-0.9390033483505249,0.2393566071987152,-1.3004283905029297,0.527940571308136,0.513,-0.3173,-0.9562,0.1855,-1.3395,0.448,0.5969566886425018,0.046099879550933864,0.017196651649475148,0.05385660719871521,0.039071609497070225,0.07994057130813598,0.13885366797447204,-0.284442
2025-11-07 20:41:46,-0.10357055068016052,-0.26812833547592163,-0.9346487522125244,0.25363031029701233,-1.2955151796340942,0.5465573668479919,0.5006,-0.3147,-0.9518,0.1997,-1.3351,0.4666,0.6041705506801606,0.04657166452407835,0.017151247787475565,0.05393031029701234,0.039584820365905715,0.07995736684799193,0.14022766008377074,-12.087827
2025-11-07 20:41:46,-0.13114960491657257,-0.26413998007774353,-0.9284898042678833,0.27384433150291443,-1.2891191244125366,0.5722419619560242,0.4881,-0.3121,-0.9472,0.2145,-1.3304,0.4867,0.6192496049165725,0.04796001992225646,0.01871019573211674,0.05934433150291443,0.041280875587463406,0.08554196195602415,0.1453478316028913,30.828199
2025-11-07 20:41:47,-0.15142691135406494,-0.2610624432563782,-0.9240738749504089,0.28867408633232117,-1.284137487411499,0.5908606648445129,0.4756,-0.3095,-0.9426,0.2297,-1.3258,0.5061,0.627026911354065,0.048437556743621824,0.018526125049591058,0.05897408633232118,0.041662512588501066,0.08476066484451295,0.14656464281876883,28.419313
2025-11-07 20:41:47,-0.17099091410636902,-0.25831854343414307,-0.9197998046875,0.3029458522796631,-1.2793684005737305,0.609486997127533,0.4629,-0.3069,-0.9381,0.2445,-1.3212,0.5251,0.633890914106369,0.04858145656585694,0.018300195312500045,0.05844585227966309,0.04183159942626946,0.08438699712753295,0.1475728358030319,20.611306
2025-11-07 20:41:47,-0.19052617251873016,-0.2553330063819885,-0.9154528975486755,0.3172233998775482,-1.2747455835342407,0.6275227665901184,0.45,-0.3043,-0.9327,0.2639,-1.3164,0.5478,0.6405261725187301,0.04896699361801149,0.017247102451324436,0.053323399877548194,0.04165441646575929,0.07972276659011845,0.14690680858691532,11.05004
2025-11-07 20:41:47,-0.2096913456916809,-0.25261980295181274,-0.9112958312034607,0.33121904730796814,-1.2700449228286743,0.6453341841697693,0.4372,-0.3017,-0.928,0.279,-1.3116,0.5673,0.6468913456916809,0.04908019704818728,0.016704168796539354,0.052219047307968114,0.04155507717132578,0.07803418416976926,0.14741400336424512,-0.27283
2025-11-07 20:41:47,-0.22929178178310394,-0.24958251416683197,-0.9070159792900085,0.3455406725406647,-1.265338659286499,0.663613498210907,0.4243,-0.2991,-0.9237,0.293,-1.3068,0.5856,0.653591781783104,0.04951748583316801,0.01668402070999142,0.05254067254066469,0.04146134071350094,0.07801349821090697,0.1486347999652227,-8.361962
2025-11-07 20:41:47,-0.25686508417129517,-0.24575330317020416,-0.9008705019950867,0.36570101976394653,-1.258712887763977,0.689342200756073,0.4114,-0.2965,-0.919,0.3073,-1.3017,0.6056,0.6682650841712952,0.05074669682979582,0.01812949800491337,0.058401019763946516,0.04298711223602303,0.08374220075607297,0.15371193529367447,37.549829
2025-11-07 20:41:47,-0.2833109200000763,-0.24166716635227203,-0.8950356245040894,0.3850541114807129,-1.2526320219039917,0.7138763070106506,0.3917,-0.2926,-0.9121,0.3311,-1.2942,0.6344,0.6750109200000762,0.05093283364772799,0.017064375495910666,0.053954111480712885,0.04156797809600832,0.07947630701065067,0.15300108762184778,6.681071
2025-11-07 20:41:48,-0.30397745966911316,-0.2386893332004547,-0.8904585838317871,0.4001791477203369,-1.247502326965332,0.7335304617881775,0.3785,-0.29,-0.9078,0.3454,-1.2892,0.6528,0.6824774596691132,0.05131066679954527,0.017341416168212942,0.05477914772033693,0.04169767303466787,0.08073046178817744,0.1547228041966756,4.930758
2025-11-07 20:41:48,-0.32543978095054626,-0.2355024814605713,-0.8857665061950684,0.4158468544483185,-1.2423630952835083,0.7533743977546692,0.3653,-0.2874,-0.9033,0.3603,-1.2843,0.6715,0.6907397809505462,0.0518975185394287,0.017533493804931632,0.05554685444831847,0.041936904716491696,0.0818743977546692,0.15658815836906434,8.500877
2025-11-07 20:41:48,-0.3446432948112488,-0.23279117047786713,-0.8815711140632629,0.42983293533325195,-1.2379300594329834,0.77116858959198,0.3519,-0.2847,-0.8988,0.3754,-1.2792,0.6909,0.6965432948112488,0.05190882952213288,0.017228885936737104,0.05443293533325194,0.041269940567016494,0.08026858959198002,0.1569420792937279,1.17591
2025-11-07 20:41:48,-0.36529067158699036,-0.2295602262020111,-0.8769863843917847,0.444961816072464,-1.2327642440795898,0.7906118035316467,0.3385,-0.2821,-0.8943,0.3902,-1.274,0.7099,0.7037906715869904,0.05253977379798891,0.017313615608215316,0.054761816072464,0.04123575592041018,0.08071180353164675,0.15839223941961925,-1.781001
2025-11-07 20:41:48,-0.3844807744026184,-0.22686424851417542,-0.8727737069129944,0.4589938819408417,-1.228118658065796,0.8082813024520874,0.325,-0.2795,-0.8895,0.405,-1.2685,0.7303,0.7094807744026184,0.05263575148582461,0.016726293087005573,0.05399388194084165,0.04038134193420406,0.07798130245208745,0.15853322421709695,-8.548217
2025-11-07 20:41:48,-0.4051991105079651,-0.223683163523674,-0.8681660294532776,0.4741477072238922,-1.223116159439087,0.8278223276138306,0.3114,-0.2769,-0.8849,0.4202,-1.2629,0.75,0.7165991105079651,0.05321683647632597,0.016733970546722432,0.053947707223892194,0.039783840560913,0.07782232761383057,0.15968396548827488,-7.423395
2025-11-07 20:41:48,-0.42545339465141296,-0.2208663821220398,-0.8636810183525085,0.488985151052475,-1.2182921171188354,0.8467382192611694,0.2977,-0.2742,-0.8804,0.4351,-1.2575,0.7686,0.723153394651413,0.053333617877960204,0.016718981647491415,0.05388515105247499,0.03920788288116461,0.07813821926116948,0.1607395412286123,-8.199613
2025-11-07 20:41:49,-0.4518992304801941,-0.2168377786874771,-0.857897937297821,0.5082883834838867,-1.2121068239212036,0.8711994886398315,0.2771,-0.2703,-0.8743,0.4543,-1.2492,0.7943,0.7289992304801941,0.05346222131252287,0.01640206270217892,0.05398838348388674,0.037093176078796475,0.07689948863983154,0.16114076044956846,4.297292
2025-11-07 20:41:49,-0.4867953658103943,-0.21167975664138794,-0.8502414226531982,0.5337888598442078,-1.203774333000183,0.9038061499595642,0.2493,-0.265,-0.8646,0.4888,-1.239,0.8364,0.7360953658103943,0.053320243358612074,0.014358577346801793,0.04498885984420775,0.035225666999816996,0.06740614995956418,0.15856581055323285,-26.656015
2025-11-07 20:41:49,-0.513248860836029,-0.20799820125102997,-0.8444506525993347,0.553117036819458,-1.1971789598464966,0.9284284710884094,0.2423,-0.2636,-0.8625,0.4941,-1.2361,0.8443,0.755548860836029,0.05560179874897003,0.018049347400665328,0.059017036819458024,0.038921040153503395,0.08412847108840937,0.16854442584117255,25.741374
2025-11-07 20:41:49,-0.532833993434906,-0.20495900511741638,-0.840046226978302,0.5674022436141968,-1.1925276517868042,0.9468247294425964,0.2281,-0.261,-0.8572,0.5135,-1.2318,0.8679,0.760933993434906,0.05604099488258363,0.01715377302169796,0.05390224361419682,0.03927234821319581,0.07892472944259643,0.16770468043486275,13.681631
2025-11-07 20:41:49,-0.5523174405097961,-0.20212113857269287,-0.8357165455818176,0.5816970467567444,-1.1880700588226318,0.965036928653717,0.214,-0.2583,-0.8526,0.5283,-1.2264,0.8869,0.7663174405097961,0.0561788614273071,0.016883454418182398,0.05339704675674439,0.0383299411773681,0.07813692865371702,0.16820727882385253,3.876562
2025-11-07 20:41:49,-0.5726771950721741,-0.1990148276090622,-0.8312661051750183,0.5965728163719177,-1.1831035614013672,0.9841349720954895,0.2,-0.2557,-0.848,0.5434,-1.2212,0.9066,0.772677195072174,0.05668517239093779,0.016733894824981665,0.05317281637191773,0.038096438598632876,0.07753497209548954,0.16915008155902225,-2.320118
2025-11-07 20:41:50,-0.5929775238037109,-0.19619806110858917,-0.8268002867698669,0.6113085746765137,-1.178241491317749,1.0027018785476685,0.1865,-0.253,-0.8434,0.5574,-1.2157,0.9257,0.7794775238037109,0.05680193889141083,0.016599713230133095,0.053908574676513665,0.03745850868225098,0.07700187854766849,0.170208022971948,-6.337557
2025-11-07 20:41:50,-0.6074199676513672,-0.19713954627513885,-0.8280408978462219,0.6224031448364258,-1.1782984733581543,1.0141280889511108,0.1731,-0.2503,-0.839,0.5718,-1.2104,0.9442,0.7805199676513672,0.05316045372486117,0.010959102153778044,0.050603144836425806,0.032101526641845624,0.0699280889511108,0.16621204732656478,38.478457
2025-11-07 20:41:50,-0.605527400970459,-0.20640669763088226,-0.839357852935791,0.6192258596420288,-1.1905114650726318,0.9981364011764526,0.1536,-0.2462,-0.832,0.5964,-1.203,0.9747,0.7591274009704589,0.03979330236911774,0.007357852935791054,0.022825859642028767,0.012488534927368233,0.023436401176452626,0.1441715586702029,13.535573
2025-11-07 20:41:50,-0.6029810309410095,-0.21292036771774292,-0.8475876450538635,0.6161329746246338,-1.1988894939422607,0.9859968423843384,0.1409,-0.2435,-0.8275,0.6112,-1.1979,0.9936,0.7438810309410095,0.030579632282257074,0.020087645053863512,0.0049329746246338235,0.0009894939422607774,0.00760315761566166,0.1346789890766144,8.304883
2025-11-07 20:41:50,-0.6004173159599304,-0.2202470451593399,-0.8565461039543152,0.6127620339393616,-1.2081750631332397,0.9730691909790039,0.1282,-0.2408,-0.8243,0.622,-1.1929,1.0076,0.7286173159599304,0.02055295484066008,0.03224610395431515,0.009237966060638425,0.015275063133239675,0.034530809020996145,0.14007670216162998,9.928755
2025-11-07 20:41:50,-0.5980051755905151,-0.22699272632598877,-0.8651536703109741,0.6095905303955078,-1.2171720266342163,0.9609718322753906,0.1158,-0.2382,-0.8291,0.6214,-1.1912,1.0085,0.7138051755905152,0.011207273674011226,0.03605367031097417,0.01180946960449214,0.025972026634216272,0.04752816772460933,0.14106263058980303,7.468662
2025-11-07 20:41:50,-0.595518171787262,-0.2340988963842392,-0.8739529848098755,0.606223464012146,-1.2264289855957031,0.9481419920921326,0.103,-0.2356,-0.8377,0.6183,-1.1924,1.0,0.6985181717872619,0.001501103615760807,0.03625298480987549,0.012076535987853965,0.03402898559570322,0.05185800790786743,0.1390392982840538,5.693921
2025-11-07 20:41:51,-0.5914493203163147,-0.24555005133152008,-0.8883742690086365,0.6008583307266235,-1.241184115409851,0.9273431301116943,0.0829,-0.2318,-0.8487,0.614,-1.1988,0.9832,0.6743493203163147,0.013750051331520075,0.039674269008636465,0.013141669273376455,0.042384115409850986,0.05585686988830563,0.1398593825380007,28.840906
2025-11-07 20:41:51,-0.5889585018157959,-0.25255075097084045,-0.8972100019454956,0.5975736975669861,-1.250376582145691,0.9148661494255066,0.0689,-0.2307,-0.8576,0.6107,-1.2053,0.9708,0.6578585018157959,0.021850750970840466,0.039610001945495577,0.013126302433013937,0.04507658214569088,0.055933850574493404,0.138909331647555,24.869383
2025-11-07 20:41:51,-0.5867610573768616,-0.2589685618877411,-0.9052691459655762,0.5945096015930176,-1.2586274147033691,0.9034360647201538,0.055,-0.2311,-0.8703,0.6063,-1.213,0.9563,0.6417610573768616,0.02786856188774109,0.03496914596557621,0.011790398406982372,0.04562741470336906,0.05286393527984623,0.13581341893672944,18.888676
2025-11-07 20:41:51,-0.5841091871261597,-0.2661207318305969,-0.91426020860672,0.5911405682563782,-1.267903447151184,0.8901863098144531,0.0413,-0.2324,-0.8777,0.6031,-1.2208,0.9434,0.6254091871261597,0.03372073183059693,0.036560208606719935,0.011959431743621796,0.047103447151183975,0.05321369018554689,0.13466111610730486,23.294745
2025-11-07 20:41:51,-0.5819022059440613,-0.2727110981941223,-0.9224919676780701,0.5880438685417175,-1.2765188217163086,0.8783478140830994,0.0278,-0.2346,-0.8867,0.5999,-1.2288,0.9309,0.6097022059440613,0.03811109819412231,0.035791967678070025,0.01185613145828246,0.0477188217163087,0.052552185916900584,0.13262206848462424,8.748568
2025-11-07 20:41:51,-0.5795993208885193,-0.27928805351257324,-0.9307715892791748,0.5849528908729553,-1.2851645946502686,0.8665879368782043,0.0145,-0.2375,-0.8954,0.5966,-1.237,0.9184,0.5940993208885192,0.04178805351257325,0.03537158927917483,0.011647109127044697,0.048164594650268455,0.05181206312179565,0.13048045509656267,4.492795
2025-11-07 20:41:51,-0.5770413875579834,-0.28606632351875305,-0.9393753409385681,0.5816816687583923,-1.2938027381896973,0.854158878326416,0.0014,-0.2406,-0.9038,0.5933,-1.2452,0.9062,0.5784413875579834,0.04546632351875304,0.03557534093856807,0.011618331241607716,0.04860273818969718,0.05204112167358399,0.1286242071866989,-0.461148
2025-11-07 20:41:52,-0.5748018026351929,-0.29262983798980713,-0.9475495219230652,0.5786328911781311,-1.302505373954773,0.8423683047294617,-0.0116,-0.2438,-0.9122,0.5902,-1.2535,0.8938,0.5632018026351928,0.04882983798980714,0.035349521923065175,0.011567108821868843,0.04900537395477289,0.05143169527053837,0.12656422343254087,-6.602943
2025-11-07 20:41:52,-0.5715765953063965,-0.30137160420417786,-0.9587724804878235,0.5744854211807251,-1.3139911890029907,0.8262749314308167,-0.0243,-0.2468,-0.9207,0.5871,-1.2621,0.8806,0.5472765953063965,0.054571604204177865,0.03807248048782352,0.012614578819274858,0.05189118900299072,0.0543250685691834,0.12645858606497448,26.321578
2025-11-07 20:41:52,-0.5692583322525024,-0.3082304298877716,-0.9673359394073486,0.5712717175483704,-1.3227603435516357,0.8141238689422607,-0.0368,-0.2501,-0.9328,0.5827,-1.2713,0.8663,0.5324583322525025,0.05813042988777162,0.03453593940734867,0.011428282451629634,0.051460343551635646,0.05217613105773922,0.12336490976810455,26.345785
2025-11-07 20:41:52,-0.56684809923172,-0.3152618110179901,-0.9760144352912903,0.5679295659065247,-1.3319491147994995,0.8013515472412109,-0.0492,-0.2532,-0.9369,0.5806,-1.2797,0.8553,0.51764809923172,0.06206181101799013,0.03911443529129033,0.012670434093475347,0.05224911479949945,0.05394845275878901,0.12294872453212737,24.630859
2025-11-07 20:41:52,-0.5635864734649658,-0.3240438401699066,-0.9871339201927185,0.5638242363929749,-1.3432507514953613,0.7853425741195679,-0.0674,-0.2588,-0.9509,0.5757,-1.2927,0.8369,0.4961864734649658,0.06524384016990664,0.03623392019271854,0.011875763607025136,0.05055075149536137,0.051557425880432106,0.11860802913506825,-2.374231
2025-11-07 20:41:52,-0.5611263513565063,-0.33122479915618896,-0.9963070750236511,0.5604283809661865,-1.3528058528900146,0.7725165486335754,-0.0793,-0.2641,-0.9594,0.5724,-1.3017,0.8245,0.48182635135650637,0.06712479915618896,0.03690707502365109,0.011971619033813496,0.05110585289001457,0.05198345136642457,0.11681985813776652,2.204077
2025-11-07 20:41:52,-0.5586853623390198,-0.33778640627861023,-1.0044602155685425,0.5572856068611145,-1.3613414764404297,0.7604920864105225,-0.0909,-0.2697,-0.9685,0.5691,-1.3102,0.8132,0.4677853623390198,0.06808640627861023,0.03596021556854245,0.011814393138885548,0.051141476440429656,0.05270791358947757,0.1145826278924942,-4.346336
2025-11-07 20:41:53,-0.5565531849861145,-0.3441888689994812,-1.0124868154525757,0.5542828440666199,-1.3695297241210938,0.7488970756530762,-0.1024,-0.2754,-0.9769,0.566,-1.3188,0.8002,0.4541531849861145,0.06878886899948122,0.03558681545257569,0.011717155933380075,0.05072972412109378,0.05130292434692385,0.1120464456399282,-11.549962
2025-11-07 20:41:53,-0.5532033443450928,-0.3534924387931824,-1.024227499961853,0.5499628186225891,-1.38148832321167,0.7324087023735046,-0.1137,-0.2818,-0.9854,0.5627,-1.3276,0.7875,0.43950334434509275,0.07169243879318238,0.038827499961852974,0.012737181377410867,0.05388832321167003,0.05509129762649534,0.11195668088595073,29.713276
2025-11-07 20:41:53,-0.5507163405418396,-0.3605487644672394,-1.0329673290252686,0.5466628074645996,-1.3906257152557373,0.7198895215988159,-0.1248,-0.2885,-0.9944,0.5595,-1.3362,0.7751,0.4259163405418396,0.0720487644672394,0.038567329025268604,0.012837192535400388,0.05442571525573725,0.05521047840118409,0.10983430337111155,25.501577
2025-11-07 20:41:53,-0.5484901666641235,-0.3668860197067261,-1.04094398021698,0.5436063408851624,-1.3990739583969116,0.7082753777503967,-0.1357,-0.2958,-1.0055,0.5553,-1.3453,0.7611,0.41279016666412355,0.07108601970672607,0.03544398021697992,0.011693659114837662,0.05377395839691168,0.05282462224960327,0.10626873439153035,18.472894
2025-11-07 20:41:53,-0.5460798740386963,-0.3734361231327057,-1.0491949319839478,0.5405211448669434,-1.4073913097381592,0.6963639855384827,-0.1465,-0.3025,-1.0131,0.5522,-1.3538,0.7487,0.3995798740386963,0.0709361231327057,0.036094931983947864,0.011678855133056665,0.05359130973815929,0.052336014461517366,0.10403618474801386,8.746745
2025-11-07 20:41:53,-0.5437750816345215,-0.3802450895309448,-1.0578254461288452,0.5373592376708984,-1.416251540184021,0.6841611862182617,-0.157,-0.3096,-1.022,0.549,-1.3624,0.7363,0.38677508163452146,0.07064508953094484,0.035825446128845195,0.011640762329101606,0.05385154018402094,0.052138813781738236,0.10181278893152872,8.412959
2025-11-07 20:41:53,-0.5413168668746948,-0.38718825578689575,-1.0665422677993774,0.5340611934661865,-1.4256377220153809,0.6713505387306213,-0.1674,-0.3166,-1.0307,0.5457,-1.3709,0.724,0.37391686687469483,0.07058825578689576,0.03584226779937749,0.01163880653381344,0.05473772201538085,0.05264946126937864,0.0998955633799235,8.219832
2025-11-07 20:41:53,-0.5387570858001709,-0.39393776655197144,-1.075031042098999,0.530795693397522,-1.4343328475952148,0.6591822504997253,-0.1776,-0.3234,-1.0385,0.5427,-1.379,0.712,0.3611570858001709,0.07053776655197141,0.036531042098999045,0.011904306602477988,0.05533284759521484,0.052817749500274624,0.09804679969151814,8.306346
2025-11-07 20:41:54,-0.536505937576294,-0.40069687366485596,-1.083573341369629,0.5276510119438171,-1.4429329633712769,0.6469506621360779,-0.1876,-0.3303,-1.047,0.5396,-1.3871,0.7003,0.34890593757629396,0.07039687366485597,0.036573341369628976,0.01194898805618283,0.055832963371276856,0.05334933786392215,0.09616790698369347,5.492528
2025-11-07 20:41:54,-0.5338080525398254,-0.40793150663375854,-1.0926679372787476,0.5242801308631897,-1.4524348974227905,0.6338600516319275,-0.1974,-0.3371,-1.0557,0.5364,-1.3952,0.6881,0.3364080525398254,0.07083150663375853,0.036967937278747476,0.01211986913681029,0.05723489742279053,0.054239948368072555,0.09463370189666748,8.262542
2025-11-07 20:41:54,-0.531407356262207,-0.4151162803173065,-1.1016781330108643,0.5208689570426941,-1.4619520902633667,0.621016800403595,-0.207,-0.3441,-1.0646,0.533,-1.4032,0.6755,0.32440735626220707,0.0710162803173065,0.03707813301086427,0.012131042957305938,0.058752090263366696,0.05448319959640502,0.09297801706790924,11.589247
2025-11-07 20:41:54,-0.5290642380714417,-0.4217699468135834,-1.109971284866333,0.5177069902420044,-1.470350980758667,0.608984649181366,-0.2163,-0.3511,-1.0732,0.5297,-1.4113,0.6628,0.31276423807144166,0.07066994681358335,0.036771284866333076,0.011993009757995554,0.05905098075866699,0.05381535081863398,0.0908441351811091,4.423954
2025-11-07 20:41:54,-0.5265504121780396,-0.4285060167312622,-1.118496298789978,0.5145757794380188,-1.4789834022521973,0.5966629385948181,-0.2254,-0.358,-1.082,0.5265,-1.4193,0.6505,0.30115041217803956,0.07050601673126222,0.036496298789977955,0.01192422056198117,0.05968340225219726,0.05383706140518185,0.08893290198644,0.854867
2025-11-07 20:41:54,-0.5225793123245239,-0.43974435329437256,-1.1327086687088013,0.5092509388923645,-1.4938238859176636,0.5762264728546143,-0.2387,-0.3689,-1.0976,0.5209,-1.4318,0.6299,0.2838793123245239,0.07084435329437255,0.03510866870880136,0.011649061107635528,0.06202388591766361,0.05367352714538576,0.08619646808306379,21.573698
2025-11-07 20:41:55,-0.5200999975204468,-0.44688695669174194,-1.1414581537246704,0.5058838725090027,-1.5029746294021606,0.5636650919914246,-0.2472,-0.3758,-1.1049,0.5177,-1.4401,0.6171,0.2728999975204468,0.07108695669174192,0.03655815372467042,0.011816127490997363,0.06287462940216071,0.05343490800857542,0.08477846213976543,18.357805
2025-11-07 20:41:55,-0.5178009867668152,-0.4535636007785797,-1.1501173973083496,0.5027142763137817,-1.5119450092315674,0.5514430999755859,-0.2556,-0.383,-1.1136,0.5146,-1.4484,0.6046,0.2622009867668152,0.0705636007785797,0.036517397308349686,0.011885723686218208,0.06354500923156747,0.05315690002441409,0.08297826963265739,18.833871
2025-11-07 20:41:55,-0.5152909755706787,-0.4604703485965729,-1.1586252450942993,0.4995657801628113,-1.5206040143966675,0.5391328930854797,-0.2637,-0.3901,-1.1224,0.5113,-1.4566,0.5921,0.2515909755706787,0.07037034859657287,0.03622524509429925,0.011734219837188697,0.06400401439666759,0.05296710691452022,0.08114865173498789,16.010345
2025-11-07 20:41:55,-0.5129343867301941,-0.4669571816921234,-1.1668282747268677,0.4964345395565033,-1.5291281938552856,0.5274228453636169,-0.2717,-0.3969,-1.1303,0.5083,-1.4646,0.5802,0.2412343867301941,0.07005718169212344,0.03652827472686759,0.011865460443496678,0.06452819385528574,0.052777154636383106,0.07949844201405844,8.16663
2025-11-07 20:41:55,-0.5106295943260193,-0.4738255739212036,-1.1753264665603638,0.4931901693344116,-1.5382333993911743,0.5150321125984192,-0.2795,-0.404,-1.1391,0.5049,-1.4726,0.5679,0.23112959432601926,0.06982557392120359,0.03622646656036377,0.011709830665588394,0.06563339939117441,0.05286788740158077,0.0778987920443217,6.000416
2025-11-07 20:41:55,-0.5080410242080688,-0.48079368472099304,-1.1842408180236816,0.4899362027645111,-1.5469417572021484,0.5023154020309448,-0.2871,-0.4108,-1.1478,0.5018,-1.4806,0.5556,0.22094102420806883,0.06999368472099304,0.03644081802368171,0.011863797235488915,0.06634175720214852,0.05328459796905516,0.07647761322657269,2.571486
2025-11-07 20:41:55,-0.5056614279747009,-0.4879247844219208,-1.1932108402252197,0.48655378818511963,-1.5564228296279907,0.48939165472984314,-0.2944,-0.4177,-1.1562,0.4986,-1.4886,0.5432,0.21126142797470093,0.07022478442192076,0.03701084022521983,0.012046211814880359,0.0678228296279908,0.053808345270156877,0.0753624065558116,9.014815
2025-11-07 20:41:55,-0.5029942393302917,-0.4951383173465729,-1.202199935913086,0.4831560254096985,-1.5657216310501099,0.4763374626636505,-0.3014,-0.4247,-1.1649,0.4953,-1.4966,0.5308,0.20159423933029175,0.07043831734657285,0.03729993591308589,0.012143974590301532,0.06912163105010993,0.05446253733634954,0.07417677259445192,12.041198
2025-11-07 20:41:56,-0.5004248023033142,-0.5022693872451782,-1.2113730907440186,0.4797256588935852,-1.575364112854004,0.46343669295310974,-0.3082,-0.4316,-1.1735,0.492,-1.5047,0.5185,0.19222480230331424,0.07066938724517824,0.03787309074401857,0.012274341106414788,0.07066411285400398,0.05506330704689022,0.07312817354997,16.784449
2025-11-07 20:41:56,-0.4980739653110504,-0.509120523929596,-1.2199366092681885,0.47655031085014343,-1.584032654762268,0.4510651230812073,-0.3148,-0.4385,-1.1821,0.4889,-1.5127,0.5061,0.1832739653110504,0.07062052392959595,0.03783660926818855,0.012349689149856569,0.07133265476226813,0.05503487691879272,0.07174138655662539,16.433641
2025-11-07 20:41:56,-0.4955774247646332,-0.5158758163452148,-1.2283676862716675,0.4733864665031433,-1.5926991701126099,0.4388086199760437,-0.3212,-0.4456,-1.1911,0.4855,-1.521,0.4935,0.1743774247646332,0.07027581634521485,0.03726768627166743,0.012113533496856677,0.07169917011260996,0.05469138002395629,0.0700708351691564,12.044854
2025-11-07 20:41:56,-0.4933953285217285,-0.5225006937980652,-1.2366838455200195,0.4702437222003937,-1.6015063524246216,0.42703723907470703,-0.3273,-0.4527,-1.2001,0.4821,-1.5294,0.4805,0.16609532852172854,0.0698006937980652,0.03658384552001959,0.011856277799606296,0.07210635242462149,0.05346276092529295,0.06831754316488901,3.669808
2025-11-07 20:41:56,-0.49094289541244507,-0.5292387008666992,-1.2452069520950317,0.46702811121940613,-1.610321044921875,0.4146944582462311,-0.3331,-0.4598,-1.209,0.4788,-1.5378,0.4678,0.15784289541244506,0.06943870086669923,0.036206952095031664,0.011771888780593875,0.07252104492187494,0.053105541753768915,0.06681450397173562,-0.24166
2025-11-07 20:41:56,-0.488526850938797,-0.5358980894088745,-1.2535499334335327,0.4639582335948944,-1.6186782121658325,0.4028502106666565,-0.3386,-0.467,-1.2181,0.4754,-1.5463,0.455,0.14992685093879698,0.06889808940887449,0.035449933433532754,0.01144176640510558,0.07237821216583251,0.05214978933334352,0.06504077361424764,-6.852828
2025-11-07 20:41:56,-0.48547041416168213,-0.5446974039077759,-1.2645082473754883,0.45982223749160767,-1.6301621198654175,0.3867817521095276,-0.3438,-0.4739,-1.2265,0.4724,-1.5547,0.4417,0.14167041416168213,0.07079740390777589,0.03800824737548836,0.01257776250839232,0.07546211986541751,0.054918247890472394,0.0655723659515381,30.883184
2025-11-07 20:41:57,-0.4836373031139374,-0.5496713519096375,-1.270755410194397,0.45744267106056213,-1.6368695497512817,0.37789615988731384,-0.3487,-0.4811,-1.2351,0.4691,-1.5634,0.4292,0.13493730311393737,0.06857135190963742,0.035655410194396886,0.011657328939437883,0.07346954975128184,0.05130384011268618,0.0625991306702296,-12.340427
2025-11-07 20:41:57,-0.48050031065940857,-0.5588636994361877,-1.282463550567627,0.45308807492256165,-1.648841381072998,0.36095142364501953,-0.3534,-0.488,-1.2433,0.4661,-1.5718,0.4173,0.12710031065940858,0.07086369943618775,0.03916355056762688,0.013011925077438369,0.07704138107299796,0.05634857635498047,0.06392157386144,35.384946
2025-11-07 20:41:57,-0.4770929515361786,-0.5681749582290649,-1.2939876317977905,0.4487641751766205,-1.6607848405838013,0.34444963932037354,-0.3597,-0.4989,-1.2567,0.4609,-1.5846,0.3985,0.11739295153617857,0.06927495822906493,0.0372876317977906,0.012135824823379493,0.07618484058380126,0.054050360679626486,0.061054427941640226,8.950383
2025-11-07 20:41:57,-0.47472870349884033,-0.5749187469482422,-1.3025989532470703,0.4455217123031616,-1.6695538759231567,0.33225831389427185,-0.3636,-0.5061,-1.2658,0.4575,-1.5937,0.3861,0.11112870349884035,0.0688187469482422,0.036798953247070276,0.011978287696838397,0.07585387592315684,0.05384168610572815,0.0597367089033127,9.078697
2025-11-07 20:41:57,-0.4723491072654724,-0.5817142724990845,-1.3112064599990845,0.44230034947395325,-1.678414225578308,0.3198445737361908,-0.3671,-0.5131,-1.2744,0.4542,-1.6024,0.3736,0.10524910726547243,0.06861427249908447,0.036806459999084495,0.011899650526046746,0.07601422557830806,0.05375542626380919,0.0587231903553009,7.066946
2025-11-07 20:41:57,-0.46981996297836304,-0.5886632204055786,-1.3198926448822021,0.43904638290405273,-1.6875877380371094,0.3072889447212219,-0.3702,-0.5201,-1.2829,0.4511,-1.6111,0.3612,0.09961996297836306,0.0685632204055786,0.03699264488220222,0.012053617095947267,0.0764877380371094,0.0539110552787781,0.05793803977966311,4.988588
2025-11-07 20:41:57,-0.46756884455680847,-0.5954223275184631,-1.3284196853637695,0.4358576238155365,-1.6962087154388428,0.2949710786342621,-0.3731,-0.5273,-1.2919,0.4477,-1.6204,0.3486,0.09446884455680848,0.06812232751846314,0.03651968536376948,0.011842376184463488,0.07580871543884271,0.053628921365737936,0.056731811738014205,1.803163
2025-11-07 20:41:58,-0.4648268520832062,-0.602570652961731,-1.3376024961471558,0.43243494629859924,-1.7056916952133179,0.2820185422897339,-0.3755,-0.5345,-1.3007,0.4444,-1.6296,0.3358,0.08932685208320618,0.06807065296173098,0.036902496147155794,0.011965053701400774,0.07609169521331793,0.0537814577102661,0.05602303463617963,6.932259
2025-11-07 20:41:58,-0.4623456299304962,-0.6098781824111938,-1.3466567993164062,0.4290083944797516,-1.7149051427841187,0.26908132433891296,-0.3777,-0.5415,-1.3093,0.4412,-1.6387,0.3235,0.08464562993049624,0.06837818241119387,0.03735679931640634,0.012191605520248394,0.0762051427841186,0.054418675661087046,0.05553267260392508,14.122811
2025-11-07 20:41:58,-0.45993345975875854,-0.6166123151779175,-1.3550419807434082,0.4258771538734436,-1.723943829536438,0.2567059397697449,-0.3797,-0.5485,-1.3178,0.438,-1.6476,0.311,0.08023345975875856,0.06811231517791749,0.03724198074340812,0.012122846126556397,0.07634382953643803,0.054294060230255126,0.05472474859555562,12.330819
2025-11-07 20:41:58,-0.4575692117214203,-0.6232237815856934,-1.3633829355239868,0.4227612614631653,-1.7323029041290283,0.24484826624393463,-0.3817,-0.5557,-1.3265,0.4347,-1.6569,0.2986,0.0758692117214203,0.06752378158569339,0.036882935523986804,0.011938738536834692,0.07540290412902828,0.053751733756065345,0.0535615508755048,4.587074
2025-11-07 20:41:58,-0.45530274510383606,-0.6300058960914612,-1.3719367980957031,0.4195571541786194,-1.7412257194519043,0.23252080380916595,-0.3836,-0.5629,-1.3357,0.4313,-1.6665,0.2859,0.07170274510383606,0.06710589609146123,0.036236798095703016,0.011742845821380632,0.0747257194519042,0.05337919619083403,0.052482200125853196,2.875495
2025-11-07 20:41:58,-0.45265471935272217,-0.6372923254966736,-1.380935549736023,0.4161459803581238,-1.7506612539291382,0.21949923038482666,-0.3855,-0.5699,-1.3442,0.4281,-1.6757,0.2734,0.06715471935272216,0.06739232549667362,0.03673554973602289,0.011954019641876201,0.07496125392913822,0.053900769615173316,0.052016439628601065,9.309967
2025-11-07 20:41:58,-0.450085312128067,-0.6444176435470581,-1.3899246454238892,0.4127846360206604,-1.7599676847457886,0.20659461617469788,-0.3874,-0.5769,-1.3526,0.4249,-1.685,0.2609,0.062685312128067,0.06751764354705814,0.037324645423889136,0.0121153639793396,0.07496768474578852,0.054305383825302145,0.05148600560824076,10.379995
2025-11-07 20:41:58,-0.4478226900100708,-0.6509677767753601,-1.3983155488967896,0.4096783399581909,-1.7684918642044067,0.19466407597064972,-0.3893,-0.5841,-1.3614,0.4216,-1.6945,0.2484,0.05852269001007082,0.06686777677536015,0.03691554889678961,0.011921660041809057,0.07399186420440684,0.05373592402935029,0.05032591065963113,3.513701
2025-11-07 20:41:59,-0.44516122341156006,-0.6581199169158936,-1.4073679447174072,0.40623071789741516,-1.777788758277893,0.1817287802696228,-0.3893,-0.5841,-1.3614,0.4216,-1.6945,0.2484,0.05586122341156008,0.0740199169158936,0.04596794471740728,0.015369282102584814,0.08328875827789317,0.06667121973037721,0.05686305752595269,143.808945
2025-11-07 20:41:59,-0.4422178864479065,-0.6669901609420776,-1.4183895587921143,0.4021100401878357,-1.7892898321151733,0.1658214032649994,-0.3893,-0.5841,-1.3614,0.4216,-1.6945,0.2484,0.052917886447906515,0.08289016094207768,0.056989558792114314,0.01948995981216428,0.09478983211517344,0.08257859673500062,0.06494266580740614,317.248167
2025-11-07 20:41:59,-0.44035986065864563,-0.6719890236854553,-1.4246424436569214,0.39979565143585205,-1.7956327199935913,0.1566731333732605,-0.3893,-0.5841,-1.3614,0.4216,-1.6945,0.2484,0.05105986065864565,0.08788902368545537,0.06324244365692144,0.021804348564147924,0.10113271999359141,0.09172686662673951,0.06947587719758355,410.426557
2025-11-07 20:41:59,-0.4364060163497925,-0.6832695603370667,-1.4389084577560425,0.39442864060401917,-1.8104125261306763,0.13622133433818817,-0.3921,-0.608,-1.4019,0.4052,-1.7406,0.1839,0.044306016349792476,0.07526956033706667,0.037008457756042556,0.01077135939598084,0.06981252613067634,0.047678665661811837,0.04747443093856179,-10.969477
2025-11-07 20:41:59,-0.4323045611381531,-0.6946191191673279,-1.453017234802246,0.38911914825439453,-1.825188398361206,0.11587690562009811,-0.3948,-0.6221,-1.4172,0.401,-1.7594,0.1688,0.03750456113815309,0.0725191191673279,0.03581723480224608,0.011880851745605492,0.06578839836120598,0.05292309437990189,0.04607220993240674,13.031472
2025-11-07 20:41:59,-0.430206835269928,-0.7009640336036682,-1.4610974788665771,0.386141300201416,-1.833511471748352,0.10440656542778015,-0.3966,-0.6305,-1.4262,0.3976,-1.7694,0.1563,0.03360683526992797,0.07046403360366826,0.034897478866577236,0.011458699798583993,0.06411147174835197,0.05189343457221984,0.04440532564322155,7.784012
2025-11-07 20:42:00,-0.4258273243904114,-0.706582248210907,-1.4681289196014404,0.3822699189186096,-1.8402814865112305,0.09297265857458115,-0.3984,-0.6384,-1.4345,0.3944,-1.7783,0.1442,0.0274273243904114,0.06818224821090701,0.03362891960144032,0.012130081081390354,0.06198148651123048,0.05122734142541885,0.04242956687013307,2.143432
2025-11-07 20:42:00,-0.41364365816116333,-0.7068679332733154,-1.468652367591858,0.3757850229740143,-1.8379520177841187,0.08621355891227722,-0.4001,-0.6459,-1.4424,0.3914,-1.7867,0.1323,0.013543658161163319,0.0609679332733154,0.026252367591858006,0.015614977025985743,0.0512520177841187,0.04608644108772278,0.03561956582069399,11.035673
2025-11-07 20:42:00,-0.4020678699016571,-0.7067682147026062,-1.4681403636932373,0.3695474863052368,-1.8333500623703003,0.08147163689136505,-0.4018,-0.6535,-1.451,0.3882,-1.7953,0.12,0.000267869901657114,0.05326821470260623,0.017140363693237237,0.018652513694763173,0.0380500623703004,0.038528363108634944,0.02765123124519985,1.403663
2025-11-07 20:42:00,-0.38986504077911377,-0.7058171629905701,-1.4672353267669678,0.3629762828350067,-1.8287442922592163,0.0764593556523323,-0.4035,-0.661,-1.4596,0.385,-1.8038,0.1078,0.013634959220886256,0.044817162990570036,0.007635326766967765,0.022023717164993295,0.02494429225921624,0.0313406443476677,0.024066017125050215,-8.651794
2025-11-07 20:42:00,-0.3735243082046509,-0.7045477628707886,-1.4661481380462646,0.3542211055755615,-1.8229330778121948,0.06958520412445068,-0.405,-0.6671,-1.4652,0.3804,-1.8108,0.0959,0.03147569179534915,0.03744776287078855,0.0009481380462645905,0.026178894424438492,0.012133077812194859,0.026314795875549316,0.022416393470764157,31.819637
2025-11-07 20:42:00,-0.36056411266326904,-0.703761637210846,-1.4652987718582153,0.34735652804374695,-1.8180063962936401,0.06420860439538956,-0.4056,-0.671,-1.4669,0.3739,-1.8149,0.0881,0.04503588733673097,0.032761637210845906,0.0016012281417847607,0.026543471956253062,0.003106396293640179,0.02389139560461044,0.022156669423977555,29.959486
2025-11-07 20:42:00,-0.3479221761226654,-0.7030253410339355,-1.464479923248291,0.34053415060043335,-1.813279151916504,0.0590544268488884,-0.4052,-0.6744,-1.4673,0.3671,-1.8176,0.0825,0.0572778238773346,0.028625341033935547,0.002820076751709033,0.026565849399566632,0.004320848083496198,0.023445573151111607,0.02384258538285894,28.366523
2025-11-07 20:42:01,-0.33548158407211304,-0.702300488948822,-1.463714838027954,0.33392462134361267,-1.8087607622146606,0.05426648631691933,-0.404,-0.6777,-1.4671,0.3606,-1.8192,0.0772,0.06851841592788699,0.024600488948822052,0.003385161972045969,0.026675378656387305,0.010439237785339284,0.022933513683080678,0.026092032828927043,27.985056
2025-11-07 20:42:01,-0.32317906618118286,-0.7016063928604126,-1.4629478454589844,0.32728439569473267,-1.8042689561843872,0.04918709397315979,-0.4023,-0.6811,-1.4665,0.3543,-1.8198,0.0723,0.07912093381881713,0.02050639286041256,0.0035521545410155397,0.027015604305267338,0.015531043815612877,0.023112906026840213,0.028139839227994276,16.419043
2025-11-07 20:42:01,-0.3109992742538452,-0.7009103298187256,-1.4621789455413818,0.32087618112564087,-1.799889087677002,0.044324375689029694,-0.4006,-0.6844,-1.4658,0.3454,-1.8194,0.0664,0.0896007257461548,0.016510329818725578,0.003621054458618156,0.024523818874359116,0.019510912322997953,0.022075624310970307,0.029307077588637653,10.917768
2025-11-07 20:42:01,-0.2984781563282013,-0.700218141078949,-1.4613851308822632,0.31405380368232727,-1.7953213453292847,0.03926223888993263,-0.399,-0.6875,-1.4649,0.3382,-1.818,0.0609,0.10052184367179873,0.012718141078948975,0.0035148691177369074,0.02414619631767273,0.022678654670715392,0.02163776111006737,0.030869577661156684,9.974793
2025-11-07 20:42:01,-0.28592634201049805,-0.6994856595993042,-1.460587501525879,0.3074270188808441,-1.790732741355896,0.03408888727426529,-0.3973,-0.6902,-1.464,0.3319,-1.8159,0.0559,0.11137365798950194,0.009285659599304164,0.0034124984741210618,0.024472981119155857,0.025167258644104074,0.02181111272573471,0.03258719475865363,5.050818
2025-11-07 20:42:01,-0.2736813426017761,-0.6987704038619995,-1.4597994089126587,0.3008232116699219,-1.7864174842834473,0.0294466782361269,-0.3956,-0.6923,-1.4631,0.3254,-1.8132,0.0508,0.12191865739822388,0.006470403861999485,0.0033005910873413757,0.024576788330078148,0.026782515716552657,0.021353321763873098,0.03406704635967811,-1.089415
2025-11-07 20:42:01,-0.2520311176776886,-0.6974780559539795,-1.4584283828735352,0.2892071604728699,-1.7781552076339722,0.020342502743005753,-0.3928,-0.6947,-1.4618,0.3141,-1.8081,0.0426,0.14076888232231138,0.002778055953979508,0.003371617126464832,0.024892839527130117,0.029944792366027873,0.022257497256994246,0.037335614092151324,23.084655
2025-11-07 20:42:02,-0.238710418343544,-0.696709156036377,-1.4575847387313843,0.2821316719055176,-1.7734260559082031,0.01504259929060936,-0.3904,-0.6959,-1.461,0.3097,-1.8046,0.0383,0.15168958165645602,0.0008091560363769901,0.003415261268615799,0.027568328094482397,0.031173944091796857,0.02325740070939064,0.03965227864285312,29.994752
2025-11-07 20:42:02,-0.22609342634677887,-0.6959651708602905,-1.4567947387695312,0.2753361165523529,-1.768683671951294,0.00988075416535139,-0.3874,-0.6968,-1.4603,0.3029,-1.8008,0.0334,0.16130657365322115,0.0008348291397094476,0.0035052612304686814,0.027563883447647097,0.03211632804870601,0.02351924583464861,0.04147435355906683,28.958529
2025-11-07 20:42:02,-0.2139749825000763,-0.6952250003814697,-1.4560353755950928,0.26887616515159607,-1.7643057107925415,0.005054466892033815,-0.384,-0.6974,-1.4595,0.2963,-1.7967,0.0283,0.17002501749992371,0.0021749996185302933,0.003464624404907246,0.02742383484840394,0.03239428920745846,0.023245533107966183,0.04312138311453164,19.499108
2025-11-07 20:42:02,-0.20133306086063385,-0.694542407989502,-1.4552453756332397,0.26209786534309387,-1.7599202394485474,-0.0003163835499435663,-0.38,-0.6978,-1.4586,0.2871,-1.7922,0.0223,0.17866693913936615,0.0032575920104980227,0.0033546243667601505,0.02500213465690615,0.03227976055145265,0.022616383549943567,0.044196239045821116,17.407204
2025-11-07 20:42:02,-0.18918585777282715,-0.6938808560371399,-1.454463005065918,0.2556033730506897,-1.755358099937439,-0.0052653891034424305,-0.3759,-0.698,-1.4577,0.2799,-1.7877,0.0168,0.18671414222717286,0.004119143962860061,0.003236994934082027,0.024296626949310285,0.0323419000625611,0.02206538910344243,0.04546236620657146,4.895612
2025-11-07 20:42:02,-0.17657844722270966,-0.6931445598602295,-1.4536769390106201,0.2488768845796585,-1.750653624534607,-0.010352453216910362,-0.3714,-0.6981,-1.4569,0.2734,-1.7832,0.0116,0.19482155277729035,0.004955440139770562,0.0032230609893799667,0.024523115420341468,0.03254637546539296,0.02195245321691036,0.047003666334847614,5.224638
2025-11-07 20:42:02,-0.1640496551990509,-0.6923852562904358,-1.4528850317001343,0.2421407848596573,-1.7460005283355713,-0.015554565005004406,-0.3668,-0.6981,-1.4561,0.2668,-1.7786,0.0067,0.2027503448009491,0.005714743709564263,0.0032149682998656726,0.024659215140342694,0.03259947166442867,0.022254565005004407,0.048532218103359136,2.225978
2025-11-07 20:42:03,-0.1518123298883438,-0.6916642785072327,-1.452096939086914,0.23560793697834015,-1.741487741470337,-0.020307987928390503,-0.3621,-0.6979,-1.4553,0.2601,-1.774,0.0015,0.21028767011165617,0.006235721492767299,0.0032030609130859755,0.02449206302165985,0.03251225852966311,0.021807987928390504,0.049756460332870484,-7.065152
2025-11-07 20:42:03,-0.13552145659923553,-0.6907074451446533,-1.4510672092437744,0.22682590782642365,-1.7356878519058228,-0.026884930208325386,-0.3571,-0.6977,-1.4544,0.2534,-1.7693,-0.0039,0.22157854340076444,0.0069925548553466665,0.003332790756225501,0.02657409217357637,0.03361214809417734,0.022984930208325385,0.052512509914735946,29.642381
2025-11-07 20:42:03,-0.12256314605474472,-0.6899500489234924,-1.4502465724945068,0.2199440896511078,-1.7307251691818237,-0.0320160947740078,-0.3519,-0.6973,-1.4535,0.2465,-1.7645,-0.0093,0.22933685394525527,0.007349951076507599,0.0032534275054931783,0.02655591034889221,0.03377483081817623,0.022716094774007798,0.05383117807805538,26.984881
2025-11-07 20:42:03,-0.109949991106987,-0.6892002820968628,-1.4494603872299194,0.21313129365444183,-1.7261195182800293,-0.037241216748952866,-0.3466,-0.6969,-1.4527,0.2397,-1.7598,-0.0144,0.23665000889301302,0.007699717903137171,0.0032396127700806687,0.026568706345558163,0.033680481719970734,0.022841216748952866,0.05511329073011877,25.927769
2025-11-07 20:42:03,-0.0977567583322525,-0.688525378704071,-1.4486953020095825,0.2066924124956131,-1.7218459844589233,-0.0423666313290596,-0.3412,-0.6965,-1.4519,0.2312,-1.7549,-0.0202,0.2434432416677475,0.007974621295928963,0.003204697990417449,0.02450758750438689,0.033054015541076565,0.0221666313290596,0.0557251325547695,19.373879
2025-11-07 20:42:03,-0.0851704478263855,-0.6878581047058105,-1.447893738746643,0.19990262389183044,-1.7172212600708008,-0.04734056442975998,-0.3357,-0.696,-1.451,0.2244,-1.7501,-0.0255,0.2505295521736145,0.008141895294189405,0.003106261253357001,0.024497376108169544,0.03287873992919921,0.02184056442975998,0.05683239819804827,15.8397
2025-11-07 20:42:03,-0.07264549285173416,-0.6871505379676819,-1.4471018314361572,0.19324131309986115,-1.7126705646514893,-0.05253692343831062,-0.3301,-0.6954,-1.4502,0.2177,-1.7454,-0.0305,0.25745450714826584,0.008249462032318133,0.003098168563842707,0.02445868690013886,0.032729435348510805,0.022036923438310624,0.058004530571897826,12.512224
2025-11-07 20:42:03,-0.05968910828232765,-0.6863816380500793,-1.4462581872940063,0.1862923800945282,-1.7079756259918213,-0.057633575052022934,-0.3244,-0.6949,-1.4494,0.2112,-1.7407,-0.0357,0.26471089171767237,0.008518361949920616,0.003141812705993674,0.0249076199054718,0.032724374008178625,0.02193357505202293,0.059322772556543335,14.516159
2025-11-07 20:42:04,-0.039453987032175064,-0.6851410269737244,-1.4449772834777832,0.1754337102174759,-1.7003133296966553,-0.06616634130477905,-0.3157,-0.694,-1.4482,0.2024,-1.7338,-0.0429,0.2762460129678249,0.008858973026275585,0.0032227165222167287,0.026966289782524105,0.033486670303344734,0.023266341304779052,0.06200783398449419,22.807848
2025-11-07 20:42:04,-0.02616012468934059,-0.6843567490577698,-1.4441393613815308,0.16832946240901947,-1.6954095363616943,-0.07126682996749878,-0.3098,-0.6934,-1.4474,0.1956,-1.7291,-0.048,0.28363987531065943,0.009043250942230241,0.003260638618469258,0.027270537590980526,0.033690463638305745,0.02326682996749878,0.063361932678024,31.302132
2025-11-07 20:42:04,-0.013656264171004295,-0.683624267578125,-1.4433609247207642,0.1616259664297104,-1.6909403800964355,-0.07656673341989517,-0.3038,-0.6928,-1.4466,0.1887,-1.7245,-0.0531,0.2901437358289957,0.009175732421874971,0.003239075279235948,0.02707403357028962,0.033559619903564375,0.02346673341989517,0.06444315507064265,28.676933
2025-11-07 20:42:04,-0.000690291344653815,-0.6828630566596985,-1.442555546760559,0.15467703342437744,-1.6864542961120605,-0.08174967020750046,-0.2977,-0.6921,-1.4458,0.1821,-1.7198,-0.0582,0.2970097086553462,0.009236943340301562,0.003244453239440892,0.02742296657562257,0.03334570388793945,0.023549670207500456,0.06563490765102518,26.660844
2025-11-07 20:42:04,0.011086845770478249,-0.6822015047073364,-1.4418058395385742,0.14838579297065735,-1.6819416284561157,-0.08649542182683945,-0.2916,-0.6915,-1.445,0.1755,-1.7152,-0.0634,0.3026868457704783,0.009298495292663578,0.0031941604614258434,0.02711420702934264,0.033258371543884335,0.02309542182683945,0.06644125032077235,19.639375
2025-11-07 20:42:04,0.023358693346381187,-0.6815553307533264,-1.4410291910171509,0.14178967475891113,-1.6775200366973877,-0.09141950309276581,-0.2853,-0.6908,-1.4442,0.1659,-1.7103,-0.0694,0.3086586933463812,0.009244669246673554,0.0031708089828490493,0.02411032524108886,0.032779963302612236,0.022019503092765805,0.06666399386872844,4.757879
2025-11-07 20:42:04,0.035849131643772125,-0.6808401346206665,-1.4402258396148682,0.1351437121629715,-1.6729787588119507,-0.09635508805513382,-0.279,-0.6901,-1.4433,0.1597,-1.7055,-0.0748,0.31484913164377215,0.009259865379333543,0.0030741603851318633,0.024556287837028512,0.03252124118804933,0.021555088055133814,0.06763596241474153,4.224033
2025-11-07 20:42:05,0.04880168288946152,-0.6800558567047119,-1.4393858909606934,0.12814491987228394,-1.6681091785430908,-0.10178537666797638,-0.2727,-0.6894,-1.4425,0.1527,-1.7008,-0.0799,0.3215016828894615,0.009344143295288099,0.003114109039306534,0.024555080127716067,0.03269082145690927,0.02188537666797638,0.06884853557944298,2.365624
2025-11-07 20:42:05,0.061430178582668304,-0.679306149482727,-1.4385709762573242,0.12147018313407898,-1.6634047031402588,-0.10675930976867676,-0.2664,-0.6886,-1.4417,0.146,-1.6961,-0.0851,0.32783017858266833,0.009293850517272939,0.0031290237426757628,0.02452981686592101,0.03269529685974115,0.021659309768676763,0.06985624605615932,-0.290854
2025-11-07 20:42:05,0.07473745942115784,-0.6785199642181396,-1.4377408027648926,0.11426239460706711,-1.6585502624511719,-0.11226630210876465,-0.26,-0.6879,-1.4409,0.1394,-1.6915,-0.0901,0.33473745942115785,0.009380035781860308,0.0031591972351074915,0.025137605392932888,0.03294973754882813,0.02216630210876465,0.07125505624810854,2.664213
2025-11-07 20:42:05,0.08723748475313187,-0.6777817606925964,-1.4369717836380005,0.10764326900243759,-1.6538989543914795,-0.11745307594537735,-0.2536,-0.6872,-1.4401,0.1328,-1.6869,-0.0952,0.34083748475313186,0.009418239307403597,0.0031282163619994474,0.02515673099756241,0.033001045608520574,0.022253075945377343,0.07229913216233254,-0.289702
2025-11-07 20:42:05,0.10055627673864365,-0.6770166754722595,-1.4361300468444824,0.1004527285695076,-1.6491812467575073,-0.12266669422388077,-0.2471,-0.6865,-1.4393,0.126,-1.6823,-0.1004,0.34765627673864363,0.009483324527740478,0.003169953155517602,0.025547271430492402,0.03311875324249258,0.022266694223880765,0.07354037888646124,6.415636
2025-11-07 20:42:05,0.11355484277009964,-0.676307201385498,-1.4352978467941284,0.09356515854597092,-1.644311547279358,-0.12818902730941772,-0.2406,-0.6858,-1.4384,0.1191,-1.6777,-0.1055,0.3541548427700997,0.009492798614501918,0.003102153205871483,0.02553484145402908,0.03338845272064206,0.022689027309417728,0.07472701934576033,8.125171
2025-11-07 20:42:05,0.12615841627120972,-0.6755996346473694,-1.434492588043213,0.08676962554454803,-1.6398406028747559,-0.13297311961650848,-0.234,-0.6851,-1.4376,0.1119,-1.673,-0.1108,0.3601584162712097,0.009500365352630658,0.0031074119567870984,0.025130374455451965,0.03315939712524418,0.022173119616508488,0.07553818079630535,6.101869
2025-11-07 20:42:06,0.13949061930179596,-0.6748307347297668,-1.4336124658584595,0.0796404480934143,-1.6351114511489868,-0.13861817121505737,-0.2274,-0.6844,-1.4368,0.1052,-1.6684,-0.116,0.36689061930179595,0.009569265270233163,0.0031875341415406044,0.025559551906585695,0.03328854885101329,0.022618171215057367,0.07685228178103769,8.372723
2025-11-07 20:42:06,0.15198872983455658,-0.6740906238555908,-1.4328281879425049,0.07296763360500336,-1.63046395778656,-0.14368605613708496,-0.2207,-0.6836,-1.436,0.0985,-1.6638,-0.1212,0.3726887298345566,0.009509376144409165,0.0031718120574950603,0.025532366394996647,0.03333604221343989,0.02248605613708496,0.0777873971303304,9.96806
2025-11-07 20:42:06,0.1737770140171051,-0.6727886199951172,-1.431485891342163,0.06136881932616234,-1.622346043586731,-0.15247194468975067,-0.2107,-0.6825,-1.4348,0.0889,-1.6569,-0.1289,0.3844770140171051,0.009711380004882808,0.0033141086578369894,0.02753118067383767,0.03455395641326908,0.023571944689750685,0.08052659740944705,33.076741
2025-11-07 20:42:06,0.18627512454986572,-0.6720465421676636,-1.4306920766830444,0.054623138159513474,-1.6177061796188354,-0.15755708515644073,-0.2039,-0.6818,-1.4339,0.0823,-1.6522,-0.1341,0.3901751245498657,0.009753457832336387,0.003207923316955519,0.027676861840486525,0.03449382038116444,0.023457085156440738,0.08146071217954155,30.801709
2025-11-07 20:42:06,0.19543874263763428,-0.6715173721313477,-1.430126428604126,0.049693308770656586,-1.6144710779190063,-0.16162021458148956,-0.1971,-0.6811,-1.4331,0.0752,-1.6476,-0.1393,0.3925387426376343,0.009582627868652382,0.002973571395874064,0.025506691229343417,0.033128922080993606,0.022320214581489556,0.08100846163233122,-6.551164
2025-11-07 20:42:06,0.21184849739074707,-0.6705528497695923,-1.4290833473205566,0.040959205478429794,-1.608449101448059,-0.16805718839168549,-0.1902,-0.6803,-1.4323,0.0682,-1.6429,-0.1445,0.4020484973907471,0.00974715023040773,0.003216652679443266,0.027240794521570202,0.034450898551940945,0.023557188391685496,0.08337686362763246,28.778306
2025-11-07 20:42:06,0.22429674863815308,-0.6698510646820068,-1.4282760620117188,0.034253790974617004,-1.6039211750030518,-0.17307330667972565,-0.1833,-0.6796,-1.4315,0.0614,-1.6383,-0.1498,0.4075967486381531,0.009748935317993146,0.0032239379882812447,0.027146209025383,0.03437882499694833,0.023273306679725658,0.08422799377441408,26.649834
2025-11-07 20:42:07,0.23728957772254944,-0.6691377758979797,-1.4274497032165527,0.027247333899140358,-1.599347710609436,-0.17839045822620392,-0.1762,-0.6788,-1.4306,0.0522,-1.6335,-0.1558,0.41348957772254946,0.009662224102020223,0.0031502967834473594,0.024952666100859645,0.03415228939056392,0.022590458226203924,0.0846662520542741,25.021733
2025-11-07 20:42:07,0.2490820437669754,-0.6684628129005432,-1.4267114400863647,0.02101745456457138,-1.59478759765625,-0.18307676911354065,-0.1692,-0.6781,-1.4297,0.0455,-1.6288,-0.1613,0.4182820437669754,0.009637187099456823,0.0029885599136352248,0.024482545435428618,0.034012402343750026,0.02177676911354065,0.08519658461213113,12.26874
2025-11-07 20:42:07,0.26135388016700745,-0.6677456498146057,-1.425944447517395,0.014436677098274231,-1.5902634859085083,-0.18838050961494446,-0.1622,-0.6773,-1.4289,0.039,-1.6241,-0.1663,0.42355388016700746,0.0095543501853943,0.0029555524826050394,0.02456332290172577,0.0338365140914918,0.022080509614944455,0.08609068824052812,8.162091
2025-11-07 20:42:07,0.27384623885154724,-0.6669921278953552,-1.4251563549041748,0.007773447781801224,-1.5857545137405396,-0.19347332417964935,-0.1552,-0.6766,-1.4281,0.0323,-1.6195,-0.1714,0.42904623885154725,0.009607872104644755,0.0029436450958251204,0.02452655221819878,0.03374548625946039,0.022073324179649356,0.0869905197848876,4.611461
2025-11-07 20:42:07,0.28714779019355774,-0.6662136316299438,-1.4243241548538208,0.0005714078433811665,-1.5807462930679321,-0.19875980913639069,-0.1482,-0.6758,-1.4273,0.0253,-1.6149,-0.1766,0.43534779019355774,0.009586368370056109,0.0029758451461792124,0.024728592156618833,0.03415370693206787,0.02215980913639068,0.0881586853224784,4.09146
2025-11-07 20:42:07,0.29941579699516296,-0.665515661239624,-1.423541784286499,-0.005857889074832201,-1.5761804580688477,-0.20379510521888733,-0.1411,-0.6751,-1.4265,0.0191,-1.6104,-0.1814,0.44051579699516297,0.00958433876037601,0.002958215713501078,0.0249578890748322,0.0342195419311524,0.022395105218887323,0.08910514794898533,0.707918
2025-11-07 20:42:07,0.3115764260292053,-0.664827287197113,-1.4227633476257324,-0.012475098483264446,-1.5719904899597168,-0.20856961607933044,-0.1341,-0.6744,-1.4257,0.0121,-1.6059,-0.1867,0.4456764260292053,0.009572712802886962,0.0029366523742675454,0.024575098483264446,0.03390951004028331,0.02186961607933044,0.08975666930153968,-10.069674
2025-11-07 20:42:08,0.32416850328445435,-0.66403728723526,-1.4219598770141602,-0.019117236137390137,-1.5673904418945312,-0.21380048990249634,-0.127,-0.6736,-1.4248,0.0054,-1.6013,-0.1921,0.45116850328445435,0.009562712764739967,0.00284012298583991,0.02451723613739014,0.033909558105468696,0.021700489902496345,0.09061643719673158,-13.700237
2025-11-07 20:42:08,0.3404746949672699,-0.6631245613098145,-1.4209245443344116,-0.027922285720705986,-1.5614842176437378,-0.22024129331111908,-0.1198,-0.6729,-1.424,-0.0013,-1.5966,-0.1974,0.4602746949672699,0.0097754386901856,0.0030754556655883114,0.026622285720705987,0.035115782356262226,0.022841293311119087,0.09295082511852186,28.28119
2025-11-07 20:42:08,0.3496268093585968,-0.662660539150238,-1.4203416109085083,-0.03282143548130989,-1.5579853057861328,-0.2241855412721634,-0.1127,-0.6721,-1.4232,-0.0083,-1.592,-0.2026,0.4623268093585968,0.009439460849761994,0.00285838909149172,0.02452143548130989,0.03401469421386727,0.02158554127216339,0.09245772171119852,-13.317598
2025-11-07 20:42:08,0.3667728900909424,-0.6616634130477905,-1.419265866279602,-0.041973549872636795,-1.5517221689224243,-0.23098298907279968,-0.1056,-0.6714,-1.4224,-0.0146,-1.5875,-0.2075,0.4723728900909424,0.00973658695220947,0.003134133720398058,0.027373549872636793,0.035777831077575595,0.023482989072799693,0.09531299679776033,29.327001
2025-11-07 20:42:08,0.3785366117954254,-0.6609482169151306,-1.4185199737548828,-0.04836257919669151,-1.5475549697875977,-0.23574408888816833,-0.0984,-0.6706,-1.4216,-0.0216,-1.583,-0.2126,0.4769366117954254,0.009651783084869359,0.0030800262451171623,0.026762579196691512,0.035445030212402306,0.023144088888168324,0.09583668657044568,24.46829
2025-11-07 20:42:08,0.39532601833343506,-0.6599722504615784,-1.4174768924713135,-0.05727308988571167,-1.54135262966156,-0.2424629181623459,-0.0876,-0.6695,-1.4203,-0.0327,-1.5762,-0.221,0.48292601833343507,0.009527749538421615,0.0028231075286864193,0.02457308988571167,0.03484737033843999,0.021462918162345884,0.09602670896450678,-5.780767
2025-11-07 20:42:08,0.40792766213417053,-0.6592090725898743,-1.4166849851608276,-0.06399001181125641,-1.536896824836731,-0.24734289944171906,-0.0804,-0.6688,-1.4195,-0.0394,-1.5716,-0.2262,0.48832766213417056,0.009590927410125683,0.0028150148391723473,0.02459001181125641,0.03470317516326915,0.021142899441719043,0.09686161513328555,-11.762496
2025-11-07 20:42:09,0.4204334616661072,-0.6584612727165222,-1.4158949851989746,-0.07072035223245621,-1.5321069955825806,-0.2527655065059662,-0.0731,-0.668,-1.4186,-0.0462,-1.567,-0.2313,0.4935334616661072,0.009538727283477821,0.0027050148010254738,0.02452035223245621,0.03489300441741938,0.02146550650596618,0.09777601115107537,-9.171634
2025-11-07 20:42:09,0.4372228682041168,-0.6575063467025757,-1.4148097038269043,-0.07969605177640915,-1.5259805917739868,-0.259411484003067,-0.0659,-0.6673,-1.4179,-0.0527,-1.5626,-0.2363,0.5031228682041168,0.00979365329742432,0.0030902961730956413,0.026996051776409152,0.03661940822601317,0.023111484003067007,0.10045562694668768,32.218317
2025-11-07 20:42:09,0.44981494545936584,-0.6567949652671814,-1.414006233215332,-0.08644365519285202,-1.5213311910629272,-0.2647324800491333,-0.0586,-0.6666,-1.4171,-0.0595,-1.5581,-0.2414,0.5084149454593658,0.009805034732818574,0.003093766784667995,0.026943655192852023,0.036768808937072794,0.023332480049133297,0.10139311519265175,28.935686
2025-11-07 20:42:09,0.4623398780822754,-0.6561084985733032,-1.4132238626480103,-0.0931222215294838,-1.516778588294983,-0.26978886127471924,-0.0513,-0.6658,-1.4163,-0.0664,-1.5537,-0.2465,0.5136398780822754,0.009691501426696725,0.0030761373519896384,0.026722221529483794,0.03692141170501717,0.02328886127471924,0.10222333522836365,27.702658
2025-11-07 20:42:09,0.4756011664867401,-0.6553511023521423,-1.4123783111572266,-0.10032425820827484,-1.5120418071746826,-0.27527284622192383,-0.044,-0.6651,-1.4155,-0.0731,-1.5492,-0.2518,0.5196011664867402,0.00974889764785769,0.003121688842773418,0.027224258208274843,0.03715819282531729,0.023472846221923804,0.10338784170548121,34.313396
2025-11-07 20:42:09,0.48858821392059326,-0.6545860171318054,-1.411582589149475,-0.10720033198595047,-1.5070544481277466,-0.2805976867675781,-0.0367,-0.6643,-1.4147,-0.0796,-1.5448,-0.2566,0.5252882139205932,0.009713982868194582,0.003117410850524971,0.027600331985950466,0.03774555187225337,0.02399768676757813,0.1045771963775158,29.355125
2025-11-07 20:42:09,0.5003826022148132,-0.6538401246070862,-1.4108327627182007,-0.11356634646654129,-1.5026196241378784,-0.28509992361068726,-0.0294,-0.6636,-1.4139,-0.0864,-1.5404,-0.2617,0.5297826022148132,0.009759875392913786,0.003067237281799251,0.027166346466541286,0.037780375862121574,0.023399923610687268,0.1051593934714794,18.326776
2025-11-07 20:42:09,0.5133389830589294,-0.6530808210372925,-1.410002589225769,-0.12046351283788681,-1.4979853630065918,-0.29040366411209106,-0.0219,-0.6628,-1.413,-0.0955,-1.5358,-0.2677,0.5352389830589295,0.009719178962707464,0.0029974107742309908,0.02496351283788681,0.03781463699340826,0.02270366411209107,0.10557289778987566,16.32266
2025-11-07 20:42:10,0.5237374901771545,-0.6518920063972473,-1.4087178707122803,-0.12646329402923584,-1.4945491552352905,-0.29456841945648193,-0.0145,-0.6621,-1.4121,-0.1022,-1.5313,-0.2731,0.5382374901771545,0.010207993602752707,0.0033821292877196374,0.02426329402923584,0.03675084476470958,0.021468419456481924,0.10571836188634237,8.391768
2025-11-07 20:42:10,0.5295301675796509,-0.6492535471916199,-1.4058128595352173,-0.13144105672836304,-1.4942681789398193,-0.29683104157447815,-0.0071,-0.6614,-1.4113,-0.1092,-1.5268,-0.2784,0.5366301675796509,0.012146452808380115,0.005487140464782714,0.02224105672836303,0.0325318210601806,0.01843104157447817,0.10457794670263926,-0.381356
2025-11-07 20:42:10,0.5350103378295898,-0.6462181806564331,-1.4025933742523193,-0.1364341676235199,-1.4949724674224854,-0.2982442080974579,0.0002,-0.6606,-1.4105,-0.1155,-1.5223,-0.2834,0.5348103378295899,0.01438181934356686,0.007906625747680751,0.020934167623519892,0.027327532577514635,0.0148442080974579,0.10336744853655498,-1.551194
2025-11-07 20:42:10,0.5405134558677673,-0.6429872512817383,-1.3991036415100098,-0.14154233038425446,-1.4957128763198853,-0.29993733763694763,0.0077,-0.6598,-1.4096,-0.1225,-1.5177,-0.289,0.5328134558677673,0.016812748718261772,0.010496358489990198,0.019042330384254458,0.021987123680114795,0.010937337636947653,0.10201489246288938,-1.120023
2025-11-07 20:42:10,0.5456293225288391,-0.6398770809173584,-1.3959417343139648,-0.1462535560131073,-1.4963109493255615,-0.30155760049819946,0.0151,-0.659,-1.4083,-0.128,-1.5134,-0.2931,0.5305293225288391,0.019122919082641632,0.012358265686035264,0.018253556013107297,0.017089050674438555,0.008457600498199436,0.10096845241387688,-9.081071
2025-11-07 20:42:10,0.5524324774742126,-0.6360018849372864,-1.3916810750961304,-0.15260232985019684,-1.4971747398376465,-0.3033159375190735,0.0225,-0.6578,-1.4058,-0.1332,-1.5097,-0.2957,0.5299324774742127,0.021798115062713674,0.014118924903869567,0.019402329850196826,0.012525260162353558,0.007615937519073468,0.10089884082873664,29.529296
2025-11-07 20:42:10,0.5579337477684021,-0.6327843070030212,-1.3883062601089478,-0.157618448138237,-1.4978126287460327,-0.3048882782459259,0.0299,-0.6564,-1.4027,-0.1381,-1.5068,-0.2974,0.5280337477684021,0.023615692996978743,0.014393739891052304,0.019518448138237,0.008987371253967202,0.007488278245925906,0.1003395463824272,24.92041
2025-11-07 20:42:11,0.564673662185669,-0.628817081451416,-1.384080171585083,-0.1639557033777237,-1.4986251592636108,-0.30697065591812134,0.041,-0.6536,-1.3972,-0.1462,-1.5035,-0.3002,0.5236736621856689,0.024782918548583943,0.01311982841491699,0.017755703377723697,0.004874840736389219,0.0067706559181213155,0.09849626819690067,-1.219131
2025-11-07 20:42:11,0.5700464248657227,-0.6255554556846619,-1.3807361125946045,-0.16880883276462555,-1.499312400817871,-0.30828604102134705,0.0484,-0.6516,-1.3939,-0.1509,-1.502,-0.3017,0.5216464248657227,0.026044544315338092,0.013163887405395425,0.017908832764625543,0.002687599182128908,0.006586041021347022,0.09800622159242627,-0.746732
2025-11-07 20:42:11,0.5755879282951355,-0.6225047707557678,-1.3773152828216553,-0.17405888438224792,-1.5000262260437012,-0.3098583519458771,0.0559,-0.6494,-1.3907,-0.1557,-1.5008,-0.303,0.5196879282951355,0.026895229244232155,0.013384717178344774,0.01835888438224792,0.00077377395629874,0.006858351945877084,0.0976598141670227,4.551446
2025-11-07 20:42:11,0.5811218023300171,-0.6191050410270691,-1.373884916305542,-0.17901939153671265,-1.5006242990493774,-0.31186214089393616,0.0633,-0.6471,-1.3877,-0.1607,-1.4999,-0.3045,0.5178218023300171,0.027994958972930917,0.013815083694457941,0.018319391536712637,0.0007242990493774304,0.007362140893936164,0.09767294607957204,1.011176
2025-11-07 20:42:11,0.5861033797264099,-0.6163784265518188,-1.3707748651504517,-0.18360790610313416,-1.501184344291687,-0.31307971477508545,0.0708,-0.6447,-1.3844,-0.1657,-1.4992,-0.306,0.5153033797264099,0.028321573448181203,0.013625134849548415,0.01790790610313417,0.0019843442916869236,0.007079714775085455,0.09737034219900768,-7.977499
2025-11-07 20:42:11,0.5931270718574524,-0.6122769117355347,-1.3664106130599976,-0.19008323550224304,-1.5019949674606323,-0.3148418962955475,0.0783,-0.6423,-1.3806,-0.1705,-1.4987,-0.3075,0.5148270718574524,0.030023088264465314,0.01418938694000249,0.01958323550224303,0.003294967460632403,0.00734189629554749,0.09820994105339052,28.308401
2025-11-07 20:42:11,0.5983771681785583,-0.6092339158058167,-1.3631585836410522,-0.19490760564804077,-1.50261390209198,-0.3167363405227661,0.0859,-0.6399,-1.3762,-0.1775,-1.4984,-0.3095,0.5124771681785584,0.030666084194183374,0.013041416358947844,0.01740760564804078,0.004213902091980026,0.007236340522766116,0.09750708616574609,26.797034
2025-11-07 20:42:12,0.6035639047622681,-0.6060259342193604,-1.3598970174789429,-0.19986043870449066,-1.5032745599746704,-0.3181418776512146,0.0934,-0.6374,-1.3733,-0.1804,-1.4983,-0.3111,0.510163904762268,0.031374065780639615,0.013402982521057094,0.019460438704490657,0.004974559974670445,0.007041877651214612,0.09773630489905676,24.863422
2025-11-07 20:42:12,0.6092128157615662,-0.6028372049331665,-1.3563841581344604,-0.20495900511741638,-1.5039902925491333,-0.3194131553173065,0.1009,-0.635,-1.3702,-0.1853,-1.4982,-0.3124,0.5083128157615662,0.032162795066833505,0.013815841865539635,0.01965900511741639,0.005790292549133325,0.0070131553173065075,0.09779231761296592,31.035955
2025-11-07 20:42:12,0.6145356893539429,-0.5996465086936951,-1.3530688285827637,-0.21003073453903198,-1.5047041177749634,-0.32108134031295776,0.1085,-0.6326,-1.367,-0.19,-1.4983,-0.3137,0.5060356893539428,0.03295349130630498,0.013931171417236321,0.02003073453903198,0.006404117774963414,0.007381340312957785,0.09778942411740622,28.805649
2025-11-07 20:42:12,0.6198644042015076,-0.5966514348983765,-1.349768877029419,-0.21484550833702087,-1.5053685903549194,-0.3228856921195984,0.1161,-0.6302,-1.3637,-0.1948,-1.4984,-0.3154,0.5037644042015076,0.03354856510162352,0.013931122970580967,0.020045508337020873,0.006968590354919479,0.007485692119598375,0.09762398051420847,26.820969
2025-11-07 20:42:12,0.625129759311676,-0.5934109091758728,-1.3465301990509033,-0.21968713402748108,-1.5059458017349243,-0.3241838216781616,0.1237,-0.6278,-1.3604,-0.1998,-1.4987,-0.3169,0.501429759311676,0.03438909082412722,0.013869800949096733,0.019887134027481074,0.007245801734924395,0.007283821678161606,0.09735090142091118,25.115061
2025-11-07 20:42:12,0.630788266658783,-0.5902432203292847,-1.342938780784607,-0.22492185235023499,-1.5065703392028809,-0.3257235586643219,0.1313,-0.6253,-1.3569,-0.2049,-1.4989,-0.3183,0.499488266658783,0.0350567796707153,0.013961219215393061,0.020021852350234987,0.00767033920288096,0.007423558664321872,0.0972703359603882,30.920715
2025-11-07 20:42:12,0.6362338662147522,-0.5870046019554138,-1.3396024703979492,-0.2298804372549057,-1.5072063207626343,-0.32751449942588806,0.139,-0.6229,-1.3535,-0.21,-1.4993,-0.3198,0.4972338662147522,0.03589539804458619,0.013897529602050707,0.01988043725490571,0.0079063207626342,0.007714499425888088,0.09708800855080285,29.789732
2025-11-07 20:42:13,0.6413707733154297,-0.5840574502944946,-1.3363101482391357,-0.23478342592716217,-1.5078063011169434,-0.32894301414489746,0.1466,-0.6205,-1.3502,-0.2148,-1.4997,-0.3215,0.4947707733154297,0.03644254970550542,0.013889851760864325,0.01998342592716218,0.008106301116943326,0.007443014144897453,0.09677265266180039,25.648948
2025-11-07 20:42:13,0.6467167139053345,-0.5808897614479065,-1.333031177520752,-0.23962505161762238,-1.5084271430969238,-0.3302449584007263,0.1544,-0.6181,-1.3463,-0.2214,-1.5001,-0.3232,0.4923167139053345,0.03721023855209349,0.013268822479248099,0.018225051617622362,0.00832714309692384,0.007044958400726331,0.0960654880086581,24.078267
2025-11-07 20:42:13,0.6520338654518127,-0.5777259469032288,-1.3296564817428589,-0.24462199211120605,-1.5091257095336914,-0.33196112513542175,0.1621,-0.6157,-1.3426,-0.2266,-1.5006,-0.3249,0.4899338654518127,0.037974053096771265,0.012943518257141129,0.01802199211120606,0.008525709533691472,0.007061125135421731,0.09574337726434072,23.135693
2025-11-07 20:42:13,0.658633828163147,-0.573917806148529,-1.325610637664795,-0.2507234215736389,-1.5100313425064087,-0.33384406566619873,0.1736,-0.6121,-1.3377,-0.2329,-1.5014,-0.3273,0.485033828163147,0.038182193851470925,0.012089362335204967,0.01782342157363892,0.008631342506408624,0.006544065666198751,0.09471736901601154,-17.249174
2025-11-07 20:42:13,0.6657898426055908,-0.569720447063446,-1.321165919303894,-0.25729459524154663,-1.5108723640441895,-0.33574429154396057,0.1814,-0.6097,-1.3344,-0.238,-1.5019,-0.3287,0.4843898426055908,0.039979552936553975,0.013234080696105988,0.01929459524154664,0.00897236404418944,0.007044291543960579,0.0954857878446579,30.158584
2025-11-07 20:42:13,0.6712968349456787,-0.5665949583053589,-1.3177258968353271,-0.26238933205604553,-1.5114647150039673,-0.33760425448417664,0.1892,-0.6072,-1.3311,-0.2427,-1.5024,-0.3301,0.4820968349456787,0.040605041694641075,0.013374103164672801,0.019689332056045533,0.009064715003967327,0.007504254484176631,0.09538904689153034,28.062984
2025-11-07 20:42:13,0.6764644384384155,-0.5633429288864136,-1.3145467042922974,-0.2671772539615631,-1.5120645761489868,-0.33899056911468506,0.197,-0.6048,-1.3273,-0.2492,-1.5029,-0.332,0.4794644384384155,0.04145707111358643,0.012753295707702561,0.017977253961563106,0.009164576148986914,0.006990569114685041,0.09463453408082327,26.910931
2025-11-07 20:42:14,0.6818659901618958,-0.5604647994041443,-1.3111796379089355,-0.2720821797847748,-1.5126569271087646,-0.3403424024581909,0.2049,-0.6024,-1.3239,-0.2542,-1.5035,-0.3335,0.4769659901618958,0.04193520059585576,0.01272036209106453,0.0178821797847748,0.00915692710876459,0.006842402458190899,0.09425051036675773,27.974586
2025-11-07 20:42:14,0.6874458193778992,-0.557042121887207,-1.3076610565185547,-0.27724018692970276,-1.5132948160171509,-0.3421582579612732,0.2126,-0.6,-1.3211,-0.2572,-1.5042,-0.3347,0.47484581937789916,0.04295787811279295,0.013438943481445254,0.020040186929702775,0.009094816017150897,0.007458257961273196,0.09463931698004403,30.021414
2025-11-07 20:42:14,0.6928895115852356,-0.5540124773979187,-1.3042863607406616,-0.2822237014770508,-1.5139422416687012,-0.34380343556404114,0.2205,-0.5976,-1.3179,-0.2623,-1.5048,-0.3364,0.47238951158523557,0.04358752260208132,0.01361363925933845,0.019923701477050804,0.009142241668701256,0.007403435564041161,0.09434334202607475,27.908109
2025-11-07 20:42:14,0.6981396079063416,-0.5508294701576233,-1.3010554313659668,-0.2871420383453369,-1.5146371126174927,-0.34499993920326233,0.2283,-0.5952,-1.3147,-0.2671,-1.5054,-0.3379,0.46983960790634155,0.04437052984237666,0.013644568634033183,0.02004203834533691,0.009237112617492604,0.007099939203262351,0.09403896609147389,24.9566
2025-11-07 20:42:14,0.7032899260520935,-0.5479360222816467,-1.2977880239486694,-0.29196256399154663,-1.51534903049469,-0.3464227020740509,0.2362,-0.5928,-1.3113,-0.272,-1.506,-0.3393,0.46708992605209354,0.044863977718353265,0.013511976051330477,0.01996256399154661,0.009349030494689936,0.007122702074050913,0.0936500293970108,26.077534
2025-11-07 20:42:14,0.7084652185440063,-0.5447453260421753,-1.2945953607559204,-0.2966776490211487,-1.5159963369369507,-0.34829607605934143,0.2442,-0.5904,-1.3072,-0.2786,-1.5065,-0.3412,0.4642652185440064,0.04565467395782474,0.012604639244079507,0.018077649021148667,0.009496336936950733,0.007096076059341427,0.09286576562722526,17.643605
2025-11-07 20:42:14,0.7137133479118347,-0.5417598485946655,-1.2913261651992798,-0.30158254504203796,-1.5165905952453613,-0.34970927238464355,0.2521,-0.588,-1.3037,-0.2838,-1.5071,-0.3429,0.4616133479118347,0.04624015140533444,0.012373834800720296,0.017782545042037967,0.009490595245361222,0.006809272384643572,0.09238495779832205,13.981492
2025-11-07 20:42:14,0.7192337512969971,-0.538502037525177,-1.2879475355148315,-0.3065411448478699,-1.5172171592712402,-0.35097673535346985,0.2601,-0.5856,-1.3004,-0.2885,-1.5077,-0.3442,0.4591337512969971,0.04709796247482301,0.012452464485168457,0.018041144847869894,0.009517159271240194,0.006776735353469843,0.09216986962159475,11.058056
2025-11-07 20:42:15,0.7241961359977722,-0.5357773303985596,-1.2849082946777344,-0.31119102239608765,-1.5177733898162842,-0.3526219129562378,0.268,-0.5832,-1.2971,-0.2933,-1.5084,-0.3457,0.4561961359977722,0.04742266960144048,0.012191705322265545,0.01789102239608764,0.009373389816284217,0.006921912956237786,0.09166613934834798,6.765492
2025-11-07 20:42:15,0.7295535802841187,-0.532519519329071,-1.281443476676941,-0.31615152955055237,-1.518415093421936,-0.354370653629303,0.276,-0.5807,-1.2938,-0.2981,-1.5091,-0.3474,0.45355358028411863,0.04818048067092895,0.012356523323059143,0.018051529550552392,0.009315093421935927,0.006970653629302992,0.091404643479983,7.355345
2025-11-07 20:42:15,0.7348151206970215,-0.5294707417488098,-1.278214454650879,-0.32098546624183655,-1.5190283060073853,-0.3556227684020996,0.284,-0.5783,-1.2906,-0.303,-1.5097,-0.3489,0.4508151206970215,0.04882925825119022,0.012385545349121063,0.017985466241836556,0.009328306007385212,0.0067227684020996215,0.09101107749144237,4.40609
2025-11-07 20:42:15,0.7399981021881104,-0.5262877345085144,-1.2748723030090332,-0.32591721415519714,-1.5196775197982788,-0.3569822609424591,0.2921,-0.5759,-1.2872,-0.308,-1.5103,-0.3502,0.4478981021881103,0.04961226549148556,0.012327696990966697,0.017917214155197148,0.009377519798278833,0.006782260942459095,0.0906525099277496,1.183653
2025-11-07 20:42:15,0.748762845993042,-0.5214020013809204,-1.269514799118042,-0.33384981751441956,-1.520797610282898,-0.35973575711250305,0.3042,-0.5723,-1.2818,-0.3161,-1.5112,-0.3529,0.44456284599304197,0.05089799861907962,0.012285200881958058,0.017749817514419564,0.00959761028289785,0.00683575711250306,0.09032153840065,9.86843
2025-11-07 20:42:15,0.7538672089576721,-0.5182343125343323,-1.2662895917892456,-0.3387278914451599,-1.5214165449142456,-0.3610664904117584,0.3122,-0.5699,-1.2784,-0.3209,-1.5119,-0.3544,0.44166720895767214,0.05166568746566769,0.012110408210754375,0.017827891445159894,0.009516544914245584,0.00666649041175843,0.08990903856754302,9.588828
2025-11-07 20:42:15,0.7595352530479431,-0.5149592757225037,-1.2628132104873657,-0.34382838010787964,-1.52207350730896,-0.36273467540740967,0.3203,-0.5675,-1.2749,-0.3258,-1.5125,-0.3558,0.43923525304794314,0.05254072427749634,0.0120867895126342,0.01802838010787966,0.009573507308960005,0.006934675407409663,0.08973322161038717,13.666973
2025-11-07 20:42:16,0.7645897269248962,-0.511906623840332,-1.2596436738967896,-0.34865081310272217,-1.5226867198944092,-0.3643511235713959,0.3285,-0.5651,-1.2717,-0.3305,-1.5132,-0.3574,0.4360897269248962,0.053193376159668015,0.012056326103210502,0.018150813102722152,0.00948671989440908,0.0069511235713958786,0.0893213476260503,5.768253
2025-11-07 20:42:16,0.7702922821044922,-0.5087850093841553,-1.2561250925064087,-0.3537513017654419,-1.5233207941055298,-0.36580073833465576,0.3366,-0.5627,-1.2685,-0.3354,-1.5139,-0.359,0.4336922821044922,0.053914990615844705,0.01237490749359127,0.01835130176544192,0.009420794105529762,0.006800738334655776,0.08909250240325928,9.093665
2025-11-07 20:42:16,0.7755442261695862,-0.5055674910545349,-1.2529325485229492,-0.3585871756076813,-1.523924469947815,-0.36720240116119385,0.3448,-0.5603,-1.2651,-0.3404,-1.5145,-0.3604,0.4307442261695862,0.05473250894546511,0.012167451477050673,0.018187175607681294,0.009424469947814984,0.0068024011611938495,0.088676372218132,10.168832
2025-11-07 20:42:16,0.780813455581665,-0.5026145577430725,-1.249563455581665,-0.3635285198688507,-1.5245566368103027,-0.36893004179000854,0.3529,-0.5579,-1.2618,-0.3452,-1.5152,-0.362,0.42791345558166505,0.05528544225692744,0.012236544418334994,0.0183285198688507,0.009356636810302632,0.0069300417900085565,0.08834177345434822,4.944505
2025-11-07 20:42:16,0.7859235405921936,-0.49953126907348633,-1.2464245557785034,-0.368161141872406,-1.5251983404159546,-0.37031638622283936,0.3611,-0.5554,-1.2585,-0.3502,-1.5158,-0.3636,0.4248235405921936,0.05586873092651368,0.012075444221496534,0.017961141872405995,0.009398340415954554,0.006716386222839377,0.08780726404190065,-0.279472
2025-11-07 20:42:16,0.7910815477371216,-0.49665313959121704,-1.2430498600006104,-0.37310439348220825,-1.5258723497390747,-0.3716471195220947,0.3693,-0.553,-1.2551,-0.3551,-1.5164,-0.3651,0.42178154773712156,0.056346860408783006,0.012050139999389753,0.018004393482208225,0.009472349739074737,0.0065471195220947465,0.08736706848144533,-2.013253
2025-11-07 20:42:16,0.7966000437736511,-0.49322277307510376,-1.2397383451461792,-0.3780936598777771,-1.5265387296676636,-0.37335366010665894,0.3776,-0.5504,-1.2515,-0.36,-1.5173,-0.3667,0.41900004377365113,0.05717722692489624,0.011761654853820858,0.018093659877777113,0.009238729667663481,0.00665366010665891,0.08698749586741128,-3.651893
2025-11-07 20:42:17,0.8017964363098145,-0.49026793241500854,-1.2364747524261475,-0.38290077447891235,-1.5271215438842773,-0.3751676082611084,0.3858,-0.5478,-1.248,-0.3649,-1.518,-0.3683,0.4159964363098145,0.05753206758499141,0.011525247573852537,0.01800077447891235,0.009121543884277328,0.006867608261108382,0.08650727968215939,-6.087962
2025-11-07 20:42:17,0.8071960210800171,-0.4871443510055542,-1.2332016229629517,-0.38785937428474426,-1.5277024507522583,-0.3763641119003296,0.3941,-0.5451,-1.2446,-0.3699,-1.5187,-0.3698,0.4130960210800171,0.05795564899444583,0.011398377037048268,0.017959374284744256,0.009002450752258362,0.006564111900329572,0.0859959973414739,-6.451635
2025-11-07 20:42:17,0.8141257762908936,-0.4830889105796814,-1.2288106679916382,-0.39428484439849854,-1.528592824935913,-0.37833911180496216,0.4024,-0.5424,-1.2413,-0.3748,-1.5194,-0.3712,0.4117257762908936,0.0593110894203186,0.012489332008361886,0.019484844398498513,0.009192824935913002,0.007139111804962184,0.08655716314315796,30.120793
2025-11-07 20:42:17,0.8194621205329895,-0.47996342182159424,-1.2255759239196777,-0.3991897404193878,-1.5292326211929321,-0.3802163004875183,0.4108,-0.5396,-1.2379,-0.3796,-1.5201,-0.3729,0.4086621205329895,0.05963657817840573,0.012324076080322266,0.019589740419387824,0.009132621192932122,0.007316300487518301,0.08611023948192596,31.038159
2025-11-07 20:42:17,0.824750542640686,-0.4769376218318939,-1.222302794456482,-0.4040294587612152,-1.5298458337783813,-0.3813878893852234,0.4192,-0.5365,-1.2339,-0.3863,-1.5211,-0.3748,0.405550542640686,0.059562378168106056,0.011597205543518063,0.017729458761215233,0.008745833778381451,0.006587889385223367,0.08496221804618836,22.260445
2025-11-07 20:42:17,0.8301060199737549,-0.47378531098365784,-1.218862771987915,-0.40904557704925537,-1.5305349826812744,-0.3826994299888611,0.4275,-0.5338,-1.2311,-0.3895,-1.5218,-0.376,0.4026060199737549,0.060014689016342215,0.012237228012085044,0.019545577049255358,0.008734982681274372,0.006699429988861083,0.08497298778692884,25.528769
2025-11-07 20:42:17,0.8375343084335327,-0.46945181488990784,-1.214316487312317,-0.415825754404068,-1.5314842462539673,-0.3852439224720001,0.4401,-0.5295,-1.2262,-0.3973,-1.5229,-0.3783,0.3974343084335327,0.060048185110092134,0.011883512687683062,0.018525754404068007,0.008584246253967365,0.006943922472000097,0.0839033215602239,9.857389
2025-11-07 20:42:18,0.8425063490867615,-0.4665564298629761,-1.2110950946807861,-0.42049673199653625,-1.532029151916504,-0.38661301136016846,0.4486,-0.5266,-1.2228,-0.4024,-1.5236,-0.3799,0.3939063490867615,0.06004357013702388,0.011704905319213976,0.018096731996536275,0.008429151916503841,0.006713011360168442,0.08314895330270132,1.811739
2025-11-07 20:42:18,0.8478369116783142,-0.46334466338157654,-1.2078315019607544,-0.4254668354988098,-1.5326385498046875,-0.387937992811203,0.457,-0.5236,-1.2195,-0.4072,-1.5244,-0.3812,0.3908369116783142,0.060255336618423416,0.011668498039245634,0.018266835498809808,0.008238549804687523,0.00673799281120302,0.08266735407511393,0.620572
2025-11-07 20:42:18,0.8528204560279846,-0.4604837894439697,-1.204654335975647,-0.4300956130027771,-1.5332632064819336,-0.3896023631095886,0.4655,-0.5206,-1.2161,-0.4124,-1.5253,-0.3827,0.3873204560279846,0.060116210556030225,0.011445664024352986,0.01769561300277711,0.007963206481933494,0.006902363109588638,0.08190725220044451,-16.519745
2025-11-07 20:42:18,0.8582277297973633,-0.45735445618629456,-1.2014080286026,-0.4350062608718872,-1.533853530883789,-0.39121687412261963,0.474,-0.5175,-1.2124,-0.4172,-1.5263,-0.3846,0.3842277297973633,0.060145543813705404,0.010991971397399825,0.017806260871887192,0.0075535308837890724,0.0066168741226196315,0.08122365181446074,-12.516352
2025-11-07 20:42:18,0.8653243184089661,-0.4531992971897125,-1.1969364881515503,-0.4416215717792511,-1.5347553491592407,-0.39295217394828796,0.4825,-0.5144,-1.209,-0.4222,-1.5271,-0.3862,0.3828243184089661,0.061200702810287444,0.012063511848449782,0.01942157177925108,0.007655349159240821,0.006752173948287976,0.08165293799241387,30.280777
2025-11-07 20:42:18,0.8705436587333679,-0.4500527083873749,-1.193747639656067,-0.44630786776542664,-1.5354198217391968,-0.39458972215652466,0.4911,-0.5113,-1.2057,-0.4271,-1.5279,-0.3876,0.37944365873336794,0.0612472916126251,0.0119523603439331,0.019207867765426656,0.0075198217391967415,0.006989722156524658,0.0810601203918457,22.518808
2025-11-07 20:42:18,0.8758243918418884,-0.4471803307533264,-1.1905033588409424,-0.4512549638748169,-1.5360710620880127,-0.39613327383995056,0.4997,-0.5081,-1.2019,-0.4333,-1.5288,-0.3895,0.37612439184188845,0.06091966924667358,0.011396641159057586,0.017954963874816876,0.0072710620880127586,0.006633273839950549,0.0800500003417333,21.922593
2025-11-07 20:42:19,0.8808961510658264,-0.444091260433197,-1.1873011589050293,-0.4559086859226227,-1.5366936922073364,-0.39742183685302734,0.5082,-0.505,-1.1986,-0.4382,-1.5296,-0.391,0.37269615106582643,0.06090873956680298,0.011298841094970813,0.017708685922622702,0.007093692207336355,0.0064218368530273295,0.07935465778509777,12.688199
2025-11-07 20:42:19,0.8860349655151367,-0.44119781255722046,-1.1841046810150146,-0.46067553758621216,-1.5372594594955444,-0.39892512559890747,0.5168,-0.5019,-1.1953,-0.443,-1.5303,-0.3924,0.3692349655151367,0.060702187442779554,0.01119531898498538,0.017675537586212153,0.00695945949554444,0.006525125598907444,0.07871543243726094,5.003787
2025-11-07 20:42:19,0.8911431431770325,-0.43796685338020325,-1.1807395219802856,-0.46551331877708435,-1.5378499031066895,-0.40067577362060547,0.5254,-0.4989,-1.192,-0.4477,-1.531,-0.394,0.3657431431770325,0.06093314661979676,0.011260478019714304,0.017813318777084364,0.006849903106689537,0.006675773620605452,0.07821262722015382,4.064569
2025-11-07 20:42:19,0.8965427279472351,-0.4350733757019043,-1.1775354146957397,-0.47035109996795654,-1.5384498834609985,-0.402039110660553,0.5339,-0.4958,-1.1888,-0.4526,-1.5316,-0.3955,0.36264272794723507,0.06072662429809572,0.011264585304260333,0.01775109996795654,0.006849883460998463,0.00653911066055296,0.07762900527318319,4.366013
2025-11-07 20:42:19,0.9019711017608643,-0.43172547221183777,-1.1741567850112915,-0.47545158863067627,-1.539099097251892,-0.4034312069416046,0.5425,-0.4928,-1.1857,-0.4573,-1.5323,-0.3969,0.3594711017608643,0.06107452778816225,0.011543214988708472,0.018151588630676285,0.0067990972518920945,0.006531206941604639,0.077261789560318,2.214166
2025-11-07 20:42:19,0.9076142311096191,-0.4285808205604553,-1.1706900596618652,-0.4805501699447632,-1.5397446155548096,-0.40534675121307373,0.5511,-0.4898,-1.1824,-0.4622,-1.5329,-0.3984,0.3565142311096191,0.06121917943954469,0.011709940338134661,0.018350169944763184,0.006844615554809641,0.006946751213073754,0.07693081459999083,3.554458
2025-11-07 20:42:19,0.9128777384757996,-0.4254112243652344,-1.1673977375030518,-0.4854205548763275,-1.5404071807861328,-0.40682703256607056,0.5597,-0.4867,-1.179,-0.4672,-1.5336,-0.4001,0.3531777384757996,0.061288775634765646,0.01160226249694829,0.01822055487632751,0.006807180786132738,0.0067270325660705454,0.07630392413934071,5.15225
2025-11-07 20:42:19,0.9180778861045837,-0.4225177466869354,-1.1641744375228882,-0.4903081953525543,-1.5411494970321655,-0.40802738070487976,0.5683,-0.4837,-1.1758,-0.4721,-1.5342,-0.4016,0.3497778861045837,0.061182253313064594,0.011625562477111773,0.0182081953525543,0.006949497032165519,0.006427380704879748,0.07569512916405995,2.593579
2025-11-07 20:42:20,0.923308789730072,-0.4193059802055359,-1.1609281301498413,-0.4954240322113037,-1.5418633222579956,-0.40970516204833984,0.5811,-0.4793,-1.1711,-0.4787,-1.535,-0.4037,0.34220878973007207,0.059994019794464115,0.010171869850158721,0.016724032211303697,0.006863322257995685,0.0060051620483398405,0.07366119931538902,28.34963
2025-11-07 20:42:20,0.9233317971229553,-0.4193040728569031,-1.1608648300170898,-0.4955352246761322,-1.5418633222579956,-0.4097473621368408,0.5898,-0.4762,-1.1676,-0.4838,-1.5357,-0.4055,0.33353179712295533,0.056895927143096936,0.0067351699829101275,0.011735224676132194,0.0061633222579955405,0.004247362136840793,0.06988480055332182,26.595881
2025-11-07 20:42:20,0.9233317971229553,-0.4193040728569031,-1.1608572006225586,-0.495540976524353,-1.5418633222579956,-0.4100675880908966,0.5984,-0.4731,-1.1643,-0.4888,-1.5363,-0.4069,0.3249317971229553,0.053795927143096944,0.003442799377441297,0.006740976524353015,0.0055633222579956065,0.0031675880908966225,0.06627373508612312,32.8662
2025-11-07 20:42:20,0.9233317971229553,-0.4193040728569031,-1.1608572006225586,-0.4955429136753082,-1.5418518781661987,-0.4100675880908966,0.607,-0.47,-1.1609,-0.4938,-1.5369,-0.4082,0.31633179712295534,0.0506959271430969,4.279937744144924e-05,0.0017429136753082108,0.004951878166198798,0.0018675880908965992,0.06260548392931621,31.401131
2025-11-07 20:42:20,0.9233317971229553,-0.4193040728569031,-1.1608572006225586,-0.4955429136753082,-1.5418235063552856,-0.4100675880908966,0.6155,-0.4674,-1.1593,-0.4954,-1.5374,-0.4093,0.3078317971229553,0.048095927143096906,0.0015572006225585966,0.00014291367530822052,0.004423506355285545,0.0007675880908966093,0.060469822168350194,28.123429
2025-11-07 20:42:20,0.9233317971229553,-0.4193040728569031,-1.1608572006225586,-0.4955429136753082,-1.5418025255203247,-0.4100675880908966,0.6238,-0.4649,-1.1588,-0.4955,-1.5378,-0.4096,0.2995317971229553,0.045595927143096904,0.0020572006225585415,4.2913675308231536e-05,0.004002525520324651,0.0004675880908965868,0.05861632536252337,27.235209
2025-11-07 20:42:20,0.9233317971229553,-0.4193040728569031,-1.1608572006225586,-0.4955429136753082,-1.5417892932891846,-0.4100675880908966,0.6321,-0.4625,-1.1586,-0.4955,-1.5381,-0.4099,0.2912317971229553,0.043195927143096946,0.0022572006225585195,4.2913675308231536e-05,0.0036892932891845476,0.00016758809089661986,0.056764119990666696,16.706321
2025-11-07 20:42:21,0.9233260750770569,-0.4193040728569031,-1.1608572006225586,-0.4955429136753082,-1.5417835712432861,-0.41005608439445496,0.6403,-0.46,-1.1586,-0.4955,-1.5384,-0.41,0.2830260750770569,0.040695927143096944,0.0022572006225585195,4.2913675308231536e-05,0.003383571243286143,5.608439445498048e-05,0.05491029535929362,18.184164
2025-11-07 20:42:21,0.9233183860778809,-0.4193040728569031,-1.1608572006225586,-0.4955429136753082,-1.5417816638946533,-0.4100388288497925,0.6484,-0.4576,-1.1586,-0.4955,-1.5386,-0.4101,0.2749183860778809,0.03829592714309693,0.0022572006225585195,4.2913675308231536e-05,0.0031816638946533526,6.11711502075396e-05,0.05312621042728424,25.789455
2025-11-07 20:42:21,0.9233126044273376,-0.4193040728569031,-1.1608572006225586,-0.4955429136753082,-1.5417797565460205,-0.4097166955471039,0.6565,-0.4551,-1.1586,-0.4955,-1.5387,-0.4101,0.2668126044273377,0.03579592714309693,0.0022572006225585195,4.2913675308231536e-05,0.003079756546020551,0.00038330445289613824,0.051395284477869674,31.289928
2025-11-07 20:42:21,0.9233106970787048,-0.4193040728569031,-1.1608572006225586,-0.4955429136753082,-1.5417797565460205,-0.4097147583961487,0.6645,-0.4527,-1.1586,-0.4955,-1.5388,-0.4101,0.25881069707870485,0.033395927143096915,0.0022572006225585195,4.2913675308231536e-05,0.002979756546020562,0.00038524160385133843,0.049645289444923406,27.650799
2025-11-07 20:42:21,0.9233068823814392,-0.4193040728569031,-1.1608572006225586,-0.4955429136753082,-1.5417797565460205,-0.4097147583961487,0.6725,-0.4503,-1.1585,-0.4955,-1.539,-0.4101,0.2508068823814392,0.030995927143096902,0.0023572006225585085,4.2913675308231536e-05,0.002779756546020584,0.00038524160385133843,0.047894653662045795,27.443284
2025-11-07 20:42:21,0.9233049750328064,-0.4193059802055359,-1.1608572006225586,-0.4955429136753082,-1.5417797565460205,-0.4097147583961487,0.6803,-0.4478,-1.1585,-0.4955,-1.5391,-0.4101,0.24300497503280638,0.028494019794464087,0.0023572006225585085,4.2913675308231536e-05,0.002679756546020595,0.00038524160385133843,0.04616068454583486,27.072518
2025-11-07 20:42:21,0.9233030080795288,-0.4193098247051239,-1.1608572006225586,-0.4955429136753082,-1.5417797565460205,-0.4097147583961487,0.6881,-0.4454,-1.1585,-0.4955,-1.5392,-0.4099,0.23520300807952876,0.026090175294876117,0.0023572006225585085,4.2913675308231536e-05,0.0025797565460206062,0.00018524160385130495,0.044409715970357255,24.818777
2025-11-07 20:42:22,0.9233030080795288,-0.4193136394023895,-1.1608572006225586,-0.4955429136753082,-1.5417797565460205,-0.4097147583961487,0.6958,-0.443,-1.1585,-0.4955,-1.5393,-0.4098,0.22750300807952883,0.02368636059761048,0.0023572006225585085,4.2913675308231536e-05,0.0024797565460206172,8.524160385131596e-05,0.042692413520812995,33.847208
2025-11-07 20:42:22,0.9233030080795288,-0.41931939125061035,-1.1608572006225586,-0.4955429136753082,-1.5417797565460205,-0.4097243547439575,0.7034,-0.4405,-1.1585,-0.4955,-1.5394,-0.4097,0.21990300807952878,0.02118060874938965,0.0023572006225585085,4.2913675308231536e-05,0.002379756546020406,2.4354743957510916e-05,0.040981307069460515,28.944603
2025-11-07 20:42:22,0.9233030080795288,-0.41932323575019836,-1.1608572006225586,-0.4955429136753082,-1.5417797565460205,-0.4097435176372528,0.7144,-0.4369,-1.1585,-0.4955,-1.5396,-0.4097,0.20890300807952877,0.017576764249801646,0.0023572006225585085,4.2913675308231536e-05,0.0021797565460204282,4.3517637252799e-05,0.03851719346841173,-2.599359
2025-11-07 20:42:22,0.9233030080795288,-0.4193289875984192,-1.1608572006225586,-0.4955390691757202,-1.5417797565460205,-0.4099276065826416,0.7216,-0.4346,-1.1586,-0.4955,-1.5398,-0.4097,0.2017030080795288,0.015271012401580797,0.0022572006225585195,3.906917572021884e-05,0.0019797565460204503,0.00022760658264159295,0.03691294223467506,-0.298879
2025-11-07 20:42:22,0.9233030080795288,-0.419330894947052,-1.1608572006225586,-0.4955371618270874,-1.5417797565460205,-0.41001006960868835,0.7287,-0.4326,-1.1588,-0.4955,-1.5399,-0.4097,0.1946030080795288,0.013269105052947983,0.0020572006225585415,3.716182708740634e-05,0.0018797565460204613,0.0003100696086883459,0.03535938362280525,-9.229594
2025-11-07 20:42:22,0.9233030080795288,-0.41933473944664,-1.1608572006225586,-0.4955352246761322,-1.5417797565460205,-0.41001006960868835,0.7357,-0.431,-1.1589,-0.4955,-1.5401,-0.4097,0.1876030080795288,0.01166526055335998,0.0019572006225585525,3.5224676132206145e-05,0.0016797565460204833,0.0003100696086883459,0.03387508668104806,-5.081766
2025-11-07 20:42:22,0.9233030080795288,-0.4193366467952728,-1.1608572006225586,-0.4955352246761322,-1.5417797565460205,-0.41001006960868835,0.7426,-0.4295,-1.1589,-0.4955,-1.5402,-0.4097,0.18070300807952877,0.010163353204727166,0.0019572006225585525,3.5224676132206145e-05,0.0015797565460204943,0.0003100696086883459,0.03245810212294259,-12.238222
2025-11-07 20:42:23,0.9233030080795288,-0.419338583946228,-1.1608572006225586,-0.4955352246761322,-1.5417797565460205,-0.41001006960868835,0.7493,-0.4283,-1.1589,-0.4955,-1.5403,-0.4099,0.17400300807952884,0.008961416053771987,0.0019572006225585525,3.5224676132206145e-05,0.0014797565460205053,0.0001100696086883679,0.03109111259778341,-3.509252
2025-11-07 20:42:23,0.9233030080795288,-0.419338583946228,-1.1608572006225586,-0.4955352246761322,-1.5417797565460205,-0.41001006960868835,0.7557,-0.4273,-1.1589,-0.4955,-1.5404,-0.41,0.16760300807952877,0.007961416053771986,0.0019572006225585525,3.5224676132206145e-05,0.0013797565460205163,1.0069608688378917e-05,0.029824445931116734,26.263769
2025-11-07 20:42:23,0.9233030080795288,-0.41934049129486084,-1.1608572006225586,-0.4955352246761322,-1.5417797565460205,-0.41001006960868835,0.762,-0.4264,-1.159,-0.4955,-1.5405,-0.41,0.1613030080795288,0.007059508705139161,0.0018572006225585636,3.5224676132206145e-05,0.0012797565460205274,1.0069608688378917e-05,0.028590794706344607,21.126877
2025-11-07 20:42:23,0.9233030080795288,-0.41934049129486084,-1.1608572006225586,-0.4955352246761322,-1.5417797565460205,-0.41000428795814514,0.7681,-0.4256,-1.159,-0.4955,-1.5406,-0.41,0.1552030080795288,0.0062595087051391385,0.0018572006225585636,3.5224676132206145e-05,0.0011797565460205384,4.2879581451660265e-06,0.02742316443125407,28.273385
2025-11-07 20:42:23,0.9233030080795288,-0.41934049129486084,-1.1608572006225586,-0.4955352246761322,-1.5417797565460205,-0.4099947214126587,0.7739,-0.425,-1.159,-0.4955,-1.5406,-0.41,0.14940300807952878,0.005659508705139149,0.0018572006225585636,3.5224676132206145e-05,0.0011797565460205384,5.278587341284169e-06,0.02635666286945342,24.539394
2025-11-07 20:42:23,0.9233030080795288,-0.41934049129486084,-1.1608572006225586,-0.4955352246761322,-1.5417797565460205,-0.40997937321662903,0.7796,-0.4244,-1.159,-0.4955,-1.5407,-0.41,0.14370300807952885,0.00505950870513916,0.0018572006225585636,3.5224676132206145e-05,0.0010797565460205494,2.0626783370947255e-05,0.02529255423545838,23.690509
2025-11-07 20:42:23,0.9233030080795288,-0.41934239864349365,-1.1608572006225586,-0.4955352246761322,-1.5417797565460205,-0.40979912877082825,0.7851,-0.424,-1.159,-0.4955,-1.5407,-0.41,0.1382030080795288,0.004657601356506336,0.0018572006225585636,3.5224676132206145e-05,0.0010797565460205494,0.0002008712291717285,0.02433894375165303,11.824364
2025-11-07 20:42:24,0.9233030080795288,-0.41934239864349365,-1.1608572006225586,-0.4955352246761322,-1.5417797565460205,-0.4097684621810913,0.7903,-0.4236,-1.1591,-0.4955,-1.5408,-0.41,0.1330030080795288,0.004257601356506324,0.0017572006225585746,3.5224676132206145e-05,0.0009797565460205604,0.00023153781890866698,0.023377388183275855,8.535161
2025-11-07 20:42:24,0.9233030080795288,-0.41934239864349365,-1.1608572006225586,-0.4955352246761322,-1.5417797565460205,-0.4097684621810913,0.7952,-0.4232,-1.1591,-0.4955,-1.5408,-0.41,0.1281030080795288,0.0038576013565063683,0.0017572006225585746,3.5224676132206145e-05,0.0009797565460205604,0.00023153781890866698,0.02249405484994253,10.382289
2025-11-07 20:42:24,0.9233030080795288,-0.41934239864349365,-1.1608610153198242,-0.4955352246761322,-1.5417797565460205,-0.4097684621810913,0.7999,-0.4229,-1.1591,-0.4955,-1.5408,-0.41,0.12340300807952875,0.003557601356506346,0.0017610153198241996,3.5224676132206145e-05,0.0009797565460205604,0.00023153781890866698,0.02166135729948679,-1.772956
2025-11-07 20:42:24,0.9233030080795288,-0.41934239864349365,-1.1608648300170898,-0.4955352246761322,-1.5417797565460205,-0.4097684621810913,0.8065,-0.4225,-1.1591,-0.4955,-1.5408,-0.4098,0.11680300807952881,0.0031576013565063343,0.0017648300170898246,3.5224676132206145e-05,0.0009797565460205604,3.153781890868901e-05,0.020461993082364405,26.525016
2025-11-07 20:42:24,0.9233030080795288,-0.41934239864349365,-1.1608648300170898,-0.4955352246761322,-1.5417797565460205,-0.4097684621810913,0.8106,-0.4223,-1.1591,-0.4955,-1.5408,-0.4098,0.11270300807952882,0.0029576013565063564,0.0017648300170898246,3.5224676132206145e-05,0.0009797565460205604,3.153781890868901e-05,0.019745326415697744,18.257123
2025-11-07 20:42:24,0.9233030080795288,-0.41934239864349365,-1.1608668565750122,-0.4955352246761322,-1.5417816638946533,-0.4097684621810913,0.8144,-0.4222,-1.1591,-0.4955,-1.5408,-0.4098,0.1089030080795288,0.0028576013565063674,0.0017668565750121878,3.5224676132206145e-05,0.000981663894653373,3.153781890868901e-05,0.01909598206679027,12.723256
2025-11-07 20:42:24,0.9233030080795288,-0.41934239864349365,-1.1608668565750122,-0.4955352246761322,-1.5417835712432861,-0.4097684621810913,0.8179,-0.422,-1.1591,-0.4955,-1.5408,-0.4098,0.10540300807952885,0.002657601356506334,0.0017668565750121878,3.5224676132206145e-05,0.0009835712432861854,3.153781890868901e-05,0.01847963329156241,8.201557
2025-11-07 20:42:25,0.9233030080795288,-0.41934239864349365,-1.1608668565750122,-0.4955352246761322,-1.5417835712432861,-0.40977421402931213,0.8212,-0.4219,-1.1591,-0.4955,-1.5408,-0.4098,0.10210300807952877,0.002557601356506345,0.0017668565750121878,3.5224676132206145e-05,0.0009835712432861854,2.5785970687863813e-05,0.01791200798352559,-0.440068
2025-11-07 20:42:25,0.9233030080795288,-0.41934239864349365,-1.1608668565750122,-0.4955352246761322,-1.541785478591919,-0.40978187322616577,0.8242,-0.4218,-1.1591,-0.4955,-1.5408,-0.4098,0.09910300807952876,0.002457601356506356,0.0017668565750121878,3.5224676132206145e-05,0.000985478591918998,1.8126773834226118e-05,0.01739438267548879,-0.125098
2025-11-07 20:42:25,0.9233030080795288,-0.41934239864349365,-1.1608668565750122,-0.4955352246761322,-1.541785478591919,-0.4097895324230194,0.827,-0.4217,-1.1591,-0.4955,-1.5408,-0.4098,0.09630300807952885,0.002357601356506367,0.0017668565750121878,3.5224676132206145e-05,0.000985478591918998,1.0467576980588422e-05,0.016909772809346534,-1.889568
2025-11-07 20:42:25,0.9233030080795288,-0.41934239864349365,-1.160868763923645,-0.4955352246761322,-1.541785478591919,-0.4098048806190491,0.8298,-0.4216,-1.1591,-0.4955,-1.5408,-0.4098,0.09350300807952883,0.0022576013565063224,0.0017687639236450003,3.5224676132206145e-05,0.000985478591918998,4.880619049074664e-06,0.01642582620779674,2.263791
2025-11-07 20:42:25,0.9233030080795288,-0.41934239864349365,-1.160868763923645,-0.4955352246761322,-1.541785478591919,-0.40987199544906616,0.8325,-0.4215,-1.1591,-0.4955,-1.5407,-0.4098,0.09080300807952879,0.0021576013565063334,0.0017687639236450003,3.5224676132206145e-05,0.0010854785919189869,7.199544906616451e-05,0.01598701201279958,-0.254054
2025-11-07 20:42:25,0.9233030080795288,-0.41934239864349365,-1.160868763923645,-0.4955352246761322,-1.5417873859405518,-0.41001197695732117,0.8353,-0.4215,-1.1591,-0.4955,-1.5407,-0.4098,0.08800300807952877,0.0021576013565063334,0.0017687639236450003,3.5224676132206145e-05,0.0010873859405517994,0.0002119769573211694,0.015543993488947546,7.927424
2025-11-07 20:42:25,0.9233030080795288,-0.41934239864349365,-1.160868763923645,-0.4955352246761322,-1.5417873859405518,-0.41001197695732117,0.838,-0.4214,-1.1591,-0.4955,-1.5407,-0.4098,0.08530300807952884,0.0020576013565063445,0.0017687639236450003,3.5224676132206145e-05,0.0010873859405517994,0.0002119769573211694,0.015077326822280893,1.476602
2025-11-07 20:42:25,0.9233030080795288,-0.41934239864349365,-1.160868763923645,-0.4955352246761322,-1.5417873859405518,-0.41001197695732117,0.8408,-0.4214,-1.1591,-0.4955,-1.5407,-0.4098,0.08250300807952882,0.0020576013565063445,0.0017687639236450003,3.5224676132206145e-05,0.0010873859405517994,0.0002119769573211694,0.014610660155614222,9.32153
2025-11-07 20:42:26,0.9233030080795288,-0.41934239864349365,-1.160868763923645,-0.4955352246761322,-1.5417873859405518,-0.41001197695732117,0.8435,-0.4214,-1.1591,-0.4955,-1.5407,-0.4099,0.07980300807952878,0.0020576013565063445,0.0017687639236450003,3.5224676132206145e-05,0.0010873859405517994,0.0001119769573211804,0.014143993488947551,4.604557
2025-11-07 20:42:26,0.9233030080795288,-0.41934239864349365,-1.160868763923645,-0.4955352246761322,-1.5417873859405518,-0.41001197695732117,0.8463,-0.4213,-1.1591,-0.4955,-1.5407,-0.41,0.07700300807952876,0.0019576013565063555,0.0017687639236450003,3.5224676132206145e-05,0.0010873859405517994,1.1976957321191417e-05,0.013643993488947551,7.987199
2025-11-07 20:42:26,0.9233030080795288,-0.41934239864349365,-1.160868763923645,-0.4955352246761322,-1.5417873859405518,-0.41001197695732117,0.849,-0.4213,-1.1591,-0.4955,-1.5407,-0.41,0.07430300807952883,0.0019576013565063555,0.0017687639236450003,3.5224676132206145e-05,0.0010873859405517994,1.1976957321191417e-05,0.013193993488947564,2.028903
2025-11-07 20:42:26,0.9233030080795288,-0.41934239864349365,-1.160868763923645,-0.4955352246761322,-1.5417873859405518,-0.41001006960868835,0.8518,-0.4213,-1.1591,-0.4955,-1.5406,-0.41,0.07150300807952881,0.0019576013565063555,0.0017687639236450003,3.5224676132206145e-05,0.0011873859405517884,1.0069608688378917e-05,0.012743675597508755,-6.388194
2025-11-07 20:42:26,0.9233030080795288,-0.41934239864349365,-1.160868763923645,-0.4955352246761322,-1.5417873859405518,-0.4100004732608795,0.8545,-0.4213,-1.1591,-0.4955,-1.5406,-0.41,0.06880300807952877,0.0019576013565063555,0.0017687639236450003,3.5224676132206145e-05,0.0011873859405517884,4.7326087954102647e-07,0.012292076206207278,-5.75099
2025-11-07 20:42:26,0.9233030080795288,-0.41934239864349365,-1.160868763923645,-0.4955352246761322,-1.5417873859405518,-0.4099774658679962,0.8586,-0.4212,-1.1591,-0.4955,-1.5406,-0.41,0.06470300807952878,0.0018576013565063665,0.0017687639236450003,3.5224676132206145e-05,0.0011873859405517884,2.2534132003759755e-05,0.011595753018061317,6.346494
2025-11-07 20:42:26,0.9233030080795288,-0.41934239864349365,-1.160868763923645,-0.4955352246761322,-1.5417873859405518,-0.4097665250301361,0.8614,-0.4212,-1.1591,-0.4955,-1.5406,-0.41,0.061903008079528754,0.0018576013565063665,0.0017687639236450003,3.5224676132206145e-05,0.0011873859405517884,0.00023347496986386718,0.011164243157704664,10.976891
2025-11-07 20:42:27,0.9233030080795288,-0.41934239864349365,-1.160868763923645,-0.4955352246761322,-1.5417873859405518,-0.4097646176815033,0.8641,-0.4212,-1.1591,-0.4955,-1.5406,-0.41,0.05920300807952883,0.0018576013565063665,0.0017687639236450003,3.5224676132206145e-05,0.0011873859405517884,0.00023538231849667968,0.010714561049143478,-0.325189
2025-11-07 20:42:27,0.9233030080795288,-0.41934239864349365,-1.160868763923645,-0.4955352246761322,-1.5417873859405518,-0.4097646176815033,0.8669,-0.4212,-1.1591,-0.4955,-1.5406,-0.41,0.056403008079528805,0.0018576013565063665,0.0017687639236450003,3.5224676132206145e-05,0.0011873859405517884,0.00023538231849667968,0.010247894382476808,-7.074119
2025-11-07 20:42:27,0.9233030080795288,-0.41934239864349365,-1.160868763923645,-0.4955352246761322,-1.5417873859405518,-0.4097646176815033,0.8696,-0.4212,-1.1591,-0.4955,-1.5405,-0.41,0.05370300807952877,0.0018576013565063665,0.0017687639236450003,3.5224676132206145e-05,0.0012873859405517774,0.00023538231849667968,0.009814561049143466,31.455444
2025-11-07 20:42:27,0.9233030080795288,-0.41934239864349365,-1.160868763923645,-0.4955352246761322,-1.5417873859405518,-0.4097646176815033,0.8724,-0.4212,-1.1591,-0.4955,-1.5405,-0.4098,0.050903008079528855,0.0018576013565063665,0.0017687639236450003,3.5224676132206145e-05,0.0012873859405517774,3.5382318496701703e-05,0.009314561049143485,33.091789
2025-11-07 20:42:27,0.9233030080795288,-0.41934239864349365,-1.160868763923645,-0.4955371618270874,-1.5417873859405518,-0.4097646176815033,0.8751,-0.4212,-1.1591,-0.4955,-1.5405,-0.4098,0.04820300807952882,0.0018576013565063665,0.0017687639236450003,3.716182708740634e-05,0.0012873859405517774,3.5382318496701703e-05,0.008864883907636012,29.083518
2025-11-07 20:42:27,0.9233030080795288,-0.41934239864349365,-1.160868763923645,-0.4955390691757202,-1.5417873859405518,-0.4097646176815033,0.8778,-0.4212,-1.1592,-0.4955,-1.5405,-0.4098,0.045503008079528784,0.0018576013565063665,0.0016687639236450114,3.906917572021884e-05,0.0012873859405517774,3.5382318496701703e-05,0.008398535132408144,28.272243
2025-11-07 20:42:27,0.9233030080795288,-0.41934239864349365,-1.160868763923645,-0.4955390691757202,-1.5417873859405518,-0.4097646176815033,0.8806,-0.4212,-1.1592,-0.4955,-1.5405,-0.4098,0.04270300807952876,0.0018576013565063665,0.0016687639236450114,3.906917572021884e-05,0.0012873859405517774,3.5382318496701703e-05,0.007931868465741473,27.259574
2025-11-07 20:42:28,0.9233030080795288,-0.41934239864349365,-1.160868763923645,-0.4955390691757202,-1.5417873859405518,-0.4097703695297241,0.8833,-0.4212,-1.1592,-0.4955,-1.5405,-0.4098,0.040003008079528835,0.0018576013565063665,0.0016687639236450114,3.906917572021884e-05,0.0012873859405517774,2.9630470275876508e-05,0.007480909824371347,24.314186
2025-11-07 20:42:28,0.9233030080795288,-0.41934239864349365,-1.160868763923645,-0.4955390691757202,-1.5417873859405518,-0.40977802872657776,0.8861,-0.4212,-1.1592,-0.4955,-1.5404,-0.4098,0.03720300807952881,0.0018576013565063665,0.0016687639236450114,3.906917572021884e-05,0.0013873859405517663,2.1971273422238813e-05,0.007029633291562402,19.393937
2025-11-07 20:42:28,0.9233030080795288,-0.41934239864349365,-1.160868763923645,-0.4955390691757202,-1.5417873859405518,-0.4097876250743866,0.8888,-0.4212,-1.1592,-0.4955,-1.5404,-0.4098,0.034503008079528774,0.0018576013565063665,0.0016687639236450114,3.906917572021884e-05,0.0013873859405517663,1.2374925613400922e-05,0.006578033900260923,15.73985
2025-11-07 20:42:28,0.9233030080795288,-0.41934239864349365,-1.160868763923645,-0.4955390691757202,-1.5417873859405518,-0.40980297327041626,0.8916,-0.4212,-1.1592,-0.4955,-1.5404,-0.4098,0.03170300807952886,0.0018576013565063665,0.0016687639236450114,3.906917572021884e-05,0.0013873859405517663,2.9732704162621637e-06,0.006109800291061414,10.244095
2025-11-07 20:42:28,0.9233030080795288,-0.41934239864349365,-1.160868763923645,-0.4955390691757202,-1.5417873859405518,-0.4099218547344208,0.8943,-0.4212,-1.1592,-0.4955,-1.5403,-0.4098,0.029003008079528825,0.0018576013565063665,0.0016687639236450114,3.906917572021884e-05,0.0014873859405517553,0.00012185473442077877,0.005696280535062159,6.896651
2025-11-07 20:42:28,0.9233030080795288,-0.41934239864349365,-1.160868763923645,-0.4955390691757202,-1.5417873859405518,-0.41001006960868835,0.8971,-0.4212,-1.1592,-0.4955,-1.5403,-0.4098,0.0262030080795288,0.0018576013565063665,0.0016687639236450114,3.906917572021884e-05,0.0014873859405517553,0.0002100696086883569,0.005244316347440085,7.728025
2025-11-07 20:42:28,0.9233030080795288,-0.41934239864349365,-1.160868763923645,-0.4955390691757202,-1.5417873859405518,-0.41001006960868835,0.8998,-0.4212,-1.1592,-0.4955,-1.5403,-0.4098,0.023503008079528764,0.0018576013565063665,0.0016687639236450114,3.906917572021884e-05,0.0014873859405517553,0.0002100696086883569,0.004794316347440079,5.153623
2025-11-07 20:42:29,0.9233030080795288,-0.41934239864349365,-1.160868763923645,-0.4955390691757202,-1.5417873859405518,-0.41001006960868835,0.9025,-0.4211,-1.1592,-0.4955,-1.5402,-0.4098,0.02080300807952884,0.001757601356506322,0.0016687639236450114,3.906917572021884e-05,0.0015873859405517443,0.0002100696086883569,0.004344316347440082,3.255309
2025-11-07 20:42:29,0.9233030080795288,-0.41934239864349365,-1.160868763923645,-0.4955390691757202,-1.5417873859405518,-0.41001006960868835,0.9059,-0.4211,-1.1592,-0.4955,-1.5401,-0.41,0.01740300807952877,0.001757601356506322,0.0016687639236450114,3.906917572021884e-05,0.0016873859405517333,1.0069608688378917e-05,0.003760983014106739,26.582966
2025-11-07 20:42:29,0.9233030080795288,-0.41934239864349365,-1.160868763923645,-0.4955390691757202,-1.5417873859405518,-0.41001006960868835,0.9079,-0.4211,-1.1592,-0.4955,-1.5401,-0.41,0.015403008079528768,0.001757601356506322,0.0016687639236450114,3.906917572021884e-05,0.0016873859405517333,1.0069608688378917e-05,0.0034276496807734056,24.38959
2025-11-07 20:42:29,0.9233030080795288,-0.41934239864349365,-1.160868763923645,-0.4955390691757202,-1.5417873859405518,-0.41000813245773315,0.9096,-0.4211,-1.1592,-0.4955,-1.5401,-0.41,0.013703008079528844,0.001757601356506322,0.0016687639236450114,3.906917572021884e-05,0.0016873859405517333,8.132457733178722e-06,0.0031439934889475516,23.781452
2025-11-07 20:42:29,0.9233030080795288,-0.41934239864349365,-1.160868763923645,-0.4955390691757202,-1.5417873859405518,-0.4100004732608795,0.9112,-0.4211,-1.1592,-0.4955,-1.54,-0.41,0.012103008079528799,0.001757601356506322,0.0016687639236450114,3.906917572021884e-05,0.0017873859405517223,4.7326087954102647e-07,0.0028927169561386024,27.324028
2025-11-07 20:42:29,0.9233030080795288,-0.41934239864349365,-1.160868763923645,-0.4955390691757202,-1.5417873859405518,-0.40998896956443787,0.9125,-0.4211,-1.1592,-0.4955,-1.54,-0.41,0.01080300807952883,0.001757601356506322,0.0016687639236450114,3.906917572021884e-05,0.0017873859405517223,1.1030435562109364e-05,0.0026778098185857024,29.896485
2025-11-07 20:42:29,0.9233030080795288,-0.41934239864349365,-1.160868763923645,-0.4955390691757202,-1.5417873859405518,-0.4099717140197754,0.9138,-0.4211,-1.1592,-0.4955,-1.5399,-0.41,0.009503008079528863,0.001757601356506322,0.0016687639236450114,3.906917572021884e-05,0.0018873859405517113,2.828598022458495e-05,0.0024806857426961184,30.398371
2025-11-07 20:42:30,0.9233030080795288,-0.41934239864349365,-1.160868763923645,-0.4955390691757202,-1.5417873859405518,-0.4097665250301361,0.9148,-0.4211,-1.1592,-0.4955,-1.5399,-0.41,0.008503008079528862,0.001757601356506322,0.0016687639236450114,3.906917572021884e-05,0.0018873859405517113,0.00023347496986386718,0.0023482172409693323,18.45477
2025-11-07 20:42:30,0.9233030080795288,-0.41934239864349365,-1.160868763923645,-0.4955390691757202,-1.5417873859405518,-0.4097627103328705,0.9158,-0.4211,-1.1592,-0.4955,-1.5399,-0.41,0.007503008079528861,0.001757601356506322,0.0016687639236450114,3.906917572021884e-05,0.0018873859405517113,0.00023728966712949218,0.0021821863571802693,8.778435
2025-11-07 20:42:30,0.9233030080795288,-0.41934239864349365,-1.160868763923645,-0.4955390691757202,-1.5417873859405518,-0.4097627103328705,0.9166,-0.4211,-1.1592,-0.4955,-1.5399,-0.41,0.006703008079528838,0.001757601356506322,0.0016687639236450114,3.906917572021884e-05,0.0018873859405517113,0.00023728966712949218,0.0020488530238469325,13.080125
2025-11-07 20:42:30,0.9233030080795288,-0.41934239864349365,-1.160868763923645,-0.4955390691757202,-1.5417873859405518,-0.4097627103328705,0.9174,-0.4211,-1.1592,-0.4955,-1.5398,-0.41,0.005903008079528815,0.001757601356506322,0.0016687639236450114,3.906917572021884e-05,0.0019873859405517003,0.00023728966712949218,0.00193218635718026,6.299275
2025-11-07 20:42:30,0.9233030080795288,-0.41934239864349365,-1.160868763923645,-0.4955390691757202,-1.5417873859405518,-0.4097627103328705,0.9181,-0.4211,-1.1592,-0.4955,-1.5398,-0.4098,0.005203008079528781,0.001757601356506322,0.0016687639236450114,3.906917572021884e-05,0.0019873859405517003,3.7289667129514203e-05,0.001782186357180258,12.926523
2025-11-07 20:42:30,0.9233030080795288,-0.41934239864349365,-1.160868763923645,-0.4955390691757202,-1.5417873859405518,-0.4097627103328705,0.9187,-0.4211,-1.1592,-0.4955,-1.5398,-0.4098,0.0046030080795288475,0.001757601356506322,0.0016687639236450114,3.906917572021884e-05,0.0019873859405517003,3.7289667129514203e-05,0.001682186357180269,4.179889
2025-11-07 20:42:30,0.9233030080795288,-0.41934239864349365,-1.160868763923645,-0.4955390691757202,-1.5417873859405518,-0.4097627103328705,0.9192,-0.4211,-1.1592,-0.4955,-1.5398,-0.4098,0.0041030080795287915,0.001757601356506322,0.0016687639236450114,3.906917572021884e-05,0.0019873859405517003,3.7289667129514203e-05,0.0015988530238469263,11.313472
2025-11-07 20:42:30,0.9233030080795288,-0.41934239864349365,-1.160868763923645,-0.4955390691757202,-1.5417873859405518,-0.4097627103328705,0.9196,-0.4211,-1.1592,-0.4955,-1.5398,-0.4098,0.0037030080795288356,0.001757601356506322,0.0016687639236450114,3.906917572021884e-05,0.0019873859405517003,3.7289667129514203e-05,0.001532186357180267,4.239983
2025-11-07 20:42:31,0.9233030080795288,-0.41934239864349365,-1.160868763923645,-0.4955390691757202,-1.5417873859405518,-0.4097684621810913,0.9201,-0.4211,-1.1592,-0.4955,-1.5397,-0.4098,0.0032030080795287796,0.001757601356506322,0.0016687639236450114,3.906917572021884e-05,0.0020873859405516892,3.153781890868901e-05,0.0014645610491434518,8.25101
2025-11-07 20:42:31,0.9233030080795288,-0.41934239864349365,-1.160868763923645,-0.4955390691757202,-1.5417873859405518,-0.40977802872657776,0.9204,-0.4211,-1.1592,-0.4955,-1.5397,-0.4098,0.0029030080795288127,0.001757601356506322,0.0016687639236450114,3.906917572021884e-05,0.0020873859405516892,2.1971273422238813e-05,0.0014129666248957156,12.974395
2025-11-07 20:42:31,0.9233030080795288,-0.41934239864349365,-1.160868763923645,-0.4955390691757202,-1.5417873859405518,-0.4097876250743866,0.9207,-0.4211,-1.1592,-0.4955,-1.5397,-0.4098,0.0026030080795288457,0.001757601356506322,0.0016687639236450114,3.906917572021884e-05,0.0020873859405516892,1.2374925613400922e-05,0.001361367233594248,2.840438
2025-11-07 20:42:31,0.9233030080795288,-0.41934239864349365,-1.160868763923645,-0.4955390691757202,-1.541785478591919,-0.40980103611946106,0.921,-0.4211,-1.1592,-0.4955,-1.5397,-0.4098,0.0023030080795287677,0.001757601356506322,0.0016687639236450114,3.906917572021884e-05,0.0020854785919188767,1.0361194610619684e-06,0.0013091595411300432,0.911436
2025-11-07 20:42:31,0.9233030080795288,-0.41934239864349365,-1.160868763923645,-0.4955390691757202,-1.5417835712432861,-0.41000813245773315,0.9214,-0.4211,-1.1592,-0.4955,-1.5397,-0.4098,0.0019030080795288118,0.001757601356506322,0.0016687639236450114,3.906917572021884e-05,0.0020835712432860642,0.0002081324577331567,0.0012766910394032642,32.173782
2025-11-07 20:42:31,0.9233030080795288,-0.41934239864349365,-1.160868763923645,-0.4955390691757202,-1.5417835712432861,-0.41000813245773315,0.9216,-0.4211,-1.1592,-0.4955,-1.5397,-0.4098,0.0017030080795288338,0.001757601356506322,0.0016687639236450114,3.906917572021884e-05,0.0020835712432860642,0.0002081324577331567,0.0012433577060699346,32.121322
2025-11-07 20:42:31,0.9233030080795288,-0.41934239864349365,-1.160868763923645,-0.4955390691757202,-1.5417835712432861,-0.41000813245773315,0.9218,-0.4211,-1.1592,-0.4955,-1.5397,-0.4098,0.0015030080795288558,0.001757601356506322,0.0016687639236450114,3.906917572021884e-05,0.0020835712432860642,0.0002081324577331567,0.001210024372736605,27.406915
2025-11-07 20:42:32,0.9233030080795288,-0.41934239864349365,-1.160868763923645,-0.4955390691757202,-1.5417835712432861,-0.41000813245773315,0.922,-0.4211,-1.1592,-0.4955,-1.5397,-0.4098,0.0013030080795287668,0.001757601356506322,0.0016687639236450114,3.906917572021884e-05,0.0020835712432860642,0.0002081324577331567,0.0011766910394032566,16.888357
2025-11-07 20:42:32,0.9233030080795288,-0.41934239864349365,-1.160868763923645,-0.4955390691757202,-1.5417835712432861,-0.41000813245773315,0.9221,-0.4211,-1.1592,-0.4955,-1.5397,-0.41,0.0012030080795287779,0.001757601356506322,0.0016687639236450114,3.906917572021884e-05,0.0020835712432860642,8.132457733178722e-06,0.001126691039403262,16.251314
2025-11-07 20:42:32,0.9233030080795288,-0.41934239864349365,-1.160868763923645,-0.4955390691757202,-1.5417835712432861,-0.41000813245773315,0.9223,-0.4211,-1.1592,-0.4955,-1.5396,-0.41,0.0010030080795287999,0.001757601356506322,0.0016687639236450114,3.906917572021884e-05,0.0021835712432860532,8.132457733178722e-06,0.0011100243727365973,5.701206
2025-11-07 20:42:32,0.9233030080795288,-0.41934239864349365,-1.160868763923645,-0.4955390691757202,-1.5417835712432861,-0.41000813245773315,0.9224,-0.4211,-1.1592,-0.4955,-1.5396,-0.41,0.0009030080795288109,0.001757601356506322,0.0016687639236450114,3.906917572021884e-05,0.0021835712432860532,8.132457733178722e-06,0.0010933577060699324,4.093926
2025-11-07 20:42:32,0.9233030080795288,-0.41934239864349365,-1.160868763923645,-0.4955390691757202,-1.5417835712432861,-0.4100004732608795,0.9225,-0.4211,-1.1592,-0.4955,-1.5396,-0.41,0.0008030080795288219,0.001757601356506322,0.0016687639236450114,3.906917572021884e-05,0.0021835712432860532,4.7326087954102647e-07,0.0010754145065943281,11.223149
2025-11-07 20:42:32,0.9233030080795288,-0.41934239864349365,-1.160868763923645,-0.4955390691757202,-1.5417835712432861,-0.4099908769130707,0.9226,-0.4211,-1.1592,-0.4955,-1.5396,-0.41,0.0007030080795288329,0.001757601356506322,0.0016687639236450114,3.906917572021884e-05,0.0021835712432860532,9.123086929296864e-06,0.0010601894776026226,7.645097
2025-11-07 20:42:32,0.9233030080795288,-0.41934239864349365,-1.160868763923645,-0.4955390691757202,-1.5417835712432861,-0.409975528717041,0.9226,-0.4211,-1.1592,-0.4955,-1.5396,-0.41,0.0007030080795288329,0.001757601356506322,0.0016687639236450114,3.906917572021884e-05,0.0021835712432860532,2.447128295895995e-05,0.001062747510274233,5.667351
2025-11-07 20:42:33,0.9233030080795288,-0.41934239864349365,-1.160868763923645,-0.4955390691757202,-1.5417835712432861,-0.4097895324230194,0.9227,-0.4211,-1.1592,-0.4955,-1.5396,-0.41,0.0006030080795288439,0.001757601356506322,0.0016687639236450114,3.906917572021884e-05,0.0021835712432860532,0.0002104675769805664,0.0010770802259445027,5.094891
2025-11-07 20:42:33,0.9233030080795288,-0.41934239864349365,-1.160868763923645,-0.4955390691757202,-1.5417835712432861,-0.4097627103328705,0.9228,-0.4211,-1.1592,-0.4955,-1.5396,-0.41,0.000503008079528855,0.001757601356506322,0.0016687639236450114,3.906917572021884e-05,0.0021835712432860532,0.00023728966712949218,0.0010648839076359922,8.05101
2025-11-07 20:42:33,0.9233030080795288,-0.41934239864349365,-1.160868763923645,-0.4955390691757202,-1.5417835712432861,-0.4097627103328705,0.9228,-0.4211,-1.1592,-0.4955,-1.5396,-0.41,0.000503008079528855,0.001757601356506322,0.0016687639236450114,3.906917572021884e-05,0.0021835712432860532,0.00023728966712949218,0.0010648839076359922,-0.246099
2025-11-07 20:42:33,0.9233030080795288,-0.41934239864349365,-1.1608668565750122,-0.4955390691757202,-1.5417835712432861,-0.4097627103328705,0.9229,-0.4211,-1.1592,-0.4955,-1.5396,-0.41,0.00040300807952875495,0.001757601356506322,0.0016668565750121989,3.906917572021884e-05,0.0021835712432860532,0.00023728966712949218,0.0010478993495305067,6.852006
2025-11-07 20:42:33,0.9233030080795288,-0.41934239864349365,-1.1608648300170898,-0.4955390691757202,-1.5417835712432861,-0.4097627103328705,0.9229,-0.4211,-1.1592,-0.4955,-1.5396,-0.4099,0.00040300807952875495,0.001757601356506322,0.0016648300170898356,3.906917572021884e-05,0.0021835712432860532,0.0001372896671295032,0.0010308949232101146,11.721018
2025-11-07 20:42:33,0.9233030080795288,-0.41934239864349365,-1.1608648300170898,-0.4955390691757202,-1.5417835712432861,-0.4097627103328705,0.923,-0.4211,-1.1592,-0.4955,-1.5396,-0.4098,0.00030300807952876596,0.001757601356506322,0.0016648300170898356,3.906917572021884e-05,0.0021835712432860532,3.7289667129514203e-05,0.000997561589876785,11.232588
2025-11-07 20:42:33,0.9233030080795288,-0.41934239864349365,-1.160862922668457,-0.4955390691757202,-1.5417835712432861,-0.4097627103328705,0.923,-0.4211,-1.1592,-0.4955,-1.5396,-0.4098,0.00030300807952876596,0.001757601356506322,0.001662922668457023,3.906917572021884e-05,0.0021835712432860532,3.7289667129514203e-05,0.0009972436984379829,8.582753
2025-11-07 20:42:34,0.9233030080795288,-0.41934239864349365,-1.160862922668457,-0.4955390691757202,-1.5417835712432861,-0.4097665250301361,0.9231,-0.4211,-1.1592,-0.4955,-1.5396,-0.4098,0.00020300807952877697,0.001757601356506322,0.001662922668457023,3.906917572021884e-05,0.0021835712432860532,3.3474969863889203e-05,0.0009799412488937138,27.137853
2025-11-07 20:42:34,0.9233030080795288,-0.41934239864349365,-1.160862922668457,-0.4955390691757202,-1.5417835712432861,-0.40977421402931213,0.9231,-0.4211,-1.1592,-0.4955,-1.5396,-0.4098,0.00020300807952877697,0.001757601356506322,0.001662922668457023,3.906917572021884e-05,0.0021835712432860532,2.5785970687863813e-05,0.000978659749031043,18.566623
2025-11-07 20:42:34,0.9233030080795288,-0.41934239864349365,-1.160862922668457,-0.4955390691757202,-1.5417835712432861,-0.40978187322616577,0.9231,-0.4211,-1.1592,-0.4955,-1.5396,-0.4098,0.00020300807952877697,0.001757601356506322,0.001662922668457023,3.906917572021884e-05,0.0021835712432860532,1.8126773834226118e-05,0.0009773832162221034,17.165494
2025-11-07 20:42:34,0.9233030080795288,-0.41934239864349365,-1.160862922668457,-0.4955390691757202,-1.5417835712432861,-0.40979528427124023,0.9231,-0.4211,-1.1592,-0.4955,-1.5396,-0.4098,0.00020300807952877697,0.001757601356506322,0.001662922668457023,3.906917572021884e-05,0.0021835712432860532,4.715728759763227e-06,0.0009751480420430262,14.522742
2025-11-07 20:42:34,0.9233030080795288,-0.41934239864349365,-1.160862922668457,-0.4955371618270874,-1.5417835712432861,-0.4098298251628876,0.9231,-0.4211,-1.1592,-0.4955,-1.5396,-0.4098,0.00020300807952877697,0.001757601356506322,0.001662922668457023,3.716182708740634e-05,0.0021835712432860532,2.982516288757564e-05,0.0009790150562921929,7.187956
2025-11-07 20:42:34,0.9233030080795288,-0.41934239864349365,-1.160862922668457,-0.4955371618270874,-1.5417835712432861,-0.41000813245773315,0.9232,-0.4211,-1.1592,-0.4955,-1.5396,-0.4098,0.00010300807952878799,0.001757601356506322,0.001662922668457023,3.716182708740634e-05,0.0021835712432860532,0.0002081324577331567,0.0009920662720997915,5.192396
2025-11-07 20:42:34,0.9233030080795288,-0.41934239864349365,-1.160862922668457,-0.4955371618270874,-1.5417835712432861,-0.41000813245773315,0.9232,-0.4211,-1.1592,-0.4955,-1.5396,-0.4098,0.00010300807952878799,0.001757601356506322,0.001662922668457023,3.716182708740634e-05,0.0021835712432860532,0.0002081324577331567,0.0009920662720997915,7.14734
2025-11-07 20:42:35,0.9233030080795288,-0.41934239864349365,-1.160862922668457,-0.4955352246761322,-1.5417835712432861,-0.41000813245773315,0.9232,-0.4211,-1.1592,-0.4955,-1.5396,-0.4098,0.00010300807952878799,0.001757601356506322,0.001662922668457023,3.5224676132206145e-05,0.0021835712432860532,0.0002081324577331567,0.0009917434136072583,2.426871
2025-11-07 20:42:35,0.9233030080795288,-0.41934239864349365,-1.160862922668457,-0.4955352246761322,-1.5417835712432861,-0.41000813245773315,0.9232,-0.4211,-1.1592,-0.4955,-1.5396,-0.4099,0.00010300807952878799,0.001757601356506322,0.001662922668457023,3.5224676132206145e-05,0.0021835712432860532,0.00010813245773316771,0.0009750767469405933,-3.517117
2025-11-07 20:42:35,0.9233030080795288,-0.41934239864349365,-1.160862922668457,-0.4955352246761322,-1.5417835712432861,-0.41000813245773315,0.9232,-0.4211,-1.1592,-0.4955,-1.5396,-0.41,0.00010300807952878799,0.001757601356506322,0.001662922668457023,3.5224676132206145e-05,0.0021835712432860532,8.132457733178722e-06,0.0009584100802739285,-3.742887
2025-11-07 20:42:35,0.9233030080795288,-0.41934239864349365,-1.160862922668457,-0.4955352246761322,-1.5417835712432861,-0.41000813245773315,0.9232,-0.4211,-1.1592,-0.4955,-1.5396,-0.41,0.00010300807952878799,0.001757601356506322,0.001662922668457023,3.5224676132206145e-05,0.0021835712432860532,8.132457733178722e-06,0.0009584100802739285,-15.717287
2025-11-07 20:42:35,0.9233030080795288,-0.41934239864349365,-1.160862922668457,-0.4955352246761322,-1.5417835712432861,-0.41000622510910034,0.9232,-0.4211,-1.1592,-0.4955,-1.5396,-0.41,0.00010300807952878799,0.001757601356506322,0.001662922668457023,3.5224676132206145e-05,0.0021835712432860532,6.225109100366222e-06,0.0009580921888351265,31.334754
2025-11-07 20:42:35,0.9233030080795288,-0.41934239864349365,-1.160862922668457,-0.4955352246761322,-1.5417835712432861,-0.4099985361099243,0.9232,-0.4211,-1.1592,-0.4955,-1.5396,-0.41,0.00010300807952878799,0.001757601356506322,0.001662922668457023,3.5224676132206145e-05,0.0021835712432860532,1.4638900756591688e-06,0.0009572986523310086,27.973895
2025-11-07 20:42:35,0.9233030080795288,-0.41934239864349365,-1.160862922668457,-0.4955352246761322,-1.5417835712432861,-0.4099927842617035,0.9232,-0.4211,-1.1592,-0.4955,-1.5396,-0.41,0.00010300807952878799,0.001757601356506322,0.001662922668457023,3.5224676132206145e-05,0.0021835712432860532,7.215738296484364e-06,0.0009582572937011461,-9.611661
2025-11-07 20:42:35,0.9233030080795288,-0.41934239864349365,-1.160862922668457,-0.4955352246761322,-1.5417835712432861,-0.4099697768688202,0.9232,-0.4211,-1.1592,-0.4955,-1.5396,-0.41,0.00010300807952878799,0.001757601356506322,0.001662922668457023,3.5224676132206145e-05,0.0021835712432860532,3.0223131179785145e-05,0.0009620918591816963,22.086504
2025-11-07 20:42:36,0.9233030080795288,-0.41934239864349365,-1.160862922668457,-0.4955352246761322,-1.5417835712432861,-0.4097627103328705,0.9232,-0.4211,-1.1592,-0.4955,-1.5396,-0.41,0.00010300807952878799,0.001757601356506322,0.001662922668457023,3.5224676132206145e-05,0.0021835712432860532,0.00023728966712949218,0.0009966029485066474,29.350055
2025-11-07 20:42:36,0.9233049750328064,-0.41934239864349365,-1.160862922668457,-0.4955352246761322,-1.5417835712432861,-0.4097607731819153,0.9232,-0.4211,-1.1592,-0.4955,-1.5396,-0.41,0.00010497503280637588,0.001757601356506322,0.001662922668457023,3.5224676132206145e-05,0.0021835712432860532,0.00023922681808469237,0.0009972536325454455,28.689968
2025-11-07 20:42:36,0.9233049750328064,-0.41934239864349365,-1.160862922668457,-0.4955352246761322,-1.5417835712432861,-0.4097607731819153,0.9233,-0.4211,-1.1592,-0.4955,-1.5396,-0.41,4.975032806386892e-06,0.001757601356506322,0.001662922668457023,3.5224676132206145e-05,0.0021835712432860532,0.00023922681808469237,0.0009805869658787807,-1.264799
2025-11-07 20:42:36,0.9233049750328064,-0.41934239864349365,-1.160862922668457,-0.4955352246761322,-1.5417835712432861,-0.4097607731819153,0.9233,-0.4211,-1.1592,-0.4955,-1.5396,-0.4099,4.975032806386892e-06,0.001757601356506322,0.001662922668457023,3.5224676132206145e-05,0.0021835712432860532,0.00013922681808470339,0.0009639202992121158,-0.708789
2025-11-07 20:42:36,0.9233049750328064,-0.41934239864349365,-1.160862922668457,-0.4955352246761322,-1.5417835712432861,-0.4097607731819153,0.9233,-0.4211,-1.1592,-0.4955,-1.5396,-0.4098,4.975032806386892e-06,0.001757601356506322,0.001662922668457023,3.5224676132206145e-05,0.0021835712432860532,3.92268180847144e-05,0.0009472536325454509,-4.040573
2025-11-07 20:42:36,0.9233049750328064,-0.41934239864349365,-1.160862922668457,-0.4955352246761322,-1.5417835712432861,-0.4097607731819153,0.9233,-0.4211,-1.1592,-0.4955,-1.5396,-0.4098,4.975032806386892e-06,0.001757601356506322,0.001662922668457023,3.5224676132206145e-05,0.0021835712432860532,3.92268180847144e-05,0.0009472536325454509,-0.281196
2025-11-07 20:42:36,0.9233049750328064,-0.41934239864349365,-1.160862922668457,-0.4955352246761322,-1.5417835712432861,-0.4097607731819153,0.9233,-0.4211,-1.1592,-0.4955,-1.5396,-0.4098,4.975032806386892e-06,0.001757601356506322,0.001662922668457023,3.5224676132206145e-05,0.0021835712432860532,3.92268180847144e-05,0.0009472536325454509,-6.096108
2025-11-07 20:42:37,0.9233049750328064,-0.41934239864349365,-1.160862922668457,-0.4955352246761322,-1.5417835712432861,-0.4097646176815033,0.9233,-0.4211,-1.1592,-0.4955,-1.5396,-0.4098,4.975032806386892e-06,0.001757601356506322,0.001662922668457023,3.5224676132206145e-05,0.0021835712432860532,3.5382318496701703e-05,0.0009466128826141155,-4.855366
2025-11-07 20:42:37,0.9233049750328064,-0.41934239864349365,-1.160862922668457,-0.4955352246761322,-1.5417835712432861,-0.40977227687835693,0.9233,-0.4211,-1.1592,-0.4955,-1.5396,-0.4098,4.975032806386892e-06,0.001757601356506322,0.001662922668457023,3.5224676132206145e-05,0.0021835712432860532,2.7723121643064008e-05,0.0009453363498051759,-8.190696
2025-11-07 20:42:37,0.9233049750328064,-0.41934239864349365,-1.160862922668457,-0.4955352246761322,-1.5417835712432861,-0.40977996587753296,0.9233,-0.4211,-1.1592,-0.4955,-1.5396,-0.4098,4.975032806386892e-06,0.001757601356506322,0.001662922668457023,3.5224676132206145e-05,0.0021835712432860532,2.0034122467038618e-05,0.000944054849942505,-11.263627
2025-11-07 20:42:37,0.9233049750328064,-0.41934239864349365,-1.160862922668457,-0.4955352246761322,-1.5417835712432861,-0.4097933769226074,0.9233,-0.4211,-1.1592,-0.4955,-1.5396,-0.4098,4.975032806386892e-06,0.001757601356506322,0.001662922668457023,3.5224676132206145e-05,0.0021835712432860532,6.623077392575727e-06,0.0009418196757634278,-5.208357
2025-11-07 20:42:37,0.9233049750328064,-0.41934239864349365,-1.160862922668457,-0.4955352246761322,-1.5417835712432861,-0.4098413288593292,0.9233,-0.4211,-1.1592,-0.4955,-1.5396,-0.4098,4.975032806386892e-06,0.001757601356506322,0.001662922668457023,3.5224676132206145e-05,0.0021835712432860532,4.132885932922603e-05,0.0009476039727528696,-7.409909
2025-11-07 20:42:37,0.9233068823814392,-0.41934239864349365,-1.160862922668457,-0.4955352246761322,-1.5417835712432861,-0.41000622510910034,0.9233,-0.4211,-1.1592,-0.4955,-1.5396,-0.4098,6.882381439199392e-06,0.001757601356506322,0.001662922668457023,3.5224676132206145e-05,0.0021835712432860532,0.0002062251091003442,0.000975404572486858,-1.393694
2025-11-07 20:42:37,0.9233068823814392,-0.41934239864349365,-1.160862922668457,-0.4955352246761322,-1.5417835712432861,-0.41000622510910034,0.9233,-0.4211,-1.1592,-0.4955,-1.5396,-0.4098,6.882381439199392e-06,0.001757601356506322,0.001662922668457023,3.5224676132206145e-05,0.0021835712432860532,0.0002062251091003442,0.000975404572486858,-9.45872
2025-11-07 20:42:38,0.9233068823814392,-0.41934239864349365,-1.160862922668457,-0.4955352246761322,-1.5417835712432861,-0.41000622510910034,0.9233,-0.4211,-1.1592,-0.4955,-1.5396,-0.4098,6.882381439199392e-06,0.001757601356506322,0.001662922668457023,3.5224676132206145e-05,0.0021835712432860532,0.0002062251091003442,0.000975404572486858,-11.568397
2025-11-07 20:42:38,0.9233068823814392,-0.41934239864349365,-1.160862922668457,-0.4955352246761322,-1.5417835712432861,-0.41000622510910034,0.9233,-0.4211,-1.1592,-0.4955,-1.5396,-0.4099,6.882381439199392e-06,0.001757601356506322,0.001662922668457023,3.5224676132206145e-05,0.0021835712432860532,0.00010622510910035521,0.0009587379058201931,-11.183143
2025-11-07 20:42:38,0.9233068823814392,-0.41934239864349365,-1.160862922668457,-0.4955352246761322,-1.5417835712432861,-0.41000622510910034,0.9233,-0.4211,-1.1592,-0.4955,-1.5396,-0.41,6.882381439199392e-06,0.001757601356506322,0.001662922668457023,3.5224676132206145e-05,0.0021835712432860532,6.225109100366222e-06,0.0009420712391535283,-12.548613
2025-11-07 20:42:38,0.9233068823814392,-0.41934239864349365,-1.160862922668457,-0.4955352246761322,-1.5417835712432861,-0.41000622510910034,0.9233,-0.4211,-1.1592,-0.4955,-1.5396,-0.41,6.882381439199392e-06,0.001757601356506322,0.001662922668457023,3.5224676132206145e-05,0.0021835712432860532,6.225109100366222e-06,0.0009420712391535283,32.55641
2025-11-07 20:42:38,0.9233068823814392,-0.41934239864349365,-1.160862922668457,-0.4955352246761322,-1.5417835712432861,-0.41000428795814514,0.9233,-0.4211,-1.1592,-0.4955,-1.5396,-0.41,6.882381439199392e-06,0.001757601356506322,0.001662922668457023,3.5224676132206145e-05,0.0021835712432860532,4.2879581451660265e-06,0.000941748380660995,27.777941
2025-11-07 20:42:38,0.9233068823814392,-0.41934239864349365,-1.160862922668457,-0.4955352246761322,-1.5417835712432861,-0.4099927842617035,0.9233,-0.4211,-1.1592,-0.4955,-1.5396,-0.41,6.882381439199392e-06,0.001757601356506322,0.001662922668457023,3.5224676132206145e-05,0.0021835712432860532,7.215738296484364e-06,0.000942236344019548,8.532607
2025-11-07 20:42:38,0.9233068823814392,-0.41934239864349365,-1.160862922668457,-0.4955352246761322,-1.5417835712432861,-0.40998321771621704,0.9233,-0.4211,-1.1592,-0.4955,-1.5396,-0.41,6.882381439199392e-06,0.001757601356506322,0.001662922668457023,3.5224676132206145e-05,0.0021835712432860532,1.678228378293456e-05,0.0009438307682672897,4.082313
2025-11-07 20:42:39,0.9233068823814392,-0.41934239864349365,-1.160862922668457,-0.4955352246761322,-1.5417835712432861,-0.4099525213241577,0.9233,-0.4211,-1.1592,-0.4955,-1.5396,-0.41,6.882381439199392e-06,0.001757601356506322,0.001662922668457023,3.5224676132206145e-05,0.0021835712432860532,4.747867584226073e-05,0.0009489468336105108,5.326583
2025-11-07 20:42:39,0.9233068823814392,-0.41934239864349365,-1.160862922668457,-0.4955352246761322,-1.5417835712432861,-0.4097627103328705,0.9233,-0.4211,-1.1592,-0.4955,-1.5396,-0.41,6.882381439199392e-06,0.001757601356506322,0.001662922668457023,3.5224676132206145e-05,0.0021835712432860532,0.00023728966712949218,0.0009805819988250493,4.803817
