Timestamp,Real_J1,Real_J2,Real_J3,Real_J4,Real_J5,Real_J6,Sim_J1,Sim_J2,Sim_J3,Sim_J4,Sim_J5,Sim_J6,RMSE_per_joint,Avg_RMSE,TimeDelay_ms
2025-11-07 18:13:59,0.0,0.0,0.0,0.0,0.0,0.0,0.0,0.0,0.0,0.0,0.0,0.0,0.0,0.0,0.0,0.0,0.0,0.0,0.0,0.0
2025-11-07 18:13:59,0.0,0.0,0.0,0.0,0.0,0.0,0.0,0.0,0.0,0.0,0.0,0.0,0.0,0.0,0.0,0.0,0.0,0.0,0.0,0.0
2025-11-07 18:13:59,0.0,0.0,0.0,0.0,0.0,0.0,0.0,0.0,0.0,0.0,0.0,0.0,0.0,0.0,0.0,0.0,0.0,0.0,0.0,0.0
2025-11-07 18:13:59,0.0,0.0,0.0,0.0,0.0,0.0,0.0,0.0,0.0,0.0,0.0,0.0,0.0,0.0,0.0,0.0,0.0,0.0,0.0,0.0
2025-11-07 18:13:59,0.0,0.0,0.0,0.0,0.0,0.0,0.0,0.0,0.0,0.0,0.0,0.0,0.0,0.0,0.0,0.0,0.0,0.0,0.0,0.0
2025-11-07 18:14:00,1.085655689239502,0.7146835923194885,-2.260430097579956,-0.608670175075531,2.319244623184204,0.49389004707336426,1.0858,0.7194,-2.2596,-0.6087,2.3196,0.4939,0.00014431076049814529,0.004716407680511514,0.0008300975799562238,2.982492446901297e-05,0.0003553768157957826,9.952926635747872e-06,0.0010143284479777377,17.067889
2025-11-07 18:14:00,1.085655689239502,0.7146835923194885,-2.260430097579956,-0.608670175075531,2.319244623184204,0.49389004707336426,1.0858,0.7194,-2.2596,-0.6087,2.3196,0.4939,0.00014431076049814529,0.004716407680511514,0.0008300975799562238,2.982492446901297e-05,0.0003553768157957826,9.952926635747872e-06,0.0010143284479777377,28.096779
2025-11-07 18:14:00,1.085655689239502,0.7146835923194885,-2.260430097579956,-0.608670175075531,2.319244623184204,0.49389004707336426,1.0858,0.7194,-2.2596,-0.6087,2.3196,0.4939,0.00014431076049814529,0.004716407680511514,0.0008300975799562238,2.982492446901297e-05,0.0003553768157957826,9.952926635747872e-06,0.0010143284479777377,0.899182
2025-11-07 18:14:00,1.085655689239502,0.7146835923194885,-2.260430097579956,-0.608670175075531,2.319244623184204,0.49389004707336426,1.0858,0.7194,-2.2596,-0.6087,2.3196,0.4939,0.00014431076049814529,0.004716407680511514,0.0008300975799562238,2.982492446901297e-05,0.0003553768157957826,9.952926635747872e-06,0.0010143284479777377,0.723959
2025-11-07 18:14:00,1.085655689239502,0.7146835923194885,-2.260430097579956,-0.608670175075531,2.319244623184204,0.49389004707336426,1.0858,0.7194,-2.2596,-0.6087,2.3196,0.4939,0.00014431076049814529,0.004716407680511514,0.0008300975799562238,2.982492446901297e-05,0.0003553768157957826,9.952926635747872e-06,0.0010143284479777377,-9.865745
2025-11-07 18:14:00,1.085655689239502,0.7146835923194885,-2.260430097579956,-0.608670175075531,2.319244623184204,0.49389004707336426,1.0858,0.7194,-2.2596,-0.6087,2.3196,0.4939,0.00014431076049814529,0.004716407680511514,0.0008300975799562238,2.982492446901297e-05,0.0003553768157957826,9.952926635747872e-06,0.0010143284479777377,-10.389312
2025-11-07 18:14:00,1.085655689239502,0.7146835923194885,-2.260430097579956,-0.608670175075531,2.319244623184204,0.49389004707336426,1.0858,0.7194,-2.2596,-0.6087,2.3196,0.4939,0.00014431076049814529,0.004716407680511514,0.0008300975799562238,2.982492446901297e-05,0.0003553768157957826,9.952926635747872e-06,0.0010143284479777377,-13.735193
2025-11-07 18:14:01,1.085655689239502,0.7146835923194885,-2.260430097579956,-0.608670175075531,2.319244623184204,0.49389004707336426,1.0858,0.7194,-2.2596,-0.6087,2.3196,0.4939,0.00014431076049814529,0.004716407680511514,0.0008300975799562238,2.982492446901297e-05,0.0003553768157957826,9.952926635747872e-06,0.0010143284479777377,28.229411
2025-11-07 18:14:01,1.085655689239502,0.7146835923194885,-2.260430097579956,-0.608670175075531,2.319244623184204,0.49389004707336426,1.0858,0.7194,-2.2596,-0.6087,2.3196,0.4939,0.00014431076049814529,0.004716407680511514,0.0008300975799562238,2.982492446901297e-05,0.0003553768157957826,9.952926635747872e-06,0.0010143284479777377,32.753125
2025-11-07 18:14:01,1.085655689239502,0.7146835923194885,-2.260430097579956,-0.608670175075531,2.3192427158355713,0.49389004707336426,1.0858,0.7194,-2.2596,-0.6087,2.3196,0.4939,0.00014431076049814529,0.004716407680511514,0.0008300975799562238,2.982492446901297e-05,0.0003572841644285951,9.952926635747872e-06,0.00101464633941654,28.972096
2025-11-07 18:14:01,1.085655689239502,0.7146835923194885,-2.260430097579956,-0.608670175075531,2.3192427158355713,0.49389004707336426,1.0858,0.7194,-2.2596,-0.6087,2.3196,0.4939,0.00014431076049814529,0.004716407680511514,0.0008300975799562238,2.982492446901297e-05,0.0003572841644285951,9.952926635747872e-06,0.00101464633941654,26.47457
2025-11-07 18:14:01,1.085655689239502,0.7146835923194885,-2.260430097579956,-0.608670175075531,2.3192427158355713,0.49389004707336426,1.0858,0.7194,-2.2596,-0.6087,2.3196,0.4939,0.00014431076049814529,0.004716407680511514,0.0008300975799562238,2.982492446901297e-05,0.0003572841644285951,9.952926635747872e-06,0.00101464633941654,18.929905
2025-11-07 18:14:01,1.085655689239502,0.7146835923194885,-2.260430097579956,-0.608670175075531,2.3192427158355713,0.49389004707336426,1.0858,0.7194,-2.2596,-0.6087,2.3196,0.4939,0.00014431076049814529,0.004716407680511514,0.0008300975799562238,2.982492446901297e-05,0.0003572841644285951,9.952926635747872e-06,0.00101464633941654,11.799818
2025-11-07 18:14:01,1.085655689239502,0.7146835923194885,-2.260430097579956,-0.608670175075531,2.3192427158355713,0.49389004707336426,1.0858,0.7194,-2.2596,-0.6087,2.3196,0.4939,0.00014431076049814529,0.004716407680511514,0.0008300975799562238,2.982492446901297e-05,0.0003572841644285951,9.952926635747872e-06,0.00101464633941654,8.766722
2025-11-07 18:14:02,1.085655689239502,0.7146835923194885,-2.260430097579956,-0.608670175075531,2.3192427158355713,0.49389004707336426,1.0858,0.7194,-2.2596,-0.6087,2.3196,0.4939,0.00014431076049814529,0.004716407680511514,0.0008300975799562238,2.982492446901297e-05,0.0003572841644285951,9.952926635747872e-06,0.00101464633941654,3.189383
2025-11-07 18:14:02,1.085655689239502,0.7146835923194885,-2.260430097579956,-0.608670175075531,2.3192427158355713,0.49389004707336426,1.0858,0.7194,-2.2596,-0.6087,2.3196,0.4939,0.00014431076049814529,0.004716407680511514,0.0008300975799562238,2.982492446901297e-05,0.0003572841644285951,9.952926635747872e-06,0.00101464633941654,8.942768
2025-11-07 18:14:02,1.085655689239502,0.7146835923194885,-2.260430097579956,-0.608670175075531,2.3192427158355713,0.49389004707336426,1.0858,0.7194,-2.2596,-0.6087,2.3196,0.4939,0.00014431076049814529,0.004716407680511514,0.0008300975799562238,2.982492446901297e-05,0.0003572841644285951,9.952926635747872e-06,0.00101464633941654,-0.269994
2025-11-07 18:14:02,1.085655689239502,0.7146835923194885,-2.260430097579956,-0.608670175075531,2.3192427158355713,0.49389004707336426,1.0858,0.7194,-2.2596,-0.6087,2.3196,0.4939,0.00014431076049814529,0.004716407680511514,0.0008300975799562238,2.982492446901297e-05,0.0003572841644285951,9.952926635747872e-06,0.00101464633941654,-8.16667
2025-11-07 18:14:02,1.085655689239502,0.7146835923194885,-2.260430097579956,-0.608670175075531,2.3192427158355713,0.49389004707336426,1.0858,0.7194,-2.2596,-0.6087,2.3196,0.4939,0.00014431076049814529,0.004716407680511514,0.0008300975799562238,2.982492446901297e-05,0.0003572841644285951,9.952926635747872e-06,0.00101464633941654,-9.707143
2025-11-07 18:14:02,1.085655689239502,0.7146835923194885,-2.260430097579956,-0.608670175075531,2.3192427158355713,0.49389004707336426,1.0858,0.7194,-2.2596,-0.6087,2.3196,0.4939,0.00014431076049814529,0.004716407680511514,0.0008300975799562238,2.982492446901297e-05,0.0003572841644285951,9.952926635747872e-06,0.00101464633941654,7.989603
2025-11-07 18:14:02,1.085655689239502,0.7146835923194885,-2.260430097579956,-0.608670175075531,2.3192427158355713,0.49389004707336426,1.0858,0.7194,-2.2596,-0.6087,2.3196,0.4939,0.00014431076049814529,0.004716407680511514,0.0008300975799562238,2.982492446901297e-05,0.0003572841644285951,9.952926635747872e-06,0.00101464633941654,-18.778125
2025-11-07 18:14:03,1.085655689239502,0.7146835923194885,-2.260430097579956,-0.608670175075531,2.3192427158355713,0.49389004707336426,1.0858,0.7194,-2.2596,-0.6087,2.3196,0.4939,0.00014431076049814529,0.004716407680511514,0.0008300975799562238,2.982492446901297e-05,0.0003572841644285951,9.952926635747872e-06,0.00101464633941654,-10.051539
2025-11-07 18:14:03,1.085655689239502,0.7146835923194885,-2.260430097579956,-0.608670175075531,2.3192427158355713,0.49389004707336426,1.0858,0.7194,-2.2596,-0.6087,2.3196,0.4939,0.00014431076049814529,0.004716407680511514,0.0008300975799562238,2.982492446901297e-05,0.0003572841644285951,9.952926635747872e-06,0.00101464633941654,27.696276
2025-11-07 18:14:03,1.085655689239502,0.7146835923194885,-2.260430097579956,-0.608670175075531,2.3192427158355713,0.49389004707336426,1.0858,0.7194,-2.2596,-0.6087,2.3196,0.4939,0.00014431076049814529,0.004716407680511514,0.0008300975799562238,2.982492446901297e-05,0.0003572841644285951,9.952926635747872e-06,0.00101464633941654,27.322174
2025-11-07 18:14:03,1.085655689239502,0.7146835923194885,-2.260430097579956,-0.608670175075531,2.3192427158355713,0.49389004707336426,1.0858,0.7194,-2.2596,-0.6087,2.3196,0.4939,0.00014431076049814529,0.004716407680511514,0.0008300975799562238,2.982492446901297e-05,0.0003572841644285951,9.952926635747872e-06,0.00101464633941654,24.690863
2025-11-07 18:14:03,1.085655689239502,0.7146835923194885,-2.260430097579956,-0.608670175075531,2.3192427158355713,0.49389004707336426,1.0858,0.7194,-2.2596,-0.6087,2.3196,0.4939,0.00014431076049814529,0.004716407680511514,0.0008300975799562238,2.982492446901297e-05,0.0003572841644285951,9.952926635747872e-06,0.00101464633941654,22.937775
2025-11-07 18:14:03,1.085655689239502,0.7146835923194885,-2.260430097579956,-0.608670175075531,2.3192408084869385,0.49389004707336426,1.0858,0.7194,-2.2596,-0.6087,2.3196,0.4939,0.00014431076049814529,0.004716407680511514,0.0008300975799562238,2.982492446901297e-05,0.0003591915130614076,9.952926635747872e-06,0.001014964230855342,13.577263
2025-11-07 18:14:03,1.085655689239502,0.7146835923194885,-2.260430097579956,-0.608670175075531,2.3192408084869385,0.49389004707336426,1.0858,0.7194,-2.2596,-0.6087,2.3196,0.4939,0.00014431076049814529,0.004716407680511514,0.0008300975799562238,2.982492446901297e-05,0.0003591915130614076,9.952926635747872e-06,0.001014964230855342,17.663583
2025-11-07 18:14:04,1.085655689239502,0.7146835923194885,-2.260430097579956,-0.608670175075531,2.3192408084869385,0.49389004707336426,1.0858,0.7194,-2.2596,-0.6087,2.3196,0.4939,0.00014431076049814529,0.004716407680511514,0.0008300975799562238,2.982492446901297e-05,0.0003591915130614076,9.952926635747872e-06,0.001014964230855342,8.56573
2025-11-07 18:14:04,1.085655689239502,0.7146835923194885,-2.260430097579956,-0.608670175075531,2.3192408084869385,0.49389004707336426,1.0858,0.7194,-2.2596,-0.6087,2.3196,0.4939,0.00014431076049814529,0.004716407680511514,0.0008300975799562238,2.982492446901297e-05,0.0003591915130614076,9.952926635747872e-06,0.001014964230855342,-0.527675
2025-11-07 18:14:04,1.085655689239502,0.7146835923194885,-2.260430097579956,-0.608670175075531,2.3192408084869385,0.49389004707336426,1.0858,0.7194,-2.2596,-0.6087,2.3196,0.4939,0.00014431076049814529,0.004716407680511514,0.0008300975799562238,2.982492446901297e-05,0.0003591915130614076,9.952926635747872e-06,0.001014964230855342,-3.673214
2025-11-07 18:14:04,1.085655689239502,0.7146835923194885,-2.260430097579956,-0.608670175075531,2.3192408084869385,0.49389004707336426,1.0858,0.7194,-2.2596,-0.6087,2.3196,0.4939,0.00014431076049814529,0.004716407680511514,0.0008300975799562238,2.982492446901297e-05,0.0003591915130614076,9.952926635747872e-06,0.001014964230855342,-4.823264
2025-11-07 18:14:04,1.085655689239502,0.7146835923194885,-2.260430097579956,-0.608670175075531,2.3192408084869385,0.49389004707336426,1.0858,0.7194,-2.2596,-0.6087,2.3196,0.4939,0.00014431076049814529,0.004716407680511514,0.0008300975799562238,2.982492446901297e-05,0.0003591915130614076,9.952926635747872e-06,0.001014964230855342,-0.335829
2025-11-07 18:14:04,1.085655689239502,0.7146835923194885,-2.260430097579956,-0.608670175075531,2.3192408084869385,0.49389004707336426,1.0858,0.7194,-2.2596,-0.6087,2.3196,0.4939,0.00014431076049814529,0.004716407680511514,0.0008300975799562238,2.982492446901297e-05,0.0003591915130614076,9.952926635747872e-06,0.001014964230855342,-0.301684
2025-11-07 18:14:04,1.085655689239502,0.7146835923194885,-2.260430097579956,-0.608670175075531,2.3192408084869385,0.49389004707336426,1.0858,0.7194,-2.2596,-0.6087,2.3196,0.4939,0.00014431076049814529,0.004716407680511514,0.0008300975799562238,2.982492446901297e-05,0.0003591915130614076,9.952926635747872e-06,0.001014964230855342,-9.213654
2025-11-07 18:14:04,1.085655689239502,0.7146835923194885,-2.260430097579956,-0.608670175075531,2.3192408084869385,0.49389004707336426,1.0858,0.7194,-2.2596,-0.6087,2.3196,0.4939,0.00014431076049814529,0.004716407680511514,0.0008300975799562238,2.982492446901297e-05,0.0003591915130614076,9.952926635747872e-06,0.001014964230855342,30.997883
2025-11-07 18:14:05,1.085655689239502,0.7146835923194885,-2.260430097579956,-0.608670175075531,2.3192408084869385,0.49389004707336426,1.0858,0.7194,-2.2596,-0.6087,2.3196,0.4939,0.00014431076049814529,0.004716407680511514,0.0008300975799562238,2.982492446901297e-05,0.0003591915130614076,9.952926635747872e-06,0.001014964230855342,9.50545
2025-11-07 18:14:05,1.085655689239502,0.7146835923194885,-2.260430097579956,-0.608670175075531,2.3192408084869385,0.49389004707336426,1.0858,0.7194,-2.2596,-0.6087,2.3196,0.4939,0.00014431076049814529,0.004716407680511514,0.0008300975799562238,2.982492446901297e-05,0.0003591915130614076,9.952926635747872e-06,0.001014964230855342,7.943555
2025-11-07 18:14:05,1.085655689239502,0.7146835923194885,-2.260430097579956,-0.608670175075531,2.3192408084869385,0.49389004707336426,1.0858,0.7194,-2.2596,-0.6087,2.3196,0.4939,0.00014431076049814529,0.004716407680511514,0.0008300975799562238,2.982492446901297e-05,0.0003591915130614076,9.952926635747872e-06,0.001014964230855342,11.445714
2025-11-07 18:14:05,1.085655689239502,0.7146835923194885,-2.260430097579956,-0.608670175075531,2.3192408084869385,0.49389004707336426,1.0858,0.7194,-2.2596,-0.6087,2.3196,0.4939,0.00014431076049814529,0.004716407680511514,0.0008300975799562238,2.982492446901297e-05,0.0003591915130614076,9.952926635747872e-06,0.001014964230855342,10.650039
2025-11-07 18:14:05,1.085655689239502,0.7146835923194885,-2.260430097579956,-0.608670175075531,2.3192408084869385,0.49389004707336426,1.0858,0.7194,-2.2596,-0.6087,2.3196,0.4939,0.00014431076049814529,0.004716407680511514,0.0008300975799562238,2.982492446901297e-05,0.0003591915130614076,9.952926635747872e-06,0.001014964230855342,9.505199
2025-11-07 18:14:05,1.085655689239502,0.7146835923194885,-2.260430097579956,-0.608670175075531,2.3192408084869385,0.49389004707336426,1.0858,0.7194,-2.2596,-0.6087,2.3196,0.4939,0.00014431076049814529,0.004716407680511514,0.0008300975799562238,2.982492446901297e-05,0.0003591915130614076,9.952926635747872e-06,0.001014964230855342,10.867653
2025-11-07 18:14:05,1.085655689239502,0.7146835923194885,-2.260430097579956,-0.608670175075531,2.3192408084869385,0.49389004707336426,1.0858,0.7194,-2.2596,-0.6087,2.3196,0.4939,0.00014431076049814529,0.004716407680511514,0.0008300975799562238,2.982492446901297e-05,0.0003591915130614076,9.952926635747872e-06,0.001014964230855342,3.909845
2025-11-07 18:14:06,1.085655689239502,0.7146835923194885,-2.260430097579956,-0.608670175075531,2.3192408084869385,0.49389004707336426,1.0858,0.7194,-2.2596,-0.6087,2.3196,0.4939,0.00014431076049814529,0.004716407680511514,0.0008300975799562238,2.982492446901297e-05,0.0003591915130614076,9.952926635747872e-06,0.001014964230855342,2.044232
2025-11-07 18:14:06,1.085655689239502,0.7146835923194885,-2.260430097579956,-0.608670175075531,2.3192408084869385,0.49389004707336426,1.0858,0.7194,-2.2596,-0.6087,2.3196,0.4939,0.00014431076049814529,0.004716407680511514,0.0008300975799562238,2.982492446901297e-05,0.0003591915130614076,9.952926635747872e-06,0.001014964230855342,-1.187401
2025-11-07 18:14:06,1.085655689239502,0.7146835923194885,-2.260430097579956,-0.608670175075531,2.3192408084869385,0.49389004707336426,1.0858,0.7194,-2.2596,-0.6087,2.3196,0.4939,0.00014431076049814529,0.004716407680511514,0.0008300975799562238,2.982492446901297e-05,0.0003591915130614076,9.952926635747872e-06,0.001014964230855342,-0.177939
2025-11-07 18:14:06,1.085655689239502,0.7146835923194885,-2.260430097579956,-0.608670175075531,2.3192408084869385,0.49389004707336426,1.0858,0.7194,-2.2596,-0.6087,2.3196,0.4939,0.00014431076049814529,0.004716407680511514,0.0008300975799562238,2.982492446901297e-05,0.0003591915130614076,9.952926635747872e-06,0.001014964230855342,-9.063829
2025-11-07 18:14:06,1.085655689239502,0.7146835923194885,-2.260430097579956,-0.608670175075531,2.3192408084869385,0.49389195442199707,1.0858,0.7194,-2.2596,-0.6087,2.3196,0.4939,0.00014431076049814529,0.004716407680511514,0.0008300975799562238,2.982492446901297e-05,0.0003591915130614076,8.045578002935372e-06,0.00101464633941654,31.713786
2025-11-07 18:14:06,1.085655689239502,0.7146835923194885,-2.260430097579956,-0.608670175075531,2.3192408084869385,0.49389195442199707,1.0858,0.7194,-2.2596,-0.6087,2.3196,0.4939,0.00014431076049814529,0.004716407680511514,0.0008300975799562238,2.982492446901297e-05,0.0003591915130614076,8.045578002935372e-06,0.00101464633941654,31.856418
2025-11-07 18:14:06,1.085655689239502,0.7146835923194885,-2.260430097579956,-0.608670175075531,2.3192408084869385,0.49389195442199707,1.0858,0.7194,-2.2596,-0.6087,2.3196,0.4939,0.00014431076049814529,0.004716407680511514,0.0008300975799562238,2.982492446901297e-05,0.0003591915130614076,8.045578002935372e-06,0.00101464633941654,31.229494
2025-11-07 18:14:07,1.085655689239502,0.7146835923194885,-2.260430097579956,-0.608670175075531,2.3192408084869385,0.49389195442199707,1.0858,0.7194,-2.2596,-0.6087,2.3196,0.4939,0.00014431076049814529,0.004716407680511514,0.0008300975799562238,2.982492446901297e-05,0.0003591915130614076,8.045578002935372e-06,0.00101464633941654,-7.870095
2025-11-07 18:14:07,1.085655689239502,0.7146835923194885,-2.260430097579956,-0.608670175075531,2.3192408084869385,0.49389195442199707,1.0858,0.7194,-2.2596,-0.6087,2.3196,0.4939,0.00014431076049814529,0.004716407680511514,0.0008300975799562238,2.982492446901297e-05,0.0003591915130614076,8.045578002935372e-06,0.00101464633941654,5.686979
2025-11-07 18:14:07,1.085655689239502,0.7146835923194885,-2.260430097579956,-0.608670175075531,2.3192408084869385,0.49389195442199707,1.0858,0.7194,-2.2596,-0.6087,2.3196,0.4939,0.00014431076049814529,0.004716407680511514,0.0008300975799562238,2.982492446901297e-05,0.0003591915130614076,8.045578002935372e-06,0.00101464633941654,32.652082
2025-11-07 18:14:07,1.085655689239502,0.7146835923194885,-2.260430097579956,-0.608670175075531,2.3192408084869385,0.49389195442199707,1.0858,0.7194,-2.2596,-0.6087,2.3196,0.4939,0.00014431076049814529,0.004716407680511514,0.0008300975799562238,2.982492446901297e-05,0.0003591915130614076,8.045578002935372e-06,0.00101464633941654,30.688865
2025-11-07 18:14:07,1.0856537818908691,0.7146835923194885,-2.260430097579956,-0.608670175075531,2.3192408084869385,0.49389195442199707,1.0858,0.7194,-2.2596,-0.6087,2.3196,0.4939,0.00014621810913095779,0.004716407680511514,0.0008300975799562238,2.982492446901297e-05,0.0003591915130614076,8.045578002935372e-06,0.001014964230855342,20.242203
2025-11-07 18:14:07,1.0856537818908691,0.7146835923194885,-2.260430097579956,-0.608670175075531,2.3192408084869385,0.49389195442199707,1.0858,0.7194,-2.2596,-0.6087,2.3196,0.4939,0.00014621810913095779,0.004716407680511514,0.0008300975799562238,2.982492446901297e-05,0.0003591915130614076,8.045578002935372e-06,0.001014964230855342,19.277175
2025-11-07 18:14:08,1.0856537818908691,0.7146835923194885,-2.260430097579956,-0.608670175075531,2.3192408084869385,0.49389195442199707,1.0858,0.7194,-2.2596,-0.6087,2.3196,0.4939,0.00014621810913095779,0.004716407680511514,0.0008300975799562238,2.982492446901297e-05,0.0003591915130614076,8.045578002935372e-06,0.001014964230855342,17.41538
2025-11-07 18:14:08,1.0856518745422363,0.7146835923194885,-2.260430097579956,-0.608670175075531,2.3192408084869385,0.49389195442199707,1.0858,0.7194,-2.2596,-0.6087,2.3196,0.4939,0.00014812545776377029,0.004716407680511514,0.0008300975799562238,2.982492446901297e-05,0.0003591915130614076,8.045578002935372e-06,0.001015282122294144,15.875899
2025-11-07 18:14:08,1.0856518745422363,0.7146835923194885,-2.260430097579956,-0.608670175075531,2.3192408084869385,0.49389195442199707,1.0858,0.7194,-2.2596,-0.6087,2.3196,0.4939,0.00014812545776377029,0.004716407680511514,0.0008300975799562238,2.982492446901297e-05,0.0003591915130614076,8.045578002935372e-06,0.001015282122294144,13.333909
2025-11-07 18:14:08,1.0856518745422363,0.7146835923194885,-2.260430097579956,-0.608670175075531,2.3192408084869385,0.49389195442199707,1.0858,0.7194,-2.2596,-0.6087,2.3196,0.4939,0.00014812545776377029,0.004716407680511514,0.0008300975799562238,2.982492446901297e-05,0.0003591915130614076,8.045578002935372e-06,0.001015282122294144,10.369054
2025-11-07 18:14:08,1.0856518745422363,0.7146835923194885,-2.260430097579956,-0.608670175075531,2.3192408084869385,0.49389195442199707,1.0858,0.7194,-2.2596,-0.6087,2.3196,0.4939,0.00014812545776377029,0.004716407680511514,0.0008300975799562238,2.982492446901297e-05,0.0003591915130614076,8.045578002935372e-06,0.001015282122294144,5.878783
2025-11-07 18:14:08,1.0856518745422363,0.7146835923194885,-2.260430097579956,-0.608670175075531,2.3192408084869385,0.49389195442199707,1.0858,0.7194,-2.2596,-0.6087,2.3196,0.4939,0.00014812545776377029,0.004716407680511514,0.0008300975799562238,2.982492446901297e-05,0.0003591915130614076,8.045578002935372e-06,0.001015282122294144,-5.100191
2025-11-07 18:14:08,1.0856518745422363,0.7146835923194885,-2.260430097579956,-0.608670175075531,2.3192408084869385,0.49389195442199707,1.0858,0.7194,-2.2596,-0.6087,2.3196,0.4939,0.00014812545776377029,0.004716407680511514,0.0008300975799562238,2.982492446901297e-05,0.0003591915130614076,8.045578002935372e-06,0.001015282122294144,-7.045655
2025-11-07 18:14:08,1.0856518745422363,0.7146835923194885,-2.260430097579956,-0.608670175075531,2.3192408084869385,0.49389195442199707,1.0858,0.7194,-2.2596,-0.6087,2.3196,0.4939,0.00014812545776377029,0.004716407680511514,0.0008300975799562238,2.982492446901297e-05,0.0003591915130614076,8.045578002935372e-06,0.001015282122294144,32.18839
2025-11-07 18:14:09,1.0856518745422363,0.7146835923194885,-2.260430097579956,-0.608670175075531,2.3192408084869385,0.49389195442199707,1.0858,0.7194,-2.2596,-0.6087,2.3196,0.4939,0.00014812545776377029,0.004716407680511514,0.0008300975799562238,2.982492446901297e-05,0.0003591915130614076,8.045578002935372e-06,0.001015282122294144,30.914113
2025-11-07 18:14:09,1.0856518745422363,0.7146835923194885,-2.260430097579956,-0.608670175075531,2.3192408084869385,0.49389195442199707,1.0858,0.7194,-2.2596,-0.6087,2.3196,0.4939,0.00014812545776377029,0.004716407680511514,0.0008300975799562238,2.982492446901297e-05,0.0003591915130614076,8.045578002935372e-06,0.001015282122294144,29.175322
2025-11-07 18:14:09,1.0856518745422363,0.7146835923194885,-2.260430097579956,-0.608670175075531,2.3192408084869385,0.49389195442199707,1.0858,0.7194,-2.2596,-0.6087,2.3196,0.4939,0.00014812545776377029,0.004716407680511514,0.0008300975799562238,2.982492446901297e-05,0.0003591915130614076,8.045578002935372e-06,0.001015282122294144,-20.255658
2025-11-07 18:14:09,1.0856518745422363,0.7146835923194885,-2.260430097579956,-0.608670175075531,2.3192408084869385,0.49389195442199707,1.0858,0.7194,-2.2596,-0.6087,2.3196,0.4939,0.00014812545776377029,0.004716407680511514,0.0008300975799562238,2.982492446901297e-05,0.0003591915130614076,8.045578002935372e-06,0.001015282122294144,-7.881707
2025-11-07 18:14:09,1.0856518745422363,0.7146835923194885,-2.260430097579956,-0.608670175075531,2.3192408084869385,0.49389195442199707,1.0858,0.7194,-2.2596,-0.6087,2.3196,0.4939,0.00014812545776377029,0.004716407680511514,0.0008300975799562238,2.982492446901297e-05,0.0003591915130614076,8.045578002935372e-06,0.001015282122294144,32.063632
2025-11-07 18:14:10,1.0856518745422363,0.7146835923194885,-2.260430097579956,-0.608670175075531,2.3192408084869385,0.49389195442199707,1.0858,0.7194,-2.2596,-0.6087,2.3196,0.4939,0.00014812545776377029,0.004716407680511514,0.0008300975799562238,2.982492446901297e-05,0.0003591915130614076,8.045578002935372e-06,0.001015282122294144,3.358705
2025-11-07 18:14:10,1.0856518745422363,0.7146835923194885,-2.260430097579956,-0.608670175075531,2.3192408084869385,0.49389195442199707,1.0858,0.7194,-2.2596,-0.6087,2.3196,0.4939,0.00014812545776377029,0.004716407680511514,0.0008300975799562238,2.982492446901297e-05,0.0003591915130614076,8.045578002935372e-06,0.001015282122294144,35.865891
2025-11-07 18:14:10,1.0856518745422363,0.7146835923194885,-2.260430097579956,-0.608670175075531,2.3192408084869385,0.49389195442199707,1.0858,0.7194,-2.2596,-0.6087,2.3196,0.4939,0.00014812545776377029,0.004716407680511514,0.0008300975799562238,2.982492446901297e-05,0.0003591915130614076,8.045578002935372e-06,0.001015282122294144,35.059566
2025-11-07 18:14:10,1.0856518745422363,0.7146835923194885,-2.260430097579956,-0.608670175075531,2.3192408084869385,0.49389195442199707,1.0858,0.7194,-2.2596,-0.6087,2.3196,0.4939,0.00014812545776377029,0.004716407680511514,0.0008300975799562238,2.982492446901297e-05,0.0003591915130614076,8.045578002935372e-06,0.001015282122294144,-2.596003
2025-11-07 18:14:10,1.0856518745422363,0.7146835923194885,-2.260430097579956,-0.608670175075531,2.3192408084869385,0.49389195442199707,1.0858,0.7194,-2.2596,-0.6087,2.3196,0.4939,0.00014812545776377029,0.004716407680511514,0.0008300975799562238,2.982492446901297e-05,0.0003591915130614076,8.045578002935372e-06,0.001015282122294144,25.148976
2025-11-07 18:14:10,1.0856518745422363,0.7146835923194885,-2.260430097579956,-0.608670175075531,2.3192408084869385,0.49389195442199707,1.0858,0.7194,-2.2596,-0.6087,2.3196,0.4939,0.00014812545776377029,0.004716407680511514,0.0008300975799562238,2.982492446901297e-05,0.0003591915130614076,8.045578002935372e-06,0.001015282122294144,23.571051
2025-11-07 18:14:10,1.0856518745422363,0.7146835923194885,-2.260430097579956,-0.608670175075531,2.3192408084869385,0.49389195442199707,1.0858,0.7194,-2.2596,-0.6087,2.3196,0.4939,0.00014812545776377029,0.004716407680511514,0.0008300975799562238,2.982492446901297e-05,0.0003591915130614076,8.045578002935372e-06,0.001015282122294144,27.362951
2025-11-07 18:14:11,1.0856518745422363,0.7146835923194885,-2.260430097579956,-0.608670175075531,2.3192408084869385,0.49389195442199707,1.0858,0.7194,-2.2596,-0.6087,2.3196,0.4939,0.00014812545776377029,0.004716407680511514,0.0008300975799562238,2.982492446901297e-05,0.0003591915130614076,8.045578002935372e-06,0.001015282122294144,21.3328
2025-11-07 18:14:11,1.0856518745422363,0.7146835923194885,-2.260430097579956,-0.608670175075531,2.3192408084869385,0.49389195442199707,1.0858,0.7194,-2.2596,-0.6087,2.3196,0.4939,0.00014812545776377029,0.004716407680511514,0.0008300975799562238,2.982492446901297e-05,0.0003591915130614076,8.045578002935372e-06,0.001015282122294144,12.339636
2025-11-07 18:14:11,1.0856518745422363,0.7146835923194885,-2.260430097579956,-0.608670175075531,2.3192408084869385,0.49389195442199707,1.0858,0.7194,-2.2596,-0.6087,2.3196,0.4939,0.00014812545776377029,0.004716407680511514,0.0008300975799562238,2.982492446901297e-05,0.0003591915130614076,8.045578002935372e-06,0.001015282122294144,3.825464
2025-11-07 18:14:11,1.0856518745422363,0.7146835923194885,-2.260430097579956,-0.608670175075531,2.3192408084869385,0.49389195442199707,1.0858,0.7194,-2.2596,-0.6087,2.3196,0.4939,0.00014812545776377029,0.004716407680511514,0.0008300975799562238,2.982492446901297e-05,0.0003591915130614076,8.045578002935372e-06,0.001015282122294144,2.370544
2025-11-07 18:14:11,1.0856518745422363,0.7146835923194885,-2.260430097579956,-0.608670175075531,2.3192408084869385,0.49389195442199707,1.0858,0.7194,-2.2596,-0.6087,2.3196,0.4939,0.00014812545776377029,0.004716407680511514,0.0008300975799562238,2.982492446901297e-05,0.0003591915130614076,8.045578002935372e-06,0.001015282122294144,-6.559119
2025-11-07 18:14:11,1.0856518745422363,0.7146835923194885,-2.260430097579956,-0.608670175075531,2.3192408084869385,0.49389195442199707,1.0858,0.7194,-2.2596,-0.6087,2.3196,0.4939,0.00014812545776377029,0.004716407680511514,0.0008300975799562238,2.982492446901297e-05,0.0003591915130614076,8.045578002935372e-06,0.001015282122294144,31.737
2025-11-07 18:14:11,1.0856518745422363,0.7146835923194885,-2.260430097579956,-0.608670175075531,2.3192408084869385,0.49389195442199707,1.0858,0.7194,-2.2596,-0.6087,2.3196,0.4939,0.00014812545776377029,0.004716407680511514,0.0008300975799562238,2.982492446901297e-05,0.0003591915130614076,8.045578002935372e-06,0.001015282122294144,31.350514
2025-11-07 18:14:11,1.0856518745422363,0.7146835923194885,-2.260430097579956,-0.608670175075531,2.3192408084869385,0.49389195442199707,1.0858,0.7194,-2.2596,-0.6087,2.3196,0.4939,0.00014812545776377029,0.004716407680511514,0.0008300975799562238,2.982492446901297e-05,0.0003591915130614076,8.045578002935372e-06,0.001015282122294144,-20.652484
2025-11-07 18:14:12,1.0856518745422363,0.7146835923194885,-2.260430097579956,-0.608670175075531,2.3192408084869385,0.49389195442199707,1.0858,0.7194,-2.2596,-0.6087,2.3196,0.4939,0.00014812545776377029,0.004716407680511514,0.0008300975799562238,2.982492446901297e-05,0.0003591915130614076,8.045578002935372e-06,0.001015282122294144,3.762123
2025-11-07 18:14:12,1.0856518745422363,0.7146835923194885,-2.260430097579956,-0.608670175075531,2.3192408084869385,0.49389195442199707,1.0858,0.7194,-2.2596,-0.6087,2.3196,0.4939,0.00014812545776377029,0.004716407680511514,0.0008300975799562238,2.982492446901297e-05,0.0003591915130614076,8.045578002935372e-06,0.001015282122294144,12.191353
2025-11-07 18:14:12,1.0856518745422363,0.7146835923194885,-2.260430097579956,-0.608670175075531,2.3192408084869385,0.49389195442199707,1.0858,0.7194,-2.2596,-0.6087,2.3196,0.4939,0.00014812545776377029,0.004716407680511514,0.0008300975799562238,2.982492446901297e-05,0.0003591915130614076,8.045578002935372e-06,0.001015282122294144,26.648331
2025-11-07 18:14:12,1.0856518745422363,0.7146835923194885,-2.260430097579956,-0.608670175075531,2.3192408084869385,0.49389195442199707,1.0858,0.7194,-2.2596,-0.6087,2.3196,0.4939,0.00014812545776377029,0.004716407680511514,0.0008300975799562238,2.982492446901297e-05,0.0003591915130614076,8.045578002935372e-06,0.001015282122294144,16.351405
2025-11-07 18:14:12,1.0856518745422363,0.7146835923194885,-2.260430097579956,-0.608670175075531,2.3192408084869385,0.49389195442199707,1.0858,0.7194,-2.2596,-0.6087,2.3196,0.4939,0.00014812545776377029,0.004716407680511514,0.0008300975799562238,2.982492446901297e-05,0.0003591915130614076,8.045578002935372e-06,0.001015282122294144,4.455855
2025-11-07 18:14:12,1.0856518745422363,0.7146835923194885,-2.260430097579956,-0.608670175075531,2.3192408084869385,0.49389195442199707,1.0858,0.7194,-2.2596,-0.6087,2.3196,0.4939,0.00014812545776377029,0.004716407680511514,0.0008300975799562238,2.982492446901297e-05,0.0003591915130614076,8.045578002935372e-06,0.001015282122294144,3.253325
2025-11-07 18:14:12,1.0856518745422363,0.7146835923194885,-2.260430097579956,-0.608670175075531,2.3192408084869385,0.49389195442199707,1.0858,0.7194,-2.2596,-0.6087,2.3196,0.4939,0.00014812545776377029,0.004716407680511514,0.0008300975799562238,2.982492446901297e-05,0.0003591915130614076,8.045578002935372e-06,0.001015282122294144,1.3182
2025-11-07 18:14:13,1.0856518745422363,0.7146835923194885,-2.260430097579956,-0.608670175075531,2.3192408084869385,0.49389195442199707,1.0858,0.7194,-2.2596,-0.6087,2.3196,0.4939,0.00014812545776377029,0.004716407680511514,0.0008300975799562238,2.982492446901297e-05,0.0003591915130614076,8.045578002935372e-06,0.001015282122294144,4.409055
2025-11-07 18:14:13,1.0856518745422363,0.7146835923194885,-2.260430097579956,-0.608670175075531,2.3192408084869385,0.49389195442199707,1.0858,0.7194,-2.2596,-0.6087,2.3196,0.4939,0.00014812545776377029,0.004716407680511514,0.0008300975799562238,2.982492446901297e-05,0.0003591915130614076,8.045578002935372e-06,0.001015282122294144,-0.249846
2025-11-07 18:14:13,1.0856518745422363,0.7146835923194885,-2.260430097579956,-0.6086682081222534,2.3192408084869385,0.49389195442199707,1.0858,0.7194,-2.2596,-0.6087,2.3196,0.4939,0.00014812545776377029,0.004716407680511514,0.0008300975799562238,3.179187774660086e-05,0.0003591915130614076,8.045578002935372e-06,0.0010156099478404086,5.421584
2025-11-07 18:14:13,1.0856518745422363,0.7146835923194885,-2.260430097579956,-0.6086682081222534,2.3192408084869385,0.49389195442199707,1.0858,0.7194,-2.2596,-0.6087,2.3196,0.4939,0.00014812545776377029,0.004716407680511514,0.0008300975799562238,3.179187774660086e-05,0.0003591915130614076,8.045578002935372e-06,0.0010156099478404086,8.709193
2025-11-07 18:14:13,1.0856518745422363,0.7146835923194885,-2.260430097579956,-0.6086682081222534,2.3192408084869385,0.49389195442199707,1.0858,0.7194,-2.2596,-0.6087,2.3196,0.4939,0.00014812545776377029,0.004716407680511514,0.0008300975799562238,3.179187774660086e-05,0.0003591915130614076,8.045578002935372e-06,0.0010156099478404086,-20.426874
2025-11-07 18:14:13,1.0856518745422363,0.7146835923194885,-2.260430097579956,-0.6086663007736206,2.3192408084869385,0.49389195442199707,1.0858,0.7194,-2.2596,-0.6087,2.3196,0.4939,0.00014812545776377029,0.004716407680511514,0.0008300975799562238,3.369922637941336e-05,0.0003591915130614076,8.045578002935372e-06,0.0010159278392792108,4.080018
2025-11-07 18:14:13,1.0856518745422363,0.7146835923194885,-2.260430097579956,-0.6086663007736206,2.3192408084869385,0.49389195442199707,1.0858,0.7194,-2.2596,-0.6087,2.3196,0.4939,0.00014812545776377029,0.004716407680511514,0.0008300975799562238,3.369922637941336e-05,0.0003591915130614076,8.045578002935372e-06,0.0010159278392792108,-0.450899
2025-11-07 18:14:14,1.0856518745422363,0.7146835923194885,-2.260430097579956,-0.6086663007736206,2.3192408084869385,0.49389195442199707,1.0858,0.7194,-2.2596,-0.6087,2.3196,0.4939,0.00014812545776377029,0.004716407680511514,0.0008300975799562238,3.369922637941336e-05,0.0003591915130614076,8.045578002935372e-06,0.0010159278392792108,6.741857
2025-11-07 18:14:14,1.0856518745422363,0.7146835923194885,-2.260430097579956,-0.6086663007736206,2.3192408084869385,0.49389195442199707,1.0858,0.7194,-2.2596,-0.6087,2.3196,0.4939,0.00014812545776377029,0.004716407680511514,0.0008300975799562238,3.369922637941336e-05,0.0003591915130614076,8.045578002935372e-06,0.0010159278392792108,5.374012
2025-11-07 18:14:14,1.0856518745422363,0.7146835923194885,-2.260430097579956,-0.6086663007736206,2.3192408084869385,0.49389195442199707,1.0858,0.7194,-2.2596,-0.6087,2.3196,0.4939,0.00014812545776377029,0.004716407680511514,0.0008300975799562238,3.369922637941336e-05,0.0003591915130614076,8.045578002935372e-06,0.0010159278392792108,1.944553
2025-11-07 18:14:14,1.0856518745422363,0.7146835923194885,-2.260430097579956,-0.6086663007736206,2.3192408084869385,0.49389195442199707,1.0858,0.7194,-2.2596,-0.6087,2.3196,0.4939,0.00014812545776377029,0.004716407680511514,0.0008300975799562238,3.369922637941336e-05,0.0003591915130614076,8.045578002935372e-06,0.0010159278392792108,8.128287
2025-11-07 18:14:14,1.0856518745422363,0.7146835923194885,-2.260430097579956,-0.6086663007736206,2.3192408084869385,0.49389195442199707,1.0858,0.7194,-2.2596,-0.6087,2.3196,0.4939,0.00014812545776377029,0.004716407680511514,0.0008300975799562238,3.369922637941336e-05,0.0003591915130614076,8.045578002935372e-06,0.0010159278392792108,31.379439
2025-11-07 18:14:14,1.0856518745422363,0.7146835923194885,-2.260430097579956,-0.6086663007736206,2.3192408084869385,0.49389195442199707,1.0858,0.7194,-2.2596,-0.6087,2.3196,0.4939,0.00014812545776377029,0.004716407680511514,0.0008300975799562238,3.369922637941336e-05,0.0003591915130614076,8.045578002935372e-06,0.0010159278392792108,30.197689
2025-11-07 18:14:14,1.0856518745422363,0.7146835923194885,-2.260430097579956,-0.6086663007736206,2.3192408084869385,0.49389195442199707,1.0858,0.7194,-2.2596,-0.6087,2.3196,0.4939,0.00014812545776377029,0.004716407680511514,0.0008300975799562238,3.369922637941336e-05,0.0003591915130614076,8.045578002935372e-06,0.0010159278392792108,20.295514
2025-11-07 18:14:15,1.0856518745422363,0.7146835923194885,-2.260430097579956,-0.6086663007736206,2.3192408084869385,0.49389195442199707,1.0858,0.7194,-2.2596,-0.6087,2.3196,0.4939,0.00014812545776377029,0.004716407680511514,0.0008300975799562238,3.369922637941336e-05,0.0003591915130614076,8.045578002935372e-06,0.0010159278392792108,10.869226
2025-11-07 18:14:15,1.0856518745422363,0.7146835923194885,-2.260430097579956,-0.6086663007736206,2.3192408084869385,0.49389195442199707,1.0858,0.7194,-2.2596,-0.6087,2.3196,0.4939,0.00014812545776377029,0.004716407680511514,0.0008300975799562238,3.369922637941336e-05,0.0003591915130614076,8.045578002935372e-06,0.0010159278392792108,14.280501
2025-11-07 18:14:15,1.0856518745422363,0.7146835923194885,-2.260430097579956,-0.6086663007736206,2.3192408084869385,0.49389195442199707,1.0858,0.7194,-2.2596,-0.6087,2.3196,0.4939,0.00014812545776377029,0.004716407680511514,0.0008300975799562238,3.369922637941336e-05,0.0003591915130614076,8.045578002935372e-06,0.0010159278392792108,10.101113
2025-11-07 18:14:15,1.0856518745422363,0.7146835923194885,-2.260430097579956,-0.6086663007736206,2.3192408084869385,0.49389195442199707,1.0858,0.7194,-2.2596,-0.6087,2.3196,0.4939,0.00014812545776377029,0.004716407680511514,0.0008300975799562238,3.369922637941336e-05,0.0003591915130614076,8.045578002935372e-06,0.0010159278392792108,6.480259
2025-11-07 18:14:15,1.0856518745422363,0.7146835923194885,-2.260430097579956,-0.6086663007736206,2.3192408084869385,0.49389195442199707,1.0858,0.7194,-2.2596,-0.6087,2.3196,0.4939,0.00014812545776377029,0.004716407680511514,0.0008300975799562238,3.369922637941336e-05,0.0003591915130614076,8.045578002935372e-06,0.0010159278392792108,13.787542
2025-11-07 18:14:15,1.0856518745422363,0.7146835923194885,-2.260430097579956,-0.6086663007736206,2.3192408084869385,0.49389195442199707,1.0858,0.7194,-2.2596,-0.6087,2.3196,0.4939,0.00014812545776377029,0.004716407680511514,0.0008300975799562238,3.369922637941336e-05,0.0003591915130614076,8.045578002935372e-06,0.0010159278392792108,11.113751
2025-11-07 18:14:15,1.0856518745422363,0.7146835923194885,-2.260430097579956,-0.6086663007736206,2.3192408084869385,0.49389195442199707,1.0858,0.7194,-2.2596,-0.6087,2.3196,0.4939,0.00014812545776377029,0.004716407680511514,0.0008300975799562238,3.369922637941336e-05,0.0003591915130614076,8.045578002935372e-06,0.0010159278392792108,4.200658
2025-11-07 18:14:16,1.0856518745422363,0.7146835923194885,-2.260430097579956,-0.6086663007736206,2.3192408084869385,0.49389195442199707,1.0858,0.7194,-2.2596,-0.6087,2.3196,0.4939,0.00014812545776377029,0.004716407680511514,0.0008300975799562238,3.369922637941336e-05,0.0003591915130614076,8.045578002935372e-06,0.0010159278392792108,8.101185
2025-11-07 18:14:16,1.0856518745422363,0.7146835923194885,-2.260430097579956,-0.6086663007736206,2.3192408084869385,0.49389195442199707,1.0858,0.7194,-2.2596,-0.6087,2.3196,0.4939,0.00014812545776377029,0.004716407680511514,0.0008300975799562238,3.369922637941336e-05,0.0003591915130614076,8.045578002935372e-06,0.0010159278392792108,3.42462
2025-11-07 18:14:16,1.0856518745422363,0.7146835923194885,-2.260430097579956,-0.6086663007736206,2.3192408084869385,0.49389195442199707,1.0858,0.7194,-2.2596,-0.6087,2.3196,0.4939,0.00014812545776377029,0.004716407680511514,0.0008300975799562238,3.369922637941336e-05,0.0003591915130614076,8.045578002935372e-06,0.0010159278392792108,8.929923
2025-11-07 18:14:16,1.0856518745422363,0.7146835923194885,-2.260430097579956,-0.6086663007736206,2.3192408084869385,0.49389195442199707,1.0858,0.7194,-2.2596,-0.6087,2.3196,0.4939,0.00014812545776377029,0.004716407680511514,0.0008300975799562238,3.369922637941336e-05,0.0003591915130614076,8.045578002935372e-06,0.0010159278392792108,2.506112
2025-11-07 18:14:16,1.0856518745422363,0.7146835923194885,-2.260430097579956,-0.6086663007736206,2.3192408084869385,0.49389195442199707,1.0858,0.7194,-2.2596,-0.6087,2.3196,0.4939,0.00014812545776377029,0.004716407680511514,0.0008300975799562238,3.369922637941336e-05,0.0003591915130614076,8.045578002935372e-06,0.0010159278392792108,-0.333405
2025-11-07 18:14:16,1.0856518745422363,0.7146835923194885,-2.260430097579956,-0.6086663007736206,2.3192408084869385,0.49389195442199707,1.0858,0.7194,-2.2596,-0.6087,2.3196,0.4939,0.00014812545776377029,0.004716407680511514,0.0008300975799562238,3.369922637941336e-05,0.0003591915130614076,8.045578002935372e-06,0.0010159278392792108,-12.235808
2025-11-07 18:14:16,1.0856518745422363,0.7146835923194885,-2.260430097579956,-0.6086663007736206,2.3192408084869385,0.49389195442199707,1.0858,0.7194,-2.2596,-0.6087,2.3196,0.4939,0.00014812545776377029,0.004716407680511514,0.0008300975799562238,3.369922637941336e-05,0.0003591915130614076,8.045578002935372e-06,0.0010159278392792108,6.318181
2025-11-07 18:14:17,1.0856518745422363,0.7146835923194885,-2.260430097579956,-0.6086663007736206,2.3192408084869385,0.49389195442199707,1.0858,0.7194,-2.2596,-0.6087,2.3196,0.4939,0.00014812545776377029,0.004716407680511514,0.0008300975799562238,3.369922637941336e-05,0.0003591915130614076,8.045578002935372e-06,0.0010159278392792108,-5.29351
2025-11-07 18:14:17,1.0856518745422363,0.7146835923194885,-2.260430097579956,-0.6086663007736206,2.3192408084869385,0.49389195442199707,1.0858,0.7194,-2.2596,-0.6087,2.3196,0.4939,0.00014812545776377029,0.004716407680511514,0.0008300975799562238,3.369922637941336e-05,0.0003591915130614076,8.045578002935372e-06,0.0010159278392792108,-10.661079
2025-11-07 18:14:17,1.0856518745422363,0.7146835923194885,-2.260430097579956,-0.6086663007736206,2.3192408084869385,0.49389195442199707,1.0858,0.7194,-2.2596,-0.6087,2.3196,0.4939,0.00014812545776377029,0.004716407680511514,0.0008300975799562238,3.369922637941336e-05,0.0003591915130614076,8.045578002935372e-06,0.0010159278392792108,29.04294
2025-11-07 18:14:17,1.0856518745422363,0.7146835923194885,-2.260430097579956,-0.6086663007736206,2.3192408084869385,0.49389195442199707,1.0858,0.7194,-2.2596,-0.6087,2.3196,0.4939,0.00014812545776377029,0.004716407680511514,0.0008300975799562238,3.369922637941336e-05,0.0003591915130614076,8.045578002935372e-06,0.0010159278392792108,33.221376
2025-11-07 18:14:17,1.0856518745422363,0.7146835923194885,-2.260430097579956,-0.6086663007736206,2.3192408084869385,0.49389195442199707,1.0858,0.7194,-2.2596,-0.6087,2.3196,0.4939,0.00014812545776377029,0.004716407680511514,0.0008300975799562238,3.369922637941336e-05,0.0003591915130614076,8.045578002935372e-06,0.0010159278392792108,11.350172
2025-11-07 18:14:17,1.0856518745422363,0.7146835923194885,-2.260430097579956,-0.6086663007736206,2.3192408084869385,0.49389195442199707,1.0858,0.7194,-2.2596,-0.6087,2.3196,0.4939,0.00014812545776377029,0.004716407680511514,0.0008300975799562238,3.369922637941336e-05,0.0003591915130614076,8.045578002935372e-06,0.0010159278392792108,-9.703667
2025-11-07 18:14:17,1.0856518745422363,0.7146835923194885,-2.260430097579956,-0.6086663007736206,2.3192408084869385,0.49389195442199707,1.0858,0.7194,-2.2596,-0.6087,2.3196,0.4939,0.00014812545776377029,0.004716407680511514,0.0008300975799562238,3.369922637941336e-05,0.0003591915130614076,8.045578002935372e-06,0.0010159278392792108,-7.720471
2025-11-07 18:14:17,1.0856518745422363,0.7146835923194885,-2.260430097579956,-0.6086663007736206,2.3192408084869385,0.49389195442199707,1.0858,0.7194,-2.2596,-0.6087,2.3196,0.4939,0.00014812545776377029,0.004716407680511514,0.0008300975799562238,3.369922637941336e-05,0.0003591915130614076,8.045578002935372e-06,0.0010159278392792108,-9.357628
2025-11-07 18:14:18,1.0856518745422363,0.7146835923194885,-2.260430097579956,-0.6086663007736206,2.3192408084869385,0.49389195442199707,1.0858,0.7194,-2.2596,-0.6087,2.3196,0.4939,0.00014812545776377029,0.004716407680511514,0.0008300975799562238,3.369922637941336e-05,0.0003591915130614076,8.045578002935372e-06,0.0010159278392792108,-11.42242
2025-11-07 18:14:18,1.0856518745422363,0.7146835923194885,-2.260430097579956,-0.6086663007736206,2.3192408084869385,0.49389195442199707,1.0858,0.7194,-2.2596,-0.6087,2.3196,0.4939,0.00014812545776377029,0.004716407680511514,0.0008300975799562238,3.369922637941336e-05,0.0003591915130614076,8.045578002935372e-06,0.0010159278392792108,31.862188
2025-11-07 18:14:18,1.0856518745422363,0.7146835923194885,-2.260430097579956,-0.6086663007736206,2.3192408084869385,0.49389195442199707,1.0858,0.7194,-2.2596,-0.6087,2.3196,0.4939,0.00014812545776377029,0.004716407680511514,0.0008300975799562238,3.369922637941336e-05,0.0003591915130614076,8.045578002935372e-06,0.0010159278392792108,32.479625
2025-11-07 18:14:18,1.0856518745422363,0.7146835923194885,-2.260430097579956,-0.6086663007736206,2.3192408084869385,0.49389195442199707,1.0858,0.7194,-2.2596,-0.6087,2.3196,0.4939,0.00014812545776377029,0.004716407680511514,0.0008300975799562238,3.369922637941336e-05,0.0003591915130614076,8.045578002935372e-06,0.0010159278392792108,30.74452
2025-11-07 18:14:18,1.0856518745422363,0.7146835923194885,-2.260430097579956,-0.6086663007736206,2.3192408084869385,0.49389195442199707,1.0858,0.7194,-2.2596,-0.6087,2.3196,0.4939,0.00014812545776377029,0.004716407680511514,0.0008300975799562238,3.369922637941336e-05,0.0003591915130614076,8.045578002935372e-06,0.0010159278392792108,31.798848
2025-11-07 18:14:18,1.0856518745422363,0.7146835923194885,-2.260430097579956,-0.6086663007736206,2.3192408084869385,0.49389195442199707,1.0858,0.7194,-2.2596,-0.6087,2.3196,0.4939,0.00014812545776377029,0.004716407680511514,0.0008300975799562238,3.369922637941336e-05,0.0003591915130614076,8.045578002935372e-06,0.0010159278392792108,28.566804
2025-11-07 18:14:18,1.0856518745422363,0.7146835923194885,-2.260430097579956,-0.6086663007736206,2.3192408084869385,0.49389195442199707,1.0858,0.7194,-2.2596,-0.6087,2.3196,0.4939,0.00014812545776377029,0.004716407680511514,0.0008300975799562238,3.369922637941336e-05,0.0003591915130614076,8.045578002935372e-06,0.0010159278392792108,22.965057
2025-11-07 18:14:19,1.0856518745422363,0.7146835923194885,-2.260430097579956,-0.6086663007736206,2.3192408084869385,0.49389195442199707,1.0858,0.7194,-2.2596,-0.6087,2.3196,0.4939,0.00014812545776377029,0.004716407680511514,0.0008300975799562238,3.369922637941336e-05,0.0003591915130614076,8.045578002935372e-06,0.0010159278392792108,0.714491
2025-11-07 18:14:19,1.0856518745422363,0.7146835923194885,-2.260430097579956,-0.6086663007736206,2.3192408084869385,0.49389195442199707,1.0858,0.7194,-2.2596,-0.6087,2.3196,0.4939,0.00014812545776377029,0.004716407680511514,0.0008300975799562238,3.369922637941336e-05,0.0003591915130614076,8.045578002935372e-06,0.0010159278392792108,-9.834555
2025-11-07 18:14:19,1.0856518745422363,0.7146835923194885,-2.260430097579956,-0.6086663007736206,2.3192408084869385,0.49389195442199707,1.0858,0.7194,-2.2596,-0.6087,2.3196,0.4939,0.00014812545776377029,0.004716407680511514,0.0008300975799562238,3.369922637941336e-05,0.0003591915130614076,8.045578002935372e-06,0.0010159278392792108,31.452849
2025-11-07 18:14:19,1.0856518745422363,0.7146835923194885,-2.260430097579956,-0.6086663007736206,2.3192408084869385,0.49389195442199707,1.0858,0.7194,-2.2596,-0.6087,2.3196,0.4939,0.00014812545776377029,0.004716407680511514,0.0008300975799562238,3.369922637941336e-05,0.0003591915130614076,8.045578002935372e-06,0.0010159278392792108,30.466501
2025-11-07 18:14:19,1.0856518745422363,0.7146835923194885,-2.260430097579956,-0.6086663007736206,2.3192408084869385,0.49389195442199707,1.0858,0.7194,-2.2596,-0.6087,2.3196,0.4939,0.00014812545776377029,0.004716407680511514,0.0008300975799562238,3.369922637941336e-05,0.0003591915130614076,8.045578002935372e-06,0.0010159278392792108,31.599428
2025-11-07 18:14:19,1.0856518745422363,0.7146835923194885,-2.260430097579956,-0.6086663007736206,2.3192408084869385,0.49389195442199707,1.0858,0.7194,-2.2596,-0.6087,2.3196,0.4939,0.00014812545776377029,0.004716407680511514,0.0008300975799562238,3.369922637941336e-05,0.0003591915130614076,8.045578002935372e-06,0.0010159278392792108,-14.271855
2025-11-07 18:14:19,1.0856518745422363,0.7146835923194885,-2.260430097579956,-0.6086663007736206,2.3192408084869385,0.49389195442199707,1.0858,0.7194,-2.2596,-0.6087,2.3196,0.4939,0.00014812545776377029,0.004716407680511514,0.0008300975799562238,3.369922637941336e-05,0.0003591915130614076,8.045578002935372e-06,0.0010159278392792108,33.77488
2025-11-07 18:14:20,1.0856518745422363,0.7146835923194885,-2.260430097579956,-0.6086663007736206,2.3192408084869385,0.49389195442199707,1.0858,0.7194,-2.2596,-0.6087,2.3196,0.4939,0.00014812545776377029,0.004716407680511514,0.0008300975799562238,3.369922637941336e-05,0.0003591915130614076,8.045578002935372e-06,0.0010159278392792108,30.444809
2025-11-07 18:14:20,1.0854735374450684,0.7146835923194885,-2.2602860927581787,-0.608662486076355,2.319206476211548,0.49386128783226013,1.0858,0.7194,-2.2596,-0.6087,2.3196,0.4939,0.00032646255493173904,0.004716407680511514,0.00068609275817888,3.751392364503836e-05,0.0003935237884520326,3.871216773987385e-05,0.0010331188122431796,26.130435
2025-11-07 18:14:20,1.0646209716796875,0.7093548774719238,-2.248664379119873,-0.6034488677978516,2.3064897060394287,0.4792692959308624,1.0858,0.7194,-2.2596,-0.6087,2.3196,0.4939,0.0211790283203126,0.010045122528076211,0.010935620880126784,0.005251132202148456,0.013110293960571173,0.014630704069137579,0.012525316993395466,25.118889
2025-11-07 18:14:20,1.0372298955917358,0.7022084593772888,-2.233150005340576,-0.5962353348731995,2.2890138626098633,0.4594598412513733,1.0858,0.7194,-2.2596,-0.6087,2.3196,0.4939,0.04857010440826426,0.01719154062271122,0.02644999465942366,0.012464665126800556,0.030586137390136603,0.034440158748626715,0.028283766825993834,16.678848
2025-11-07 18:14:20,1.008243441581726,0.694609522819519,-2.216684579849243,-0.5884215831756592,2.2703988552093506,0.43796494603157043,1.0858,0.7194,-2.2596,-0.6087,2.3196,0.4939,0.07755655841827402,0.024790477180480996,0.04291542015075667,0.02027841682434084,0.0492011447906493,0.05593505396842957,0.04511284522215523,6.713313
2025-11-07 18:14:20,0.9784055352210999,0.6868513822555542,-2.199782133102417,-0.5804276466369629,2.2509500980377197,0.4159868359565735,1.0857,0.7192,-2.2584,-0.6079,2.3193,0.4922,0.10729446477890026,0.03234861774444575,0.05861786689758297,0.027472353363037105,0.06834990196228041,0.07621316404342654,0.06171606146494551,7.75686
2025-11-07 18:14:20,0.9466502070426941,0.6785602569580078,-2.181790351867676,-0.5719102025032043,2.23036789894104,0.39250925183296204,1.0824,0.7139,-2.242,-0.6013,2.3041,0.4776,0.13574979295730594,0.03533974304199217,0.06020964813232421,0.0293897974967956,0.07373210105896,0.08509074816703799,0.06991863847573598,12.080382
2025-11-07 18:14:21,0.9174911379814148,0.6710130572319031,-2.1652157306671143,-0.564079225063324,2.2116475105285645,0.37091079354286194,1.0752,0.7073,-2.2256,-0.5939,2.2854,0.4571,0.15770886201858514,0.036286942768096964,0.060384269332885765,0.02982077493667601,0.07375248947143564,0.08618920645713807,0.0740237574974696,3.446633
2025-11-07 18:14:21,0.88763028383255,0.6632069945335388,-2.1483535766601562,-0.5560833811759949,2.192194700241089,0.3488732576370239,1.0668,0.6996,-2.2073,-0.5857,2.2643,0.4337,0.17916971616744992,0.03639300546646118,0.05894642333984379,0.029616618824005125,0.07210529975891111,0.08482674236297605,0.07684296765327453,3.48191
2025-11-07 18:14:21,0.8567992448806763,0.6551612615585327,-2.130852699279785,-0.5477941036224365,2.1721839904785156,0.3260514438152313,1.058,0.6917,-2.1903,-0.5776,2.2443,0.4112,0.20120075511932378,0.03653873844146727,0.05944730072021498,0.02980589637756348,0.07211600952148434,0.08514855618476869,0.08070954272747043,0.907087
2025-11-07 18:14:21,0.805972695350647,0.6419402956962585,-2.1020712852478027,-0.5341896414756775,2.1393299102783203,0.2884919345378876,1.0443,0.6831,-2.171,-0.5666,2.2212,0.3811,0.23832730464935303,0.041159704303741496,0.06892871475219708,0.0324103585243225,0.08187008972167975,0.09260806546211242,0.09255070623556771,26.281453
2025-11-07 18:14:21,0.7749785780906677,0.6338868737220764,-2.0845398902893066,-0.5258927345275879,2.1193363666534424,0.26564711332321167,1.0344,0.672,-2.1471,-0.5562,2.1932,0.3516,0.25942142190933226,0.038113126277923626,0.06256010971069337,0.030307265472412137,0.07386363334655766,0.08595288667678835,0.09170307389895123,24.035706
2025-11-07 18:14:21,0.7450122833251953,0.6261000037193298,-2.067528009414673,-0.5177971124649048,2.100038766860962,0.24342933297157288,1.0247,0.6638,-2.1274,-0.5479,2.1715,0.3284,0.27968771667480463,0.03769999628067011,0.05987199058532733,0.03010288753509527,0.07146123313903807,0.08497066702842715,0.09396574854056043,21.843863
2025-11-07 18:14:21,0.7151322364807129,0.6183515191078186,-2.0506350994110107,-0.5098204612731934,2.080580234527588,0.22138985991477966,1.0148,0.6551,-2.1086,-0.5394,2.1505,0.3047,0.29966776351928703,0.03674848089218141,0.05796490058898929,0.02957953872680663,0.06991976547241219,0.08331014008522036,0.09619843154748282,20.388421
2025-11-07 18:14:22,0.6862646341323853,0.6107794046401978,-2.034106492996216,-0.5020028948783875,2.0618677139282227,0.19979716837406158,1.0049,0.6472,-2.094,-0.5319,2.133,0.2836,0.31863536586761465,0.036420595359802244,0.05989350700378404,0.029897105121612588,0.07113228607177735,0.08380283162593843,0.09996361517508823,10.705864
2025-11-07 18:14:22,0.6570020318031311,0.6032494306564331,-2.0177063941955566,-0.49423328042030334,2.0429441928863525,0.1784326434135437,0.9948,0.6393,-2.0758,-0.5236,2.1126,0.2606,0.3377979681968689,0.036050569343566874,0.05809360580444345,0.02936671957969661,0.0696558071136475,0.0821673565864563,0.10218867110411327,2.950838
2025-11-07 18:14:22,0.6272639036178589,0.5953954458236694,-2.00067138671875,-0.4861530363559723,2.023690700531006,0.15618416666984558,0.9846,0.6315,-2.0588,-0.5155,2.0933,0.2381,0.35733609638214114,0.03610455417633052,0.058128613281250185,0.029346963644027668,0.0696092994689943,0.08191583333015443,0.10540689338048304,0.69321
2025-11-07 18:14:22,0.5971786975860596,0.58760666847229,-1.9837803840637207,-0.4781724810600281,2.004232168197632,0.13415811955928802,0.9743,0.624,-2.042,-0.5075,2.0739,0.2158,0.3771213024139405,0.03639333152770996,0.05821961593627911,0.029327518939971875,0.06966783180236824,0.08164188044071197,0.10872858017683028,-0.26236
2025-11-07 18:14:22,0.5662747621536255,0.5796664357185364,-1.9662929773330688,-0.46989667415618896,1.984211802482605,0.11130564659833908,0.9639,0.6169,-2.0255,-0.4997,2.0555,0.1939,0.3976252378463745,0.03723356428146363,0.05920702266693123,0.029803325843811013,0.0712881975173949,0.08259435340166091,0.1129586169262727,-2.659023
2025-11-07 18:14:22,0.5364887118339539,0.5717568397521973,-1.9492274522781372,-0.4618183374404907,1.9649450778961182,0.08908401429653168,0.9535,0.6109,-2.0118,-0.4917,2.0387,0.173,0.41701128816604616,0.03914316024780273,0.06257254772186283,0.029881662559509303,0.07375492210388179,0.08391598570346831,0.11771326108376186,-3.859008
2025-11-07 18:14:22,0.5072893500328064,0.564265251159668,-1.932854175567627,-0.4540468156337738,1.946033000946045,0.06765814125537872,0.9428,0.603,-1.9945,-0.4834,2.0209,0.1499,0.4355106499671936,0.03873474884033201,0.061645824432372986,0.029353184366226193,0.07486699905395522,0.08224185874462128,0.12039221090078354,-12.364442
2025-11-07 18:14:22,0.46639153361320496,0.5536539554595947,-1.9097120761871338,-0.44310376048088074,1.9195890426635742,0.037444472312927246,0.932,0.5951,-1.9774,-0.4753,2.0003,0.1274,0.4656084663867951,0.041446044540405236,0.06768792381286626,0.03219623951911926,0.08071095733642597,0.08995552768707277,0.12960085988044742,29.679832
2025-11-07 18:14:23,0.43663230538368225,0.5457884669303894,-1.8926773071289062,-0.4350523054599762,1.9003491401672363,0.0152132548391819,0.9211,0.5872,-1.9606,-0.4673,1.982,0.1052,0.4844676946163178,0.04141153306961065,0.06792269287109365,0.0322476945400238,0.08165085983276366,0.0899867451608181,0.13294787001510458,27.491757
2025-11-07 18:14:23,0.4065394103527069,0.5379613041877747,-1.8758034706115723,-0.4270487427711487,1.8808674812316895,-0.006785947363823652,0.91,0.5791,-1.9431,-0.459,1.9624,0.0821,0.5034605896472931,0.04113869581222529,0.06729652938842778,0.03195125722885134,0.08153251876831047,0.08888594736382366,0.13571092303482193,27.623798
2025-11-07 18:14:23,0.3756507933139801,0.5299941897392273,-1.8582777976989746,-0.41874799132347107,1.8608567714691162,-0.02968444488942623,0.899,0.5719,-1.9271,-0.4515,1.9428,0.0611,0.5233492066860199,0.04190581026077267,0.06882220230102543,0.03275200867652894,0.08194322853088387,0.09078444488942623,0.1399261502241095,25.668635
2025-11-07 18:14:23,0.34583595395088196,0.5222246050834656,-1.841248631477356,-0.4106888473033905,1.841588020324707,-0.05190032348036766,0.8875,0.56,-1.9019,-0.4408,1.9172,0.0314,0.541664046049118,0.03777539491653448,0.06065136852264397,0.030111152696609522,0.07561197967529298,0.08330032348036766,0.13818571089009443,24.73604
2025-11-07 18:14:23,0.31581979990005493,0.514336109161377,-1.824365258216858,-0.4027082920074463,1.8221256732940674,-0.07393787056207657,0.8763,0.5519,-1.8835,-0.4327,1.8949,0.009,0.560480200099945,0.03756389083862299,0.05913474178314204,0.029991707992553684,0.07277432670593265,0.08293787056207656,0.14048045633037884,23.506488
2025-11-07 18:14:23,0.27578866481781006,0.5039855241775513,-1.8017064332962036,-0.3919723629951477,1.796237826347351,-0.10349193215370178,0.8592,0.5427,-1.8639,-0.4218,1.8717,-0.0208,0.5834113351821899,0.03871447582244869,0.06219356670379628,0.029827637004852303,0.07546217365264885,0.08269193215370178,0.1453835200866063,-3.087248
2025-11-07 18:14:23,0.24601025879383087,0.4962274432182312,-1.7846696376800537,-0.38391128182411194,1.776967167854309,-0.1257384866476059,0.8477,0.535,-1.8471,-0.4138,1.8534,-0.0423,0.6016897412061691,0.03877255678176883,0.06243036231994625,0.029888718175888063,0.07643283214569085,0.08343848664760589,0.14877544954617816,-4.686934
2025-11-07 18:14:24,0.20691291987895966,0.48602646589279175,-1.762649416923523,-0.37349173426628113,1.7516411542892456,-0.15444119274616241,0.8361,0.5269,-1.8295,-0.4055,1.8339,-0.0651,0.6291870801210403,0.04087353410720829,0.06685058307647695,0.0320082657337189,0.08225884571075448,0.08934119274616241,0.15675325024922687,30.713611
2025-11-07 18:14:24,0.17599552869796753,0.47800758481025696,-1.745137095451355,-0.36519479751586914,1.7316246032714844,-0.17729365825653076,0.824,0.5144,-1.8035,-0.3945,1.8053,-0.0969,0.6480044713020324,0.03639241518974301,0.05836290454864512,0.029305202484130877,0.07367539672851553,0.08039365825653076,0.15435567475159961,29.88802
2025-11-07 18:14:24,0.14618836343288422,0.4701862037181854,-1.7280868291854858,-0.35712799429893494,1.7123674154281616,-0.19953830540180206,0.8126,0.511,-1.7945,-0.3894,1.7906,-0.109,0.6664116365671158,0.040813796281814585,0.06641317081451414,0.03227200570106509,0.07823258457183835,0.09053830540180206,0.16244691655635835,28.682955
2025-11-07 18:14:24,0.11614343523979187,0.46238017082214355,-1.7112361192703247,-0.3491244316101074,1.6928935050964355,-0.22156627476215363,0.8007,0.5032,-1.7771,-0.3811,1.7756,-0.1317,0.6845565647602081,0.040819829177856426,0.0658638807296752,0.03197556838989257,0.08270649490356452,0.08986627476215361,0.16596476878722508,27.568203
2025-11-07 18:14:24,0.08716078847646713,0.45486366748809814,-1.6946594715118408,-0.3413126468658447,1.674188494682312,-0.24318964779376984,0.7887,0.4958,-1.7617,-0.3736,1.7551,-0.1519,0.7015392115235328,0.040936332511901874,0.06704052848815922,0.03228735313415526,0.08091150531768809,0.09128964779376983,0.1690007631282012,16.427931
2025-11-07 18:14:24,0.05794228985905647,0.44729921221733093,-1.6782746315002441,-0.33354687690734863,1.6552611589431763,-0.26453498005867004,0.7762,0.4833,-1.736,-0.3626,1.7302,-0.1841,0.7182577101409435,0.036000787782669075,0.05772536849975585,0.029053123092651345,0.07493884105682369,0.08043498005867003,0.1660684684385856,8.205314
2025-11-07 18:14:24,0.028129372745752335,0.4394701421260834,-1.6612379550933838,-0.32546278834342957,1.6359962224960327,-0.2867412865161896,0.7642,0.4755,-1.719,-0.3548,1.7079,-0.2054,0.7360706272542477,0.036029857873916604,0.057762044906616294,0.02933721165657044,0.07190377750396726,0.08134128651618958,0.16874080095191799,9.102141
2025-11-07 18:14:25,-0.0019117235206067562,0.43165645003318787,-1.6443679332733154,-0.3174956738948822,1.6165530681610107,-0.30879607796669006,0.7518,0.4681,-1.7024,-0.3468,1.6877,-0.227,0.7537117235206068,0.03644354996681215,0.058032066726684484,0.029304326105117795,0.07114693183898924,0.08179607796669006,0.1717391126874834,4.545134
2025-11-07 18:14:25,-0.03285403177142143,0.42369699478149414,-1.626849889755249,-0.3092045187950134,1.596530795097351,-0.33168116211891174,0.7394,0.4609,-1.6862,-0.339,1.6686,-0.2482,0.7722540317714214,0.037203005218505836,0.0593501102447509,0.029795481204986596,0.07206920490264901,0.08348116211891174,0.17569216591020423,3.244889
2025-11-07 18:14:25,-0.06262284517288208,0.4158545136451721,-1.609981894493103,-0.301135778427124,1.5772409439086914,-0.35387593507766724,0.727,0.4535,-1.6699,-0.3312,1.6498,-0.2693,0.7896228451728821,0.037645486354827895,0.05991810550689691,0.03006422157287597,0.07255905609130853,0.08457593507766725,0.17906427496274313,-2.109647
2025-11-07 18:14:25,-0.09441843628883362,0.40758445858955383,-1.5919805765151978,-0.292601078748703,1.5566855669021606,-0.3773631155490875,0.7142,0.4463,-1.6554,-0.3231,1.6372,-0.2906,0.8086184362888336,0.03871554141044614,0.06341942348480223,0.030498921251296995,0.08051443309783934,0.0867631155490875,0.1847549785137176,5.390374
2025-11-07 18:14:25,-0.1261545866727829,0.3993297219276428,-1.5738105773925781,-0.2840989828109741,1.5361264944076538,-0.40085986256599426,0.7017,0.437,-1.6343,-0.3146,1.6118,-0.3151,0.8278545866727829,0.03767027807235718,0.06048942260742196,0.03050101718902587,0.07567350559234609,0.08575986256599427,0.1863247787833214,11.727751
2025-11-07 18:14:25,-0.15538650751113892,0.39182278513908386,-1.557429552078247,-0.2763313055038452,1.5172412395477295,-0.42222821712493896,0.6886,0.4293,-1.6178,-0.3066,1.5908,-0.3366,0.8439865075111389,0.03747721486091615,0.060370447921752834,0.03026869449615477,0.0735587604522705,0.08562821712493895,0.18854830706119532,0.638316
2025-11-07 18:14:25,-0.18514764308929443,0.3839438855648041,-1.5405480861663818,-0.2682625651359558,1.4979610443115234,-0.4444555938243866,0.6757,0.4209,-1.6002,-0.2983,1.5713,-0.3594,0.8608476430892944,0.03695611443519592,0.05965191383361823,0.0300374348640442,0.07333895568847648,0.0850555938243866,0.190981275955836,-0.135398
2025-11-07 18:14:26,-0.21520407497882843,0.3761301636695862,-1.5235344171524048,-0.2602666914463043,1.4784890413284302,-0.46648356318473816,0.6626,0.4121,-1.5816,-0.2898,1.5515,-0.3829,0.8778040749788284,0.03596983633041384,0.05806558284759511,0.02953330855369568,0.07301095867156993,0.08358356318473814,0.19299455409447352,-0.379162
2025-11-07 18:14:26,-0.26875728368759155,0.362209290266037,-1.493149995803833,-0.245900958776474,1.4437923431396484,-0.5060967206954956,0.6429,0.4029,-1.561,-0.2789,1.524,-0.412,0.9116572836875916,0.04069070973396299,0.06785000419616694,0.03299904122352598,0.08020765686035158,0.09409672069549563,0.2045835693995158,31.854784
2025-11-07 18:14:26,-0.298549085855484,0.35443201661109924,-1.4762686491012573,-0.23782071471214294,1.424525499343872,-0.5283451676368713,0.6296,0.3949,-1.5433,-0.2709,1.5105,-0.4342,0.9281490858554841,0.04046798338890073,0.06703135089874257,0.03307928528785703,0.08597450065612788,0.09414516763687136,0.20814122895399725,28.802933
2025-11-07 18:14:26,-0.32859787344932556,0.3465818762779236,-1.459251046180725,-0.22983825206756592,1.4050477743148804,-0.5503635406494141,0.6161,0.3871,-1.527,-0.2628,1.4893,-0.4564,0.9446978734493255,0.040518123722076416,0.06774895381927482,0.03296174793243406,0.0842522256851197,0.09396354064941409,0.21069041087627408,29.280593
2025-11-07 18:14:26,-0.3595171570777893,0.33864542841911316,-1.441713809967041,-0.22156627476215363,1.3850715160369873,-0.5731911063194275,0.6025,0.3786,-1.509,-0.2546,1.4701,-0.479,0.9620171570777893,0.03995457158088683,0.06728619003295888,0.03303372523784637,0.08502848396301266,0.09419110631942751,0.2135852057019869,26.771324
2025-11-07 18:14:26,-0.3912801444530487,0.33031976222991943,-1.423735499382019,-0.2130085676908493,1.364510416984558,-0.5966878533363342,0.5888,0.3703,-1.491,-0.2461,1.4495,-0.5025,0.9800801444530487,0.039980237770080584,0.06726450061798106,0.03309143230915071,0.0849895830154419,0.09418785333633428,0.21659895858367287,31.843973
2025-11-07 18:14:26,-0.4193788468837738,0.322977751493454,-1.4078128337860107,-0.20547480881214142,1.3463231325149536,-0.617465615272522,0.5752,0.3625,-1.474,-0.238,1.4298,-0.5246,0.9945788468837738,0.03952224850654601,0.06618716621398923,0.03252519118785857,0.08347686748504635,0.09286561527252202,0.21819265592495599,23.48134
2025-11-07 18:14:27,-0.44829821586608887,0.31541138887405396,-1.3914164304733276,-0.1976342499256134,1.3276028633117676,-0.6390487551689148,0.561,0.3506,-1.449,-0.227,1.4035,-0.5558,1.0092982158660888,0.03518861112594607,0.05758356952667243,0.029365750074386604,0.07589713668823239,0.08324875516891483,0.21509700640837356,16.624214
2025-11-07 18:14:27,-0.47756272554397583,0.3079504668712616,-1.3748494386672974,-0.18990106880664825,1.3087137937545776,-0.660434365272522,0.547,0.3427,-1.4319,-0.219,1.3804,-0.5769,1.024562725543976,0.03474953312873841,0.05705056133270259,0.029098931193351746,0.07168620624542243,0.083534365272522,0.21678038711945222,6.332698
2025-11-07 18:14:27,-0.5073296427726746,0.300061970949173,-1.3579987287521362,-0.1818208247423172,1.2894105911254883,-0.6826943159103394,0.5328,0.335,-1.415,-0.2106,1.3593,-0.5996,1.0401296427726745,0.034938029050827046,0.057001271247863805,0.02877917525768281,0.06988940887451167,0.08309431591033933,0.2189719738523165,5.26199
2025-11-07 18:14:27,-0.5374301671981812,0.2922578454017639,-1.3409427404403687,-0.17382687330245972,1.2699692249298096,-0.7046800851821899,0.5186,0.3279,-1.3994,-0.2031,1.3413,-0.6202,1.056030167198181,0.03564215459823611,0.058457259559631325,0.029273126697540286,0.07133077507019037,0.08448008518218997,0.22253559471766157,3.800938
2025-11-07 18:14:27,-0.5683225989341736,0.2842792272567749,-1.3234361410140991,-0.16553570330142975,1.2499585151672363,-0.7275172472000122,0.5043,0.3208,-1.3833,-0.1953,1.3221,-0.6418,1.0726225989341736,0.03652077274322507,0.05986385898590085,0.029764296698570253,0.07214148483276372,0.08571724720001217,0.22610504323244096,-0.30488
2025-11-07 18:14:27,-0.5981394052505493,0.27650004625320435,-1.3065681457519531,-0.15748997032642365,1.2306686639785767,-0.7497618794441223,0.49,0.3127,-1.3659,-0.1873,1.3035,-0.6639,1.0881394052505493,0.03619995374679563,0.05933185424804677,0.02981002967357635,0.07283133602142344,0.08586187944412227,0.2286957430640856,-0.638426
2025-11-07 18:14:27,-0.6273348927497864,0.26892024278640747,-1.2900068759918213,-0.14972227811813354,1.2117815017700195,-0.7711724042892456,0.4754,0.3044,-1.3482,-0.179,1.283,-0.6869,1.1027348927497864,0.03547975721359253,0.058193124008178776,0.029277721881866448,0.07121849822998039,0.08427240428924565,0.23019606639544174,-7.156396
2025-11-07 18:14:27,-0.6661829352378845,0.2587154507637024,-1.2679866552352905,-0.1391991674900055,1.1866223812103271,-0.8000956177711487,0.4606,0.2973,-1.3328,-0.171,1.2701,-0.7094,1.1267829352378844,0.038584549236297616,0.06481334476470946,0.03180083250999452,0.08347761878967286,0.09069561777114865,0.23935914971828456,29.834177
2025-11-07 18:14:28,-0.6962278485298157,0.25089022517204285,-1.2509498596191406,-0.13123397529125214,1.1671714782714844,-0.8221043944358826,0.4458,0.2891,-1.3155,-0.163,1.2492,-0.7314,1.1420278485298156,0.03820977482795718,0.06455014038085927,0.03176602470874787,0.08202852172851571,0.09070439443588252,0.24154778410196306,27.692459
2025-11-07 18:14:28,-0.7271778583526611,0.24293461441993713,-1.2334489822387695,-0.12294089049100876,1.1471760272979736,-0.8449683785438538,0.4309,0.2806,-1.2978,-0.1548,1.2295,-0.7542,1.1580778583526612,0.03766538558006288,0.06435101776123053,0.031859109508991235,0.0823239727020264,0.09076837854385378,0.24417428707480435,27.080714
2025-11-07 18:14:28,-0.7589101791381836,0.23469330370426178,-1.2154324054718018,-0.11441004276275635,1.1265861988067627,-0.8684498071670532,0.4161,0.2736,-1.2821,-0.1472,1.2105,-0.775,1.1750101791381837,0.03890669629573823,0.06666759452819826,0.03278995723724365,0.08391380119323721,0.0934498071670532,0.24845633925994237,30.558266
2025-11-07 18:14:28,-0.788732647895813,0.22682590782642365,-1.1985644102096558,-0.10634321719408035,1.10732901096344,-0.89067143201828,0.4011,0.2658,-1.2653,-0.1394,1.1927,-0.7966,1.189832647895813,0.038974092173576336,0.06673558979034433,0.03305678280591964,0.08537098903656015,0.09407143201828005,0.2513402556200823,27.125218
2025-11-07 18:14:28,-0.8179319500923157,0.21930748224258423,-1.182012677192688,-0.09857935458421707,1.0884226560592651,-0.9120474457740784,0.3856,0.2546,-1.2417,-0.1289,1.1661,-0.8265,1.2035319500923156,0.035292517757415764,0.05968732280731204,0.030320645415782915,0.07767734394073478,0.08554744577407836,0.2486762042979399,20.215392
2025-11-07 18:14:28,-0.8567800521850586,0.2091333568096161,-1.1599886417388916,-0.08808884769678116,1.063265323638916,-0.9409668445587158,0.3626,0.2446,-1.2193,-0.1175,1.1398,-0.8577,1.2193800521850586,0.03546664319038392,0.05931135826110845,0.029411152303218835,0.07653467636108391,0.0832668445587158,0.2505617878099282,-5.336071
2025-11-07 18:14:28,-0.8868172764778137,0.20132538676261902,-1.142984390258789,-0.08009105175733566,1.0437780618667603,-0.9630216360092163,0.3471,0.2367,-1.2026,-0.1095,1.1197,-0.8797,1.2339172764778137,0.035374613237380975,0.05961560974121083,0.029408948242664337,0.07592193813323966,0.08332163600921627,0.2529266703069209,-8.509233
2025-11-07 18:14:29,-0.9178075790405273,0.1932508945465088,-1.1254433393478394,-0.07179221510887146,1.0238018035888672,-0.9858760237693787,0.3314,0.2285,-1.1846,-0.1012,1.1005,-0.9029,1.2492075790405273,0.03524910545349122,0.05915666065216074,0.02940778489112854,0.07669819641113285,0.08297602376937863,0.2554492250363032,-10.855239
2025-11-07 18:14:29,-0.9475131034851074,0.18547937273979187,-1.108579158782959,-0.06375224143266678,1.004506230354309,-1.0080900192260742,0.3158,0.2214,-1.1687,-0.0937,1.0817,-0.9234,1.2633131034851075,0.03592062726020814,0.06012084121704109,0.029947758567333227,0.07719376964569102,0.08469001922607422,0.2585310199002426,-10.632425
2025-11-07 18:14:29,-0.986689031124115,0.17535893619060516,-1.0864055156707764,-0.05331350117921829,0.9791572093963623,-1.0368099212646484,0.2999,0.2131,-1.1512,-0.0854,1.0622,-0.9468,1.286589031124115,0.03774106380939485,0.06479448432922363,0.03208649882078171,0.08304279060363773,0.09000992126464846,0.26571063165863357,28.068304
2025-11-07 18:14:29,-1.0085463523864746,0.16970428824424744,-1.0740243196487427,-0.04744410887360573,0.965013861656189,-1.0529608726501465,0.2839,0.2052,-1.1343,-0.0773,1.0425,-0.969,1.2924463523864747,0.03549571175575256,0.06027568035125741,0.029855891126394266,0.07748613834381102,0.08396087265014651,0.26325344110230603,-15.172901
2025-11-07 18:14:29,-1.0493828058242798,0.15900669991970062,-1.0508956909179688,-0.03649340197443962,0.9386064410209656,-1.0831763744354248,0.2679,0.1975,-1.1176,-0.0693,1.0231,-0.9913,1.3172828058242798,0.038493300080299386,0.06670430908203118,0.03280659802556038,0.08449355897903432,0.09187637443542485,0.27194282440443834,31.716731
2025-11-07 18:14:29,-1.07746422290802,0.15170685946941376,-1.0349481105804443,-0.02897881530225277,0.9204344749450684,-1.1038966178894043,0.2516,0.1894,-1.0996,-0.061,1.0033,-1.0146,1.32906422290802,0.037693140530586255,0.06465188941955557,0.03202118469774723,0.08286552505493172,0.08929661788940435,0.2725987634167075,21.828975
2025-11-07 18:14:29,-1.1064162254333496,0.14410215616226196,-1.0185785293579102,-0.021134421229362488,0.9016950130462646,-1.1255180835723877,0.2351,0.1777,-1.0754,-0.0504,0.9756,-1.0447,1.3415162254333497,0.033597843837738034,0.056821470642089755,0.029265578770637513,0.07390498695373537,0.08081808357238773,0.26932069820165633,15.511114
2025-11-07 18:14:30,-1.135615587234497,0.1365741491317749,-1.001990556716919,-0.013359054923057556,0.8827791213989258,-1.1469305753707886,0.2187,0.1711,-1.0593,-0.0424,0.9521,-1.0657,1.3543155872344972,0.0345258508682251,0.05730944328308096,0.029040945076942444,0.06932087860107417,0.08123057537078848,0.27095721340576806,11.073154
2025-11-07 18:14:30,-1.1654226779937744,0.12870290875434875,-0.9851512312889099,-0.005388107616454363,0.8635180592536926,-1.1691253185272217,0.202,0.1622,-1.0419,-0.0341,0.9318,-1.0888,1.3674226779937744,0.033497091245651256,0.056748768711090136,0.028711892383545635,0.06828194074630733,0.08032531852722169,0.2724979482679317,7.199529
2025-11-07 18:14:30,-1.177192211151123,0.12577299773693085,-0.9785627722740173,-0.0025425732601433992,0.8589295148849487,-1.177422285079956,0.1853,0.1551,-1.0259,-0.0266,0.9132,-1.1098,1.362492211151123,0.02932700226306914,0.0473372277259827,0.0240574267398566,0.05427048511505128,0.06762228507995616,0.26418443967917316,2.285632
2025-11-07 18:14:30,-1.168279767036438,0.12867222726345062,-0.9838722944259644,-0.006590364966541529,0.8725647330284119,-1.1687514781951904,0.1684,0.1479,-1.0097,-0.0188,0.8957,-1.1316,1.336679767036438,0.01922777273654938,0.025827705574035686,0.012209635033458472,0.023135266971588186,0.03715147819519049,0.24237193759121,4.18578
2025-11-07 18:14:30,-1.1584488153457642,0.13179771602153778,-0.9898126125335693,-0.011031239293515682,0.8871662616729736,-1.1589301824569702,0.1513,0.1398,-0.9926,-0.0108,0.8758,-1.1541,1.3097488153457642,0.008002283978462227,0.002787387466430702,0.00023123929351568165,0.01136626167297361,0.004830182456970311,0.2228276950356861,-5.528937
2025-11-07 18:14:30,-1.1443266868591309,0.1362711787223816,-0.9983242750167847,-0.017441362142562866,0.9080188274383545,-1.1447676420211792,0.1341,0.1332,-0.9778,-0.0031,0.8647,-1.1747,1.278426686859131,0.003071178722381579,0.020524275016784665,0.014341362142562866,0.04331882743835447,0.029932357978820878,0.23160244802633922,33.344971
2025-11-07 18:14:30,-1.1337038278579712,0.13964785635471344,-1.0046136379241943,-0.022212041541934013,0.9238380193710327,-1.1340374946594238,0.1169,0.1321,-0.9769,-0.0037,0.8647,-1.1755,1.2506038278579712,0.007547856354713445,0.027713637924194345,0.01851204154193401,0.05913801937103269,0.04146250534057616,0.2341629813984036,32.161017
2025-11-07 18:14:31,-1.11924409866333,0.1441328376531601,-1.0133994817733765,-0.02874871715903282,0.9452926516532898,-1.1195106506347656,0.0914,0.1334,-0.9881,-0.0111,0.8922,-1.1595,1.21064409866333,0.010732837653160104,0.025299481773376487,0.017648717159032823,0.0530926516532898,0.03998934936523435,0.2262345227112373,9.625007
2025-11-07 18:14:31,-1.108605980873108,0.1474749892950058,-1.0197731256484985,-0.03356541693210602,0.961111843585968,-1.1089320182800293,0.0744,0.1358,-0.994,-0.0157,0.9077,-1.1493,1.183005980873108,0.011674989295005794,0.02577312564849854,0.01786541693210602,0.053411843585968066,0.04036798171997069,0.22201655634244286,4.653521
2025-11-07 18:14:31,-1.098366618156433,0.15069444477558136,-1.0259052515029907,-0.038198038935661316,0.9763154983520508,-1.0985124111175537,0.0576,0.139,-1.0004,-0.0205,0.9238,-1.1388,1.1559666181564332,0.011694444775581347,0.025505251502990767,0.017698038935661315,0.05251549835205083,0.040287588882446324,0.2172779067675273,-3.349237
2025-11-07 18:14:31,-1.0876901149749756,0.15400783717632294,-1.0323326587677002,-0.043010905385017395,0.9921154975891113,-1.087922215461731,0.0408,0.1423,-1.006,-0.0254,0.9349,-1.1279,1.1284901149749755,0.011707837176322927,0.02633265876770019,0.017610905385017396,0.057215497589111375,0.039977784538268946,0.21355579973856606,-1.329281
2025-11-07 18:14:31,-1.0764422416687012,0.1575283259153366,-1.0390955209732056,-0.04807879403233528,1.0088032484054565,-1.0766205787658691,0.0241,0.1458,-1.0123,-0.0302,0.9501,-1.1173,1.1005422416687012,0.011728325915336596,0.02679552097320559,0.01787879403233528,0.0587032484054566,0.04067942123413082,0.2093879253715277,1.905939
2025-11-07 18:14:31,-1.0654972791671753,0.16096827387809753,-1.0457185506820679,-0.05305080860853195,1.02492356300354,-1.0655778646469116,0.0075,0.149,-1.0192,-0.035,0.9705,-1.107,1.0729972791671754,0.01196827387809754,0.026518550682067765,0.01805080860853195,0.05442356300354001,0.04142213535308836,0.20423010178208353,-1.491701
2025-11-07 18:14:31,-1.0555455684661865,0.16408801078796387,-1.0516645908355713,-0.057539619505405426,1.039829969406128,-1.05562424659729,-0.009,0.1524,-1.0254,-0.04,0.983,-1.0958,1.0465455684661866,0.01168801078796386,0.0262645908355712,0.017539619505405425,0.056829969406127945,0.04017575340271007,0.19984058540066085,-9.661546
2025-11-07 18:14:32,-1.0413485765457153,0.16852888464927673,-1.0601686239242554,-0.06394782662391663,1.0607036352157593,-1.0414023399353027,-0.0254,0.1557,-1.0315,-0.0447,0.9984,-1.0852,1.0159485765457152,0.012828884649276728,0.028668623924255288,0.01924782662391663,0.06230363521575932,0.04379766006469721,0.19713253450393675,27.359624
2025-11-07 18:14:32,-1.0308465957641602,0.17190556228160858,-1.066500186920166,-0.0687127485871315,1.0765169858932495,-1.0307142734527588,-0.0418,0.1594,-1.0384,-0.0498,1.0149,-1.0739,0.9890465957641602,0.012505562281608595,0.028100186920166026,0.018912748587131503,0.0616169858932496,0.04318572654724129,0.19222796766559283,29.689671
2025-11-07 18:14:32,-1.0204960107803345,0.17504830658435822,-1.072739601135254,-0.0733703002333641,1.091720700263977,-1.0204347372055054,-0.058,0.1629,-1.0449,-0.0546,1.0307,-1.0633,0.9624960107803344,0.012148306584358226,0.027839601135253966,0.018770300233364103,0.0610207002639771,0.04286526279449454,0.18752336363196373,18.43895
2025-11-07 18:14:32,-1.009919285774231,0.17847482860088348,-1.0790711641311646,-0.07815823704004288,1.107516884803772,-1.0097179412841797,-0.0742,0.167,-1.0533,-0.0607,1.0537,-1.0501,0.9357192857742309,0.011474828600883474,0.025771164131164648,0.01745823704004288,0.05381688480377189,0.040382058715820346,0.18077040984431902,16.807183
2025-11-07 18:14:32,-0.9993041157722473,0.1817076951265335,-1.0854965448379517,-0.0829806923866272,1.1233322620391846,-0.9991008639335632,-0.0903,0.1704,-1.0606,-0.0656,1.0724,-1.0395,0.9090041157722473,0.011307695126533512,0.024896544837951673,0.017380692386627192,0.05093226203918455,0.04039913606643686,0.17565340770483018,15.185154
2025-11-07 18:14:32,-0.9890360236167908,0.18499232828617096,-1.0916324853897095,-0.08759413659572601,1.1385512351989746,-0.988719642162323,-0.1063,0.1741,-1.0674,-0.0705,1.0887,-1.0286,0.8827360236167907,0.010892328286170955,0.024232485389709568,0.01709413659572602,0.04985123519897461,0.03988035783767696,0.1707810944875081,7.803859
2025-11-07 18:14:32,-0.978668212890625,0.18820026516914368,-1.0978585481643677,-0.0922689437866211,1.1537625789642334,-0.9784285426139832,-0.1224,0.1771,-1.0728,-0.0749,1.1022,-1.0188,0.856268212890625,0.01110026516914367,0.0250585481643677,0.0173689437866211,0.05156257896423333,0.040371457386016774,0.16695500106016792,-1.191358
2025-11-07 18:14:32,-0.9681413173675537,0.19155585765838623,-1.104203462600708,-0.0970434620976448,1.1695568561553955,-0.967740535736084,-0.1383,0.1804,-1.0794,-0.0797,1.118,-1.0082,0.8298413173675537,0.011155857658386226,0.024803462600708093,0.017343462097644813,0.0515568561553954,0.040459464263916,0.16252673669060072,-0.281957
2025-11-07 18:14:33,-0.9575069546699524,0.19481556117534637,-1.1106212139129639,-0.10185440629720688,1.1853625774383545,-0.9571694731712341,-0.1542,0.1837,-1.0856,-0.0845,1.1339,-0.9976,0.8033069546699524,0.011115561175346372,0.02502121391296397,0.017354406297206873,0.051462577438354584,0.04043052682876591,0.1581152067204317,-4.617912
2025-11-07 18:14:33,-0.9397837519645691,0.20036856830120087,-1.1212326288223267,-0.10984452813863754,1.2116185426712036,-0.9393388628959656,-0.1779,0.1891,-1.0961,-0.0923,1.1595,-0.9802,0.7618837519645691,0.011268568301200876,0.025132628822326586,0.01754452813863755,0.05211854267120364,0.040861137104034384,0.151468192833662,13.852496
2025-11-07 18:14:33,-0.928848385810852,0.2038583755493164,-1.127843976020813,-0.11480695754289627,1.2277042865753174,-0.9283440709114075,-0.1936,0.1925,-1.1025,-0.0971,1.1754,-0.9695,0.7352483858108521,0.011358375549316402,0.025343976020812953,0.017706957542896265,0.05230428657531738,0.04115592908859256,0.14718631843129795,14.22205
2025-11-07 18:14:33,-0.9189081788063049,0.20690524578094482,-1.1338169574737549,-0.11930152028799057,1.2426260709762573,-0.9184019565582275,-0.2093,0.1959,-1.1089,-0.1019,1.1909,-0.959,0.7096081788063049,0.011005245780944833,0.024916957473754886,0.017401520287990566,0.051726070976257255,0.040598043441772425,0.1425426694611708,6.052325
2025-11-07 18:14:33,-0.9076507091522217,0.21049284934997559,-1.1405894756317139,-0.12436366081237793,1.2593061923980713,-0.9070850014686584,-0.2249,0.1992,-1.1152,-0.1066,1.2061,-0.9486,0.6827507091522217,0.011292849349975598,0.025389475631713898,0.01776366081237793,0.05320619239807134,0.04151499853134155,0.13865298097928366,8.771462
2025-11-07 18:14:33,-0.8974152207374573,0.21371611952781677,-1.146748423576355,-0.1290154606103897,1.274544358253479,-0.8966712355613708,-0.2405,0.2025,-1.1214,-0.1114,1.2217,-0.938,0.6569152207374573,0.01121611952781676,0.025348423576355028,0.01761546061038971,0.052844358253478996,0.041328764438629095,0.1342113911906878,0.694052
2025-11-07 18:14:33,-0.8870435357093811,0.2169010490179062,-1.1529457569122314,-0.13369601964950562,1.2897518873214722,-0.8863858580589294,-0.256,0.2059,-1.1281,-0.1163,1.2379,-0.9271,0.6310435357093811,0.01100104901790619,0.024845756912231343,0.017396019649505615,0.05185188732147217,0.04071414194107059,0.12947539842526118,-6.667115
2025-11-07 18:14:34,-0.876499354839325,0.22026237845420837,-1.1593194007873535,-0.13845710456371307,1.3055499792099,-0.875667154788971,-0.2716,0.2089,-1.1333,-0.1211,1.2499,-0.916,0.6048993548393249,0.011362378454208372,0.02601940078735354,0.017357104563713074,0.05564997920989989,0.04033284521102909,0.12593684384425483,-9.243129
2025-11-07 18:14:34,-0.8658573627471924,0.22357386350631714,-1.1657180786132812,-0.14326614141464233,1.321338415145874,-0.8650673627853394,-0.287,0.2124,-1.1398,-0.1259,1.2642,-0.9054,0.5788573627471925,0.011173863506317133,0.025918078613281326,0.017366141414642322,0.05713841514587403,0.04033263721466063,0.12179774977366131,-12.386474
2025-11-07 18:14:34,-0.8513765931129456,0.2281278669834137,-1.174386978149414,-0.1498028039932251,1.3428353071212769,-0.8505597710609436,-0.3024,0.2157,-1.1459,-0.1305,1.2797,-0.895,0.5489765931129456,0.012427866983413693,0.028486978149414144,0.019302803993225093,0.0631353071212768,0.044440228939056414,0.11946162971655527,33.983307
2025-11-07 18:14:34,-0.8404412269592285,0.23153714835643768,-1.1809715032577515,-0.15475565195083618,1.3589229583740234,-0.8395342826843262,-0.3177,0.219,-1.1524,-0.1353,1.2956,-0.8845,0.5227412269592285,0.012537148356437683,0.028571503257751374,0.019455651950836178,0.06332295837402335,0.04496571731567378,0.11526570103565849,29.021249
2025-11-07 18:14:34,-0.8298836350440979,0.23491956293582916,-1.1873317956924438,-0.1595301628112793,1.374732494354248,-0.828974723815918,-0.333,0.2224,-1.1588,-0.1403,1.3118,-0.8735,0.4968836350440979,0.012519562935829176,0.028531795692443795,0.01923016281127929,0.06293249435424797,0.044525276184082085,0.11077048783699671,30.042754
2025-11-07 18:14:34,-0.8192377686500549,0.23814284801483154,-1.1936824321746826,-0.1643507033586502,1.3905497789382935,-0.8182867169380188,-0.3482,0.2257,-1.1653,-0.1451,1.3275,-0.8629,0.4710377686500549,0.012442848014831531,0.028382432174682615,0.0192507033586502,0.06304977893829355,0.0446132830619812,0.10646280236641566,26.393425
2025-11-07 18:14:34,-0.8083043098449707,0.24165183305740356,-1.2003092765808105,-0.16930162906646729,1.4066450595855713,-0.8072535395622253,-0.3634,0.2291,-1.1717,-0.1499,1.343,-0.8522,0.4449043098449707,0.012551833057403566,0.028609276580810583,0.01940162906646728,0.06364505958557132,0.044946460437774616,0.10234309476216634,27.064814
2025-11-07 18:14:35,-0.7977371215820312,0.24494414031505585,-1.2066446542739868,-0.17404545843601227,1.4224469661712646,-0.796669065952301,-0.3784,0.2335,-1.1803,-0.1563,1.3665,-0.8385,0.41933712158203124,0.011444140315055834,0.02634465427398691,0.017745458436012274,0.0559469661712646,0.041830934047699,0.09544154580434165,22.86131
2025-11-07 18:14:35,-0.787390410900116,0.24816548824310303,-1.212880253791809,-0.17874711751937866,1.4376544952392578,-0.7862917184829712,-0.3935,0.237,-1.1876,-0.1611,1.3839,-0.8278,0.39389041090011595,0.011165488243103039,0.025280253791809093,0.01764711751937867,0.053754495239257905,0.04150828151702879,0.09054100786844892,15.662913
2025-11-07 18:14:35,-0.777448296546936,0.251296728849411,-1.218837857246399,-0.18323783576488495,1.4525762796401978,-0.7762652039527893,-0.4086,0.2404,-1.1939,-0.1659,1.3995,-0.8172,0.368848296546936,0.010896728849411008,0.024937857246398965,0.017337835764884957,0.05307627964019779,0.04093479604721073,0.0860052990158399,5.453714
2025-11-07 18:14:35,-0.759136438369751,0.2570510804653168,-1.2298537492752075,-0.19150599837303162,1.4797028303146362,-0.757947564125061,-0.4313,0.2448,-1.2017,-0.1724,1.4167,-0.8023,0.32783643836975096,0.012251080465316783,0.02815374927520753,0.01910599837303162,0.06300283031463616,0.04435243587493898,0.082450422112147,29.349424
2025-11-07 18:14:35,-0.7485193610191345,0.2603951692581177,-1.236281156539917,-0.19631502032279968,1.4954990148544312,-0.7472193241119385,-0.446,0.2492,-1.2103,-0.1789,1.4403,-0.7886,0.3025193610191345,0.011195169258117671,0.02598115653991706,0.01741502032279968,0.05519901485443124,0.04138067588806149,0.07561506631374361,28.149319
2025-11-07 18:14:35,-0.7375437021255493,0.2637852430343628,-1.242850422859192,-0.20126019418239594,1.5116114616394043,-0.7362474799156189,-0.4612,0.2512,-1.2144,-0.1819,1.449,-0.7813,0.2763437021255493,0.012585243034362814,0.02845042285919197,0.01936019418239593,0.06261146163940423,0.0450525200843811,0.07406725732088089,28.605587
2025-11-07 18:14:35,-0.7275881767272949,0.2669490873813629,-1.2488291263580322,-0.20575860142707825,1.5265294313430786,-0.7262574434280396,-0.4758,0.2559,-1.2233,-0.1884,1.4715,-0.7675,0.2517881767272949,0.011049087381362899,0.025529126358032173,0.017358601427078235,0.05502943134307858,0.04124255657196041,0.0669994966348012,20.381348
2025-11-07 18:14:36,-0.7166624069213867,0.2703161835670471,-1.2554060220718384,-0.21071526408195496,1.54263436794281,-0.7152377367019653,-0.4904,0.2593,-1.2301,-0.1931,1.4884,-0.7571,0.22626240692138672,0.011016183567047144,0.025306022071838408,0.017615264081954962,0.05423436794281011,0.04186226329803466,0.06271608464717866,19.919028
2025-11-07 18:14:36,-0.7067068815231323,0.27347809076309204,-1.2614096403121948,-0.21520791947841644,1.5575236082077026,-0.7052937150001526,-0.505,0.2631,-1.237,-0.1982,1.5048,-0.7459,0.20170688152313232,0.01037809076309204,0.024409640312194725,0.017007919478416456,0.05272360820770272,0.04060628499984742,0.05780540421406428,8.263675
2025-11-07 18:14:36,-0.6954493522644043,0.27701008319854736,-1.2681477069854736,-0.22030265629291534,1.5742305517196655,-0.6939498782157898,-0.5195,0.2664,-1.2429,-0.2029,1.5198,-0.7355,0.17594935226440434,0.010610083198547338,0.02524770698547374,0.017402656292915347,0.05443055171966549,0.04155012178421025,0.05419841204086941,13.874167
2025-11-07 18:14:36,-0.6845235824584961,0.28039252758026123,-1.2747782468795776,-0.22523055970668793,1.5903412103652954,-0.6829148530960083,-0.534,0.2695,-1.2488,-0.2074,1.534,-0.7255,0.15052358245849606,0.010892527580261213,0.025978246879577727,0.017830559706687926,0.05634121036529538,0.04258514690399173,0.05069187898238501,11.53314
2025-11-07 18:14:36,-0.6739506125450134,0.2837730348110199,-1.281102180480957,-0.23001083731651306,1.60615074634552,-0.6723341941833496,-0.5483,0.2728,-1.2554,-0.2123,1.5504,-0.7146,0.12565061254501342,0.01097303481101991,0.02570218048095696,0.017710837316513073,0.05575074634552002,0.042265805816650404,0.04634220288594563,8.781932
2025-11-07 18:14:36,-0.6632952094078064,0.28708067536354065,-1.287475824356079,-0.23482370376586914,1.6219334602355957,-0.6616538763046265,-0.5624,0.2762,-1.2618,-0.2171,1.5662,-0.7041,0.10089520940780639,0.010880675363540648,0.02567582435607907,0.017723703765869153,0.05573346023559567,0.04244612369537348,0.04222583280404407,7.418215
2025-11-07 18:14:36,-0.653059720993042,0.2903192937374115,-1.2936615943908691,-0.23945823311805725,1.637156367301941,-0.6513358950614929,-0.5763,0.2794,-1.2681,-0.2219,1.5815,-0.6933,0.07675972099304196,0.010919293737411517,0.025561594390869136,0.017558233118057265,0.05565636730194101,0.04196410493850711,0.038069885746638,-2.636511
2025-11-07 18:14:37,-0.6426957845687866,0.2935234010219574,-1.2998876571655273,-0.2441253662109375,1.652375340461731,-0.640977680683136,-0.59,0.2823,-1.274,-0.2268,1.5942,-0.6816,0.05269578456878665,0.011223401021957402,0.025887657165527322,0.0173253662109375,0.058175340461730896,0.040622319316864,0.0343216447909673,-9.614426
2025-11-07 18:14:37,-0.6282418370246887,0.29809466004371643,-1.308573842048645,-0.25066396594047546,1.673837661743164,-0.6264278888702393,-0.603,0.2859,-1.2805,-0.2315,1.6105,-0.671,0.02524183702468874,0.012194660043716443,0.028073842048645048,0.019163965940475453,0.06333766174316402,0.04457211112976078,0.03209734632174175,35.07221
2025-11-07 18:14:37,-0.6177091598510742,0.3013773560523987,-1.3149571418762207,-0.25543656945228577,1.689643383026123,-0.6158491969108582,-0.6151,0.2895,-1.2869,-0.2363,1.6263,-0.6603,0.0026091598510742386,0.011877356052398702,0.02805714187622077,0.019136569452285757,0.06334338302612297,0.044450803089141844,0.028245735557874047,29.572037
2025-11-07 18:14:37,-0.607021152973175,0.30473679304122925,-1.3213173151016235,-0.26024943590164185,1.7054606676101685,-0.6051746010780334,-0.6252,0.2925,-1.2934,-0.2413,1.6419,-0.6495,0.01817884702682493,0.012236793041229266,0.02791731510162343,0.01894943590164186,0.06356066761016854,0.04432539892196652,0.03086140960057576,29.755938
2025-11-07 18:14:37,-0.5960972905158997,0.30814221501350403,-1.3279517889022827,-0.26520609855651855,1.7215559482574463,-0.594149112701416,-0.629,0.2955,-1.2991,-0.2457,1.656,-0.6394,0.032902709484100345,0.012642215013504043,0.028851788902282793,0.019506098556518553,0.06555594825744637,0.04525088729858395,0.03411827458540601,27.204199
2025-11-07 18:14:37,-0.5816126465797424,0.31264638900756836,-1.3366398811340332,-0.27175429463386536,1.7430201768875122,-0.5796529650688171,-0.6287,0.3018,-1.3104,-0.2537,1.6847,-0.6223,0.047087353420257605,0.010846389007568347,0.026239881134033194,0.018054294633865375,0.05832017688751212,0.042647034931182826,0.033865855002403245,5.557151
2025-11-07 18:14:37,-0.5716590285301208,0.3158140480518341,-1.342587947845459,-0.276227742433548,1.7579400539398193,-0.5696284174919128,-0.6254,0.3053,-1.3171,-0.2586,1.7009,-0.6114,0.053740971469879106,0.01051404805183409,0.025487947845459047,0.017627742433547977,0.05704005393981926,0.04177158250808721,0.034363724374771115,-1.735285
2025-11-07 18:14:38,-0.5608291029930115,0.3192233145236969,-1.3491897583007812,-0.28118059039115906,1.774027705192566,-0.5586163401603699,-0.6181,0.3084,-1.3226,-0.2633,1.7128,-0.6,0.05727089700698851,0.010823314523696892,0.026589758300781252,0.01788059039115908,0.06122770519256582,0.041383659839630105,0.035862654209136945,-4.657829
2025-11-07 18:14:38,-0.5501506924629211,0.32259616255760193,-1.3555327653884888,-0.28594744205474854,1.7898602485656738,-0.548035740852356,-0.6096,0.312,-1.3291,-0.2681,1.7292,-0.5894,0.05944930753707889,0.01059616255760193,0.02643276538848882,0.01784744205474853,0.06066024856567376,0.04136425914764408,0.036058364208539334,-3.509182
2025-11-07 18:14:38,-0.5395029783248901,0.32587504386901855,-1.3619333505630493,-0.29077181220054626,1.80549156665802,-0.5373362302780151,-0.6005,0.3157,-1.3358,-0.2731,1.7453,-0.5783,0.0609970216751099,0.010175043869018574,0.026133350563049218,0.017671812200546255,0.060191566658019946,0.0409637697219849,0.03602209411462146,-8.59198
2025-11-07 18:14:38,-0.5254517197608948,0.3303312659263611,-1.3703606128692627,-0.29717233777046204,1.8265396356582642,-0.5231066346168518,-0.5912,0.3188,-1.3418,-0.2779,1.7613,-0.5678,0.06574828023910517,0.011531265926361112,0.02856061286926259,0.019272337770462056,0.06523963565826407,0.044693365383148165,0.03917424964110053,30.082629
2025-11-07 18:14:38,-0.5147790312767029,0.3336485028266907,-1.3767956495285034,-0.3019430339336395,1.842337727546692,-0.5125163793563843,-0.5815,0.3222,-1.3485,-0.2827,1.7764,-0.5571,0.06672096872329714,0.011448502826690687,0.028295649528503386,0.01924303393363952,0.06593772754669192,0.04458362064361576,0.03937158386707307,32.088459
2025-11-07 18:14:38,-0.5041581392288208,0.33695805072784424,-1.3831559419631958,-0.3067501485347748,1.8579996824264526,-0.5018187761306763,-0.5716,0.3257,-1.3547,-0.2876,1.7931,-0.5462,0.0674418607711792,0.011258050727844249,0.028455941963195786,0.019150148534774758,0.06489968242645272,0.04438122386932375,0.03926448471546174,32.242672
2025-11-07 18:14:38,-0.4933282136917114,0.34041717648506165,-1.3897309303283691,-0.311689555644989,1.8742272853851318,-0.4908316731452942,-0.5617,0.3289,-1.3613,-0.2924,1.8085,-0.5355,0.06837178630828855,0.01151717648506162,0.028430930328369186,0.01928955564498902,0.06572728538513184,0.04466832685470579,0.039667510167757665,25.059425
2025-11-07 18:14:38,-0.48203811049461365,0.34389355778694153,-1.396493911743164,-0.31679388880729675,1.89097261428833,-0.4795319736003876,-0.5517,0.3321,-1.3673,-0.2971,1.8239,-0.5251,0.06966188950538632,0.011793557786941522,0.029193911743164103,0.019693888807296778,0.06707261428833,0.04556802639961244,0.04049731475512186,33.828863
2025-11-07 18:14:39,-0.4714057147502899,0.3472817540168762,-1.4028695821762085,-0.32156646251678467,1.906768798828125,-0.46891874074935913,-0.5416,0.3354,-1.3738,-0.3018,1.8394,-0.5145,0.07019428524971005,0.011881754016876245,0.029069582176208586,0.019766462516784655,0.06736879882812508,0.045581259250640827,0.04064369033972424,30.522628
2025-11-07 18:14:39,-0.4607541263103485,0.3505721390247345,-1.40929114818573,-0.3263678252696991,1.922428846359253,-0.45818662643432617,-0.5314,0.3389,-1.3802,-0.3066,1.8551,-0.5037,0.07064587368965147,0.011672139024734518,0.029091148185729887,0.019767825269699113,0.06732884635925296,0.045513373565673865,0.04066986768245697,29.821963
2025-11-07 18:14:39,-0.4530995786190033,0.35300350189208984,-1.4138375520706177,-0.32986530661582947,1.9338856935501099,-0.45044195652008057,-0.5211,0.3425,-1.387,-0.3116,1.8714,-0.4926,0.06800042138099671,0.010503501892089817,0.026837552070617665,0.01826530661582948,0.06248569355010991,0.042158043479919416,0.03804175316492717,-13.952768
2025-11-07 18:14:39,-0.44246524572372437,0.3563379943370819,-1.4202706813812256,-0.3346436619758606,1.9496972560882568,-0.4398402273654938,-0.5107,0.3459,-1.3934,-0.3167,1.8883,-0.4815,0.06823475427627568,0.010437994337081924,0.026870681381225614,0.017943661975860614,0.061397256088256746,0.04165977263450621,0.0377573534488678,-15.250007
2025-11-07 18:14:39,-0.42801132798194885,0.36090540885925293,-1.428985595703125,-0.34117650985717773,1.9711768627166748,-0.42526358366012573,-0.5004,0.3491,-1.3999,-0.3215,1.9038,-0.4709,0.0723886720180511,0.011805408859252908,0.029085595703125078,0.019676509857177726,0.06737686271667487,0.04563641633987425,0.040994910915692656,30.380898
2025-11-07 18:14:39,-0.4141249656677246,0.3651890456676483,-1.4373265504837036,-0.34745049476623535,1.9915978908538818,-0.4113810360431671,-0.4844,0.3553,-1.4116,-0.3298,1.9338,-0.4525,0.07027503433227539,0.00988904566764831,0.025726550483703647,0.01765049476623537,0.05779789085388187,0.0411189639568329,0.03707633001009625,-0.856752
2025-11-07 18:14:39,-0.4038894772529602,0.3684353530406952,-1.4434682130813599,-0.3520735204219818,2.0069684982299805,-0.40108227729797363,-0.4739,0.3586,-1.4177,-0.3346,1.9491,-0.4419,0.07001052274703978,0.009835353040695216,0.025768213081359903,0.017473520421981803,0.057868498229980414,0.04081772270202638,0.036962305037180586,-7.183097
2025-11-07 18:14:40,-0.3932167887687683,0.3717506527900696,-1.44988214969635,-0.3568921387195587,2.022620677947998,-0.39039620757102966,-0.4633,0.3615,-1.4239,-0.3393,1.9619,-0.4308,0.07008321123123168,0.010250652790069592,0.025982149696350154,0.017592138719558725,0.06072067794799807,0.04040379242897035,0.03750543713569643,-10.182528
2025-11-07 18:14:40,-0.3786267340183258,0.37469014525413513,-1.4568158388137817,-0.3626023828983307,2.04016375541687,-0.3726959824562073,-0.4526,0.3649,-1.4301,-0.3443,1.9789,-0.42,0.0739732659816742,0.00979014525413513,0.02671583881378181,0.018302382898330694,0.061263755416870014,0.04730401754379271,0.03955823431809743,27.693551
2025-11-07 18:14:40,-0.36951103806495667,0.3721514046192169,-1.4570612907409668,-0.3639158606529236,2.0409882068634033,-0.3553907573223114,-0.442,0.3683,-1.4366,-0.349,1.9944,-0.4094,0.07248896193504334,0.0038514046192169027,0.020461290740966698,0.014915860652923607,0.04658820686340337,0.054009242677688585,0.03538582791487375,-11.248469
2025-11-07 18:14:40,-0.35193929076194763,0.36545366048812866,-1.4558014869689941,-0.3655744791030884,2.037644147872925,-0.3185963034629822,-0.4315,0.3714,-1.4427,-0.3537,2.0099,-0.399,0.07956070923805236,0.005946339511871346,0.013101486968994047,0.011874479103088365,0.027744147872924785,0.08040369653701784,0.03643847653865812,24.882679
2025-11-07 18:14:40,-0.3389790654182434,0.3604183793067932,-1.4546970129013062,-0.3667076826095581,2.0346970558166504,-0.2908964455127716,-0.421,0.3748,-1.4492,-0.3585,2.0254,-0.3883,0.08202093458175658,0.01438162069320681,0.005497012901306109,0.00820768260955812,0.009297055816650523,0.09740355448722837,0.03613464351495108,19.843594
2025-11-07 18:14:40,-0.3259287476539612,0.35542142391204834,-1.4536404609680176,-0.3678332567214966,2.0318803787231445,-0.2629415690898895,-0.4103,0.3774,-1.4546,-0.3632,2.0387,-0.3655,0.08437125234603882,0.021978576087951673,0.0009595390319823149,0.004633256721496559,0.006819621276855425,0.10255843091011047,0.03688677939573921,10.349607
2025-11-07 18:14:40,-0.31243738532066345,0.3502097427845001,-1.4525187015533447,-0.36898180842399597,2.028837203979492,-0.23441335558891296,-0.3997,0.3763,-1.4541,-0.3647,2.0387,-0.3375,0.08726261467933655,0.0260902572154999,0.0015812984466552216,0.0042818084239959475,0.00986279602050777,0.10308664441108706,0.03869423653284707,9.528062
2025-11-07 18:14:41,-0.2989114820957184,0.34512075781822205,-1.4514027833938599,-0.37015339732170105,2.025909185409546,-0.20564930140972137,-0.389,0.3725,-1.4541,-0.3659,2.0376,-0.3107,0.09008851790428163,0.027379242181777952,0.002697216606140085,0.004253397321701047,0.011690814590453957,0.1050506985902786,0.04019331453243888,7.844837
2025-11-07 18:14:41,-0.285174697637558,0.339857280254364,-1.4502753019332886,-0.37134990096092224,2.022758722305298,-0.1760549694299698,-0.378,0.3673,-1.4527,-0.3671,2.0342,-0.2812,0.09282530236244202,0.027442719745636,0.002424698066711528,0.004249900960922259,0.011441277694701935,0.10514503057003022,0.040588154900073996,4.954804
2025-11-07 18:14:41,-0.2716507315635681,0.33465132117271423,-1.4491822719573975,-0.37250804901123047,2.0198211669921875,-0.14754977822303772,-0.3668,0.3623,-1.4517,-0.3682,2.0315,-0.2544,0.0951492684364319,0.027648678827285778,0.0025177280426025295,0.0043080490112304415,0.011678833007812361,0.1068502217769623,0.041358796517054215,3.441473
2025-11-07 18:14:41,-0.25812485814094543,0.32952016592025757,-1.4480739831924438,-0.37366047501564026,2.0168280601501465,-0.11877996474504471,-0.3555,0.3572,-1.4505,-0.3694,2.0285,-0.2248,0.09737514185905455,0.02767983407974245,0.002426016807556053,0.004260475015640253,0.011671939849853707,0.10602003525495529,0.041572240477800386,2.817544
2025-11-07 18:14:41,-0.24441298842430115,0.32417041063308716,-1.446942687034607,-0.3748646378517151,2.0137410163879395,-0.08921632170677185,-0.344,0.352,-1.4494,-0.3705,2.0256,-0.1963,0.09958701157569883,0.02782958936691282,0.002457312965393088,0.004364637851715092,0.011858983612060392,0.10708367829322815,0.042196868944168055,-0.387939
2025-11-07 18:14:41,-0.23009520769119263,0.31868067383766174,-1.445759654045105,-0.3761071562767029,2.010603904724121,-0.05879173055291176,-0.3324,0.3468,-1.4483,-0.3717,2.0224,-0.1676,0.10230479230880735,0.028119326162338254,0.0025403459548949403,0.004407156276702906,0.011796095275879104,0.10880826944708824,0.042995997570951794,7.345176
2025-11-07 18:14:41,-0.21661342680454254,0.3135360777378082,-1.4446417093276978,-0.3772614896297455,2.0075974464416504,-0.030296120792627335,-0.3206,0.3416,-1.4471,-0.3729,2.0195,-0.1381,0.10398657319545745,0.028063922262191787,0.002458290672302299,0.004361489629745474,0.01190255355834946,0.10780387920737267,0.04309611808756986,3.357463
2025-11-07 18:14:42,-0.2035822570323944,0.30858901143074036,-1.4436062574386597,-0.37838321924209595,2.004730701446533,-0.0023393207229673862,-0.3087,0.3364,-1.446,-0.374,2.0167,-0.1096,0.10511774296760557,0.02781098856925962,0.002393742561340284,0.004383219242095948,0.011969298553466956,0.10726067927703262,0.043155945195133494,-4.9156
2025-11-07 18:14:42,-0.18194162845611572,0.300201952457428,-1.4418269395828247,-0.3802393078804016,1.9999408721923828,0.0435650534927845,-0.2905,0.3278,-1.444,-0.3761,2.0114,-0.06,0.10855837154388426,0.027598047542572002,0.0021730604171752432,0.0041393078804016215,0.011459127807617264,0.1035650534927845,0.042915494780739145,8.64489
2025-11-07 18:14:42,-0.16840232908725739,0.2951206564903259,-1.440712809562683,-0.38140514492988586,1.9969362020492554,0.07235979288816452,-0.2783,0.3224,-1.443,-0.3772,2.0085,-0.0316,0.1098976709127426,0.027279343509674092,0.002287190437316955,0.0042051449298858845,0.011563797950744803,0.10395979288816452,0.043198823438088146,1.09787
2025-11-07 18:14:42,-0.1546674519777298,0.28978046774864197,-1.439573884010315,-0.3826093375682831,1.9938931465148926,0.10191768407821655,-0.266,0.3173,-1.442,-0.3783,2.006,-0.0037,0.11133254802227022,0.02751953225135806,0.002426115989685007,0.004309337568283056,0.012106853485107205,0.10561768407821655,0.04388534523248668,1.932349
2025-11-07 18:14:42,-0.14036498963832855,0.2843233346939087,-1.4384061098098755,-0.383838415145874,1.9907082319259644,0.13234803080558777,-0.2537,0.3124,-1.441,-0.3794,2.0033,0.0232,0.11333501036167143,0.02807666530609132,0.0025938901901245703,0.004438415145874008,0.012591768074035503,0.10914803080558777,0.0450306299805641,9.198625
2025-11-07 18:14:42,-0.12688322365283966,0.27915382385253906,-1.4372978210449219,-0.3849831521511078,1.9876786470413208,0.1608206331729889,-0.2413,0.3074,-1.4397,-0.3806,2.0,0.0527,0.11441677634716033,0.028246176147460944,0.0024021789550781047,0.004383152151107794,0.0123213529586792,0.1081206331729889,0.04498171162207921,5.312616
2025-11-07 18:14:42,-0.11336309462785721,0.27400922775268555,-1.4361971616744995,-0.38615280389785767,1.9847698211669922,0.1895904392004013,-0.2289,0.3024,-1.4388,-0.3817,1.9972,0.0796,0.11553690537214278,0.028390772247314455,0.002602838325500567,0.004452803897857682,0.012430178833007899,0.1099904392004013,0.04556732297937078,-0.249234
2025-11-07 18:14:43,-0.09906831383705139,0.2685309946537018,-1.435035228729248,-0.3873838484287262,1.9815771579742432,0.22000160813331604,-0.2163,0.2971,-1.4374,-0.3829,1.9939,0.1099,0.1172316861629486,0.028569005346298193,0.002364771270751964,0.004483848428726178,0.012322842025756842,0.11010160813331604,0.04584562689463297,9.130014
2025-11-07 18:14:43,-0.08606782555580139,0.2635129690170288,-1.4339556694030762,-0.3885132372379303,1.9786971807479858,0.2476957142353058,-0.2037,0.2917,-1.4363,-0.3842,1.9907,0.1403,0.1176321744441986,0.028187030982971206,0.0023443305969237382,0.004313237237930312,0.012002819252014074,0.10739571423530578,0.04531255112489061,-2.374692
2025-11-07 18:14:43,-0.07254195213317871,0.2583703100681305,-1.4328492879867554,-0.3896694779396057,1.9756790399551392,0.27650004625320435,-0.191,0.2862,-1.4358,-0.3854,1.9873,0.1689,0.11845804786682129,0.027829689931869517,0.002950712013244594,0.0042694779396056926,0.011620960044860906,0.10760004625320435,0.04545482234160106,0.834098
2025-11-07 18:14:43,-0.059560637921094894,0.2533714473247528,-1.4317792654037476,-0.390796959400177,1.9727798700332642,0.30417880415916443,-0.1782,0.281,-1.4341,-0.3865,1.9852,0.1983,0.1186393620789051,0.02762855267524722,0.0023207345962523718,0.004296959400176992,0.012420129966735916,0.10587880415916442,0.045197423812747,-6.171942
2025-11-07 18:14:43,-0.04603667929768562,0.24822109937667847,-1.4306920766830444,-0.39196085929870605,1.9698442220687866,0.3329869508743286,-0.1653,0.2758,-1.4337,-0.3877,1.9815,0.2259,0.11926332070231438,0.027578900623321523,0.003007923316955541,0.004260859298706066,0.011655777931213418,0.10708695087432862,0.04547562212447326,-7.740278
2025-11-07 18:14:43,-0.03230563551187515,0.24290777742862701,-1.429555058479309,-0.39315927028656006,1.9667283296585083,0.36254292726516724,-0.1524,0.2703,-1.4324,-0.3889,1.9789,0.2557,0.12009436448812486,0.02739222257137297,0.0028449415206908135,0.004259270286560035,0.012171670341491803,0.10684292726516725,0.04560089941223463,-11.30211
2025-11-07 18:14:43,-0.01877400651574135,0.23770183324813843,-1.428435206413269,-0.3943212628364563,1.9637906551361084,0.39108648896217346,-0.1394,0.2651,-1.4314,-0.39,1.9759,0.2842,0.12062599348425865,0.027398166751861575,0.0029647935867309627,0.0043212628364562855,0.012109344863891591,0.10688648896217345,0.045717675080895415,-13.117156
2025-11-07 18:14:43,-0.0004352670512162149,0.23074905574321747,-1.4269261360168457,-0.39590510725975037,1.959654688835144,0.4301397204399109,-0.1264,0.26,-1.4302,-0.3912,1.9731,0.3121,0.1259647329487838,0.02925094425678254,0.0032738639831542127,0.004705107259750374,0.013445311164856033,0.1180397204399109,0.049113280008872974,35.214301
2025-11-07 18:14:44,0.013096361421048641,0.2255450338125229,-1.4258294105529785,-0.3970632553100586,1.9567209482192993,0.4589536190032959,-0.1133,0.255,-1.4292,-0.3923,1.9702,0.3407,0.12639636142104865,0.029454966187477116,0.0033705894470215103,0.004763255310058612,0.013479051780700635,0.1182536190032959,0.049286307191600404,32.229627
2025-11-07 18:14:44,0.026850415393710136,0.2202700525522232,-1.4246981143951416,-0.3982597589492798,1.9536607265472412,0.4885095953941345,-0.1002,0.2498,-1.4281,-0.3935,1.967,0.3693,0.12705041539371015,0.02952994744777679,0.0034018856048583235,0.004759758949279769,0.01333927345275887,0.1192095953941345,0.04954847937375306,27.823839
2025-11-07 18:14:44,0.040376290678977966,0.21515806019306183,-1.423583984375,-0.39940834045410156,1.950631022453308,0.5170531272888184,-0.087,0.2445,-1.4269,-0.3947,1.964,0.399,0.12737629067897796,0.029341939806938167,0.003316015625000057,0.004708340454101567,0.013368977546691863,0.11805312728881834,0.04936078190008799,24.869364
2025-11-07 18:14:44,0.05743607506155968,0.2085600346326828,-1.4222015142440796,-0.400896281003952,1.9468650817871094,0.5536711812019348,-0.0671,0.2363,-1.4245,-0.3966,1.9593,0.4475,0.12453607506155968,0.02773996536731721,0.0022984857559205096,0.004296281003952018,0.012434918212890667,0.1061711812019348,0.046246151100595816,-10.443425
2025-11-07 18:14:44,0.07094661146402359,0.2034192681312561,-1.4210797548294067,-0.40205445885658264,1.9438585042953491,0.5822070837020874,-0.0537,0.2309,-1.424,-0.3978,1.9559,0.4753,0.12464661146402359,0.02748073186874389,0.0029202451705931942,0.004254458856582655,0.01204149570465085,0.1069070837020874,0.04637510446111359,-14.412963
2025-11-07 18:14:44,0.08930835872888565,0.19635145366191864,-1.419555425643921,-0.4036306142807007,1.9397839307785034,0.6212621927261353,-0.0403,0.2255,-1.4229,-0.3989,1.953,0.5039,0.12960835872888565,0.029148546338081366,0.003344574356079155,0.004730614280700707,0.013216069221496651,0.11736219272613524,0.049568392608563126,32.586226
2025-11-07 18:14:44,0.10270193219184875,0.19118386507034302,-1.4184682369232178,-0.40480026602745056,1.9368367195129395,0.650060772895813,-0.0269,0.2203,-1.4217,-0.4001,1.9501,0.5337,0.12960193219184876,0.029116134929656978,0.0032317630767821903,0.00470026602745055,0.013263280487060491,0.11636077289581304,0.049379024934768666,25.774217
2025-11-07 18:14:45,0.11698329448699951,0.18568837642669678,-1.4173177480697632,-0.4060255289077759,1.9336633682250977,0.6804470419883728,-0.0134,0.2152,-1.4206,-0.4012,1.9472,0.5604,0.1303832944869995,0.029511623573303225,0.0032822519302369013,0.004825528907775878,0.013536631774902386,0.1200470419883728,0.05026439544359845,30.75997
2025-11-07 18:14:45,0.13086006045341492,0.1803712099790573,-1.4161787033081055,-0.4072354733943939,1.9305914640426636,0.7100797295570374,0.0001,0.2101,-1.4195,-0.4024,1.9443,0.5901,0.13076006045341493,0.029728790020942697,0.0033212966918945153,0.004835473394393941,0.013708535957336343,0.1199797295570374,0.0503889810125033,28.959581
2025-11-07 18:14:45,0.14437443017959595,0.17523428797721863,-1.4150550365447998,-0.40839171409606934,1.9276098012924194,0.7385599613189697,0.0137,0.2049,-1.4184,-0.4036,1.9412,0.6186,0.13067443017959596,0.02966571202278137,0.0033449634552003005,0.004791714096069322,0.013590198707580603,0.11995996131896969,0.0503378299633662,27.703821
2025-11-07 18:14:45,0.15862703323364258,0.16979633271694183,-1.4138720035552979,-0.40961697697639465,1.9243826866149902,0.768994152545929,0.0273,0.1997,-1.4173,-0.4047,1.9381,0.6473,0.1313270332336426,0.029903667283058155,0.0034279964447021527,0.004916976976394649,0.0137173133850097,0.12169415254592897,0.0508311899781227,31.86278
2025-11-07 18:14:45,0.17205895483493805,0.16461147367954254,-1.412782907485962,-0.41077128052711487,1.9215008020401,0.7977294325828552,0.0409,0.1943,-1.4162,-0.406,1.935,0.6777,0.13115895483493806,0.02968852632045746,0.0034170925140379893,0.004771280527114841,0.013499197959899956,0.12002943258285526,0.05042741412321725,31.453529
2025-11-07 18:14:45,0.1859012097120285,0.1593000739812851,-1.4116668701171875,-0.4119601249694824,1.9183714389801025,0.8273429274559021,0.0547,0.189,-1.415,-0.4072,1.932,0.7074,0.1312012097120285,0.029699926018714906,0.0033331298828125355,0.0047601249694824155,0.0136285610198974,0.11994292745590207,0.0504276465098063,28.636086
2025-11-07 18:14:45,0.19943475723266602,0.15415164828300476,-1.4105452299118042,-0.4131297767162323,1.9154051542282104,0.8558194041252136,0.0684,0.1838,-1.4139,-0.4083,1.9291,0.7359,0.131034757232666,0.02964835171699523,0.0033547700881957354,0.0048297767162323035,0.013694845771789588,0.11991940412521362,0.05041365094184874,32.045949
2025-11-07 18:14:46,0.21281491219997406,0.14898596704006195,-1.409442663192749,-0.4143032729625702,1.9124042987823486,0.8846026062965393,0.0823,0.1778,-1.412,-0.4099,1.9253,0.7754,0.13051491219997408,0.028814032959938063,0.0025573368072508984,0.004403272962570204,0.012895701217651379,0.10920260629653933,0.048064643740653994,27.217685
2025-11-07 18:14:46,0.22671085596084595,0.14364388585090637,-1.40829598903656,-0.4154825210571289,1.909317135810852,0.9141796827316284,0.0962,0.1728,-1.4116,-0.4107,1.9229,0.795,0.13051085596084594,0.029156114149093637,0.0033040109634399073,0.004782521057128897,0.013582864189148003,0.11917968273162838,0.05008600817521413,24.695563
2025-11-07 18:14:46,0.23935085535049438,0.13886360824108124,-1.407260537147522,-0.4165831506252289,1.9065771102905273,0.9410454630851746,0.1102,0.1671,-1.4099,-0.4122,1.9194,0.8337,0.12915085535049436,0.02823639175891876,0.0026394628524779584,0.004383150625228871,0.012822889709472651,0.10734546308517456,0.047429702230294524,13.340882
2025-11-07 18:14:46,0.2524683177471161,0.1338532418012619,-1.4061906337738037,-0.41770681738853455,1.9036126136779785,0.9687548875808716,0.1242,0.1615,-1.4085,-0.4134,1.9163,0.8622,0.12826831774711608,0.027646758198738103,0.0023093662261963743,0.004306817388534556,0.012687386322021377,0.10655488758087162,0.04696225557724635,8.004161
2025-11-07 18:14:46,0.2658791244029999,0.1286875605583191,-1.4051034450531006,-0.4188707172870636,1.900709629058838,0.99752277135849,0.1383,0.1563,-1.4075,-0.4146,1.9133,0.891,0.12757912440299987,0.027612439441680903,0.0023965549468993874,0.0042707172870635746,0.01259037094116211,0.10652277135848998,0.0468286630630493,6.055029
2025-11-07 18:14:46,0.2789812386035919,0.12368295341730118,-1.4040277004241943,-0.4199981987476349,1.8977144956588745,1.025264859199524,0.1524,0.151,-1.4063,-0.4157,1.9104,0.9205,0.1265812386035919,0.027317046582698817,0.0022722995758057696,0.004298198747634874,0.012685504341125586,0.10476485919952394,0.04631985784173015,-0.596085
2025-11-07 18:14:46,0.2923729121685028,0.11853261291980743,-1.402927041053772,-0.4211544394493103,1.8948267698287964,1.0539923906326294,0.1665,0.146,-1.4054,-0.4168,1.9076,0.9475,0.1258729121685028,0.027467387080192557,0.00247295894622801,0.004354439449310299,0.012773230171203576,0.10649239063262939,0.046572219741344435,-4.802273
2025-11-07 18:14:47,0.31439894437789917,0.11006887257099152,-1.401116967201233,-0.4230469763278961,1.8899468183517456,1.100959062576294,0.1879,0.1375,-1.4035,-0.4188,1.9025,0.9951,0.12649894437789916,0.027431127429008495,0.0023830327987670596,0.004246976327896113,0.012553181648254474,0.10585906257629396,0.04649538752635321,5.25211
2025-11-07 18:14:47,0.32871291041374207,0.10458489507436752,-1.3999472856521606,-0.42427223920822144,1.8867100477218628,1.1313587427139282,0.2021,0.1324,-1.4024,-0.4199,1.8997,1.0228,0.12661291041374206,0.027815104925632467,0.0024527143478394464,0.00437223920822144,0.012989952278137151,0.10855874271392829,0.0471336106479168,7.216471
2025-11-07 18:14:47,0.3413030505180359,0.09972025454044342,-1.3989099264144897,-0.42537862062454224,1.8839508295059204,1.1582379341125488,0.2165,0.1273,-1.4013,-0.4211,1.8968,1.0516,0.12480305051803589,0.027579745459556576,0.002390073585510244,0.004278620624542262,0.012849170494079631,0.10663793411254874,0.04642309913237889,1.498684
2025-11-07 18:14:47,0.35445693135261536,0.09477891772985458,-1.3978208303451538,-0.4264965057373047,1.881024718284607,1.1859396696090698,0.2308,0.1222,-1.4003,-0.4222,1.8939,1.0794,0.12365693135261535,0.02742108227014542,0.0024791696548462916,0.004296505737304668,0.012875281715392983,0.10653966960906991,0.046211440056562435,-9.191722
2025-11-07 18:14:47,0.37277841567993164,0.08777821809053421,-1.3963290452957153,-0.4280861020088196,1.8769558668136597,1.2250293493270874,0.2452,0.1169,-1.3996,-0.4233,1.8905,1.1077,0.12757841567993164,0.029121781909465794,0.003270954704284623,0.0047861020088195705,0.013544133186340401,0.1173293493270875,0.04927178946932159,33.919125
2025-11-07 18:14:47,0.38617774844169617,0.0826106145977974,-1.3952264785766602,-0.42925000190734863,1.874006748199463,1.253793478012085,0.2597,0.1112,-1.3984,-0.4245,1.8871,1.1373,0.12647774844169618,0.0285893854022026,0.003173521423339931,0.004750001907348644,0.013093251800537109,0.11649347801208498,0.04876289783120158,31.969202
2025-11-07 18:14:47,0.40005066990852356,0.07730495929718018,-1.3940855264663696,-0.4304369390010834,1.870911955833435,1.2834069728851318,0.2742,0.1061,-1.3973,-0.4256,1.8844,1.1641,0.12585066990852356,0.028795040702819824,0.0032144735336303576,0.004836939001083396,0.013488044166565016,0.11930697288513192,0.04924869003295901,32.849558
2025-11-07 18:14:48,0.41358232498168945,0.0721239447593689,-1.392977237701416,-0.4315873980522156,1.8679341077804565,1.3119044303894043,0.2888,0.1006,-1.3955,-0.4272,1.8812,1.2027,0.12478232498168945,0.0284760552406311,0.002522762298583947,0.004387398052215552,0.01326589221954344,0.1092044303894042,0.047106477197011276,29.34251
2025-11-07 18:14:48,0.4269605278968811,0.0669390857219696,-1.3918843269348145,-0.43276283144950867,1.8649640083312988,1.3407068252563477,0.3033,0.0958,-1.3951,-0.428,1.8787,1.2224,0.12366052789688109,0.028860914278030392,0.0032156730651855536,0.004762831449508675,0.013735991668701208,0.11830682525634773,0.04875712726910911,28.684096
2025-11-07 18:14:48,0.44085457921028137,0.06161808967590332,-1.3907530307769775,-0.433949738740921,1.8618403673171997,1.370278239250183,0.3179,0.0909,-1.3939,-0.4291,1.8757,1.251,0.12295457921028136,0.029281910324096674,0.003146969223022378,0.004849738740921039,0.013859632682800216,0.11927823925018322,0.04889517823855081,25.898362
2025-11-07 18:14:48,0.45439770817756653,0.05652335658669472,-1.3896293640136719,-0.4351155757904053,1.8589200973510742,1.3988102674484253,0.3326,0.085,-1.3923,-0.4307,1.8719,1.2895,0.12179770817756652,0.02847664341330529,0.002670635986328218,0.004415575790405246,0.012979902648925679,0.1093102674484252,0.04660845557749269,22.03653
2025-11-07 18:14:48,0.46735599637031555,0.05150148645043373,-1.3885574340820312,-0.4362334609031677,1.8559998273849487,1.4267593622207642,0.3474,0.0792,-1.3909,-0.4318,1.8689,1.318,0.11995599637031557,0.027698513549566275,0.0023425659179687752,0.0044334609031677075,0.012900172615051275,0.1087593622207641,0.04601501192947228,16.788056
2025-11-07 18:14:48,0.48000368475914,0.04664643853902817,-1.3875240087509155,-0.43732643127441406,1.853227138519287,1.4536499977111816,0.3621,0.074,-1.3899,-0.433,1.8661,1.3469,0.11790368475914004,0.02735356146097183,0.002375991249084386,0.0043264312744140665,0.012872861480712983,0.10674999771118165,0.0452637546559175,8.079975
2025-11-07 18:14:48,0.49388235807418823,0.041300516575574875,-1.3863868713378906,-0.43852099776268005,1.850103497505188,1.4831944704055786,0.3769,0.0688,-1.3888,-0.4342,1.8631,1.3764,0.11698235807418822,0.027499483424425125,0.0024131286621094095,0.004320997762680079,0.01299650249481199,0.10679447040557855,0.04516782347063223,8.360118
2025-11-07 18:14:48,0.5073967576026917,0.03615400940179825,-1.385278582572937,-0.43969643115997314,1.8471065759658813,1.51173996925354,0.3917,0.0636,-1.3876,-0.4354,1.8601,1.4049,0.11569675760269166,0.027445990598201755,0.002321417427062933,0.004296431159973135,0.012993424034118739,0.10683996925354,0.0449323316792647,6.425705
2025-11-07 18:14:49,0.5216646790504456,0.030710294842720032,-1.3841089010238647,-0.44092169404029846,1.8439925909042358,1.5421147346496582,0.4065,0.0585,-1.3866,-0.4365,1.8573,1.4328,0.11516467905044558,0.02778970515727997,0.0024910989761353086,0.004421694040298463,0.013307409095764111,0.10931473464965813,0.04541488682826359,8.599594
2025-11-07 18:14:49,0.5350256562232971,0.025575295090675354,-1.3830006122589111,-0.4420779347419739,1.8409725427627563,1.5708884000778198,0.4213,0.0537,-1.3856,-0.4376,1.8545,1.4599,0.11372565622329711,0.028124704909324644,0.00259938774108881,0.004477934741973888,0.01352745723724369,0.11098840007781985,0.04557392348845799,7.034684
2025-11-07 18:14:49,0.5583670735359192,0.01663793995976448,-1.381096601486206,-0.4440855085849762,1.8357914686203003,1.6203055381774902,0.4435,0.0462,-1.3844,-0.4392,1.8498,1.5003,0.11486707353591918,0.029562060040235517,0.0033033985137940203,0.004885508584976217,0.014008531379699818,0.12000553817749027,0.047772018372019165,31.174819
2025-11-07 18:14:49,0.5717529654502869,0.01146650593727827,-1.3800113201141357,-0.44525519013404846,1.8328999280929565,1.6491233110427856,0.4583,0.0408,-1.3833,-0.4404,1.8467,1.529,0.11345296545028688,0.029333494062721732,0.003288679885864232,0.004855190134048448,0.013800071907043465,0.12012331104278573,0.04747561874712508,26.329603
2025-11-07 18:14:49,0.5860190391540527,0.005978689994663,-1.3788321018218994,-0.4464862048625946,1.8296709060668945,1.6795095205307007,0.4732,0.0355,-1.3821,-0.4416,1.8437,1.5587,0.11281903915405272,0.029521310005336997,0.003267898178100692,0.004886204862594612,0.014029093933105363,0.12080952053070071,0.04755551111064852,30.659208
2025-11-07 18:14:49,0.5999149680137634,0.0006922088214196265,-1.377689242362976,-0.4476635456085205,1.8266489505767822,1.7091057300567627,0.4881,0.0304,-1.381,-0.4427,1.8408,1.5872,0.11181496801376345,0.029707791178580373,0.003310757637023931,0.004963545608520525,0.014151049423217765,0.12190573005676275,0.047642306986311465,27.932947
2025-11-07 18:14:49,0.6134312748908997,-0.0044293696992099285,-1.3765655755996704,-0.4488351047039032,1.8235925436019897,1.737601399421692,0.5031,0.025,-1.3798,-0.444,1.8375,1.6176,0.11033127489089967,0.02942936969920993,0.0032344244003295053,0.0048351047039031925,0.013907456398010165,0.12000139942169197,0.0469565049190074,28.88507
2025-11-07 18:14:50,0.6267921924591064,-0.009610389359295368,-1.3754783868789673,-0.44999900460243225,1.8206645250320435,1.7663884162902832,0.518,0.0196,-1.3788,-0.4451,1.8346,1.6462,0.10879219245910643,0.029210389359295368,0.0033216131210327404,0.004899004602432255,0.013935474967956551,0.1201884162902831,0.046724515133351074,24.642952
2025-11-07 18:14:50,0.6387323141098022,-0.012486604042351246,-1.3762415647506714,-0.4512588083744049,1.8190289735794067,1.787053108215332,0.5332,0.0133,-1.3769,-0.4468,1.8307,1.6871,0.10553231410980224,0.025786604042351245,0.0006584352493286261,0.004458808374404932,0.011671026420593256,0.09995310821533199,0.041343382735302046,20.149937
2025-11-07 18:14:50,0.6456352472305298,-0.004945170599967241,-1.3861126899719238,-0.4531647562980652,1.8239203691482544,1.7783688306808472,0.5483,0.0075,-1.3757,-0.4479,1.8279,1.7152,0.09733524723052978,0.012445170599967241,0.010412689971923905,0.005264756298065165,0.003979630851745686,0.06316883068084711,0.03210105427217982,16.300458
2025-11-07 18:14:50,0.6518229246139526,0.004853131715208292,-1.3981448411941528,-0.45528358221054077,1.8306527137756348,1.7616004943847656,0.5635,0.0024,-1.3747,-0.4491,1.825,1.7437,0.08832292461395264,0.0024531317152082922,0.0234448411941528,0.006183582210540772,0.00565271377563481,0.017900494384765597,0.023992947982375817,15.242312
2025-11-07 18:14:50,0.6573107838630676,0.013932380825281143,-1.409076452255249,-0.4572566747665405,1.8368499279022217,1.7453806400299072,0.5786,-0.0026,-1.3735,-0.4502,1.8221,1.7726,0.07871078386306762,0.01653238082528114,0.03557645225524908,0.007056674766540538,0.014749927902221627,0.027219359970092727,0.029974263263742123,6.137667
2025-11-07 18:14:50,0.6630996465682983,0.023191871121525764,-1.4204949140548706,-0.45926618576049805,1.8433501720428467,1.7287906408309937,0.5936,-0.0053,-1.3759,-0.4517,1.8216,1.7853,0.06949964656829832,0.028491871121525764,0.044594914054870705,0.0075661857604980565,0.02175017204284657,0.05650935916900646,0.03806869145284098,-2.144363
2025-11-07 18:14:50,0.6687695980072021,0.032589420676231384,-1.4317889213562012,-0.46126803755760193,1.8497315645217896,1.7121871709823608,0.6085,-0.0034,-1.3881,-0.4537,1.8257,1.7759,0.06026959800720211,0.035989420676231385,0.04368892135620128,0.0075680375576019365,0.02403156452178945,0.0637128290176392,0.039210061856110895,-7.038051
2025-11-07 18:14:51,0.6764529347419739,0.04509328305721283,-1.4470577239990234,-0.46396592259407043,1.8583869934082031,1.6897220611572266,0.6231,0.0063,-1.3987,-0.4557,1.8306,1.7592,0.05335293474197389,0.03879328305721283,0.04835772399902338,0.00826592259407044,0.02778699340820312,0.06947793884277353,0.04100579944054287,30.459507
2025-11-07 18:14:51,0.6822935342788696,0.0547439381480217,-1.4586987495422363,-0.4660598039627075,1.8649965524673462,1.6725012063980103,0.6356,0.0168,-1.4086,-0.4577,1.8376,1.743,0.046693534278869575,0.0379439381480217,0.050098749542236254,0.008359803962707524,0.02739655246734629,0.07049879360198985,0.04016522866686187,29.317253
2025-11-07 18:14:51,0.6883681416511536,0.06468605250120163,-1.4707539081573486,-0.4681805372238159,1.8717901706695557,1.6548852920532227,0.6462,0.0261,-1.4215,-0.4598,1.844,1.7255,0.04216814165115357,0.03858605250120163,0.04925390815734865,0.008380537223815931,0.02779017066955558,0.07061470794677738,0.03946558635830879,26.662878
2025-11-07 18:14:51,0.6939211487770081,0.07371161133050919,-1.4817429780960083,-0.4701574444770813,1.878004789352417,1.6386500597000122,0.6544,0.0349,-1.432,-0.4618,1.8508,1.7092,0.039521148777008075,0.038811611330509185,0.04974297809600836,0.00835744447708131,0.02720478935241699,0.07054994029998785,0.03903131872216863,17.613607
2025-11-07 18:14:51,0.7017521262168884,0.08656253665685654,-1.4973435401916504,-0.47291669249534607,1.886844277381897,1.6158608198165894,0.6652,0.0509,-1.451,-0.4652,1.8594,1.681,0.036552126216888414,0.035662536656856536,0.04634354019165032,0.007716692495346067,0.02744427738189703,0.0651391801834107,0.036476392187674844,-7.391063
2025-11-07 18:14:51,0.7076387405395508,0.09613074362277985,-1.5090765953063965,-0.47498756647109985,1.893486499786377,1.5986247062683105,0.6713,0.0605,-1.4628,-0.4673,1.8689,1.6639,0.03633874053955077,0.03563074362277985,0.046276595306396384,0.00768756647109986,0.024586499786376947,0.06527529373168939,0.035965906576315536,-12.761208
2025-11-07 18:14:51,0.7156787514686584,0.10928654670715332,-1.5250741243362427,-0.47784459590911865,1.902544617652893,1.5751969814300537,0.6774,0.0701,-1.4745,-0.4693,1.8742,1.6465,0.038278751468658445,0.039186546707153325,0.050574124336242754,0.008544595909118657,0.02834461765289298,0.07130301856994636,0.03937194244066875,30.052733
2025-11-07 18:14:52,0.7215174436569214,0.11891994625329971,-1.5366863012313843,-0.47992122173309326,1.9091004133224487,1.5579472780227661,0.683,0.0795,-1.4859,-0.4714,1.8816,1.63,0.038517443656921335,0.03941994625329971,0.05078630123138428,0.008521221733093276,0.02750041332244879,0.07205272197723378,0.03946634136239686,29.233443
2025-11-07 18:14:52,0.7276073694229126,0.12886972725391388,-1.548762559890747,-0.4820515513420105,1.915963053703308,1.5403698682785034,0.6888,0.0891,-1.4975,-0.4734,1.8874,1.6126,0.03880736942291263,0.03976972725391388,0.05126255989074702,0.00865155134201051,0.02856305370330814,0.07223013172149662,0.03988073222239813,26.016467
2025-11-07 18:14:52,0.7338468432426453,0.1390841156244278,-1.5611475706100464,-0.48425090312957764,1.9229695796966553,1.5221518278121948,0.6947,0.0991,-1.5095,-0.4756,1.8948,1.595,0.03914684324264528,0.0399841156244278,0.05164757061004632,0.008650903129577614,0.028169579696655234,0.07284817218780515,0.04007453074852623,29.733926
2025-11-07 18:14:52,0.7397353649139404,0.14866383373737335,-1.572884440422058,-0.4863390326499939,1.929540753364563,1.5048965215682983,0.7004,0.1087,-1.5213,-0.4777,1.9013,1.5778,0.03933536491394041,0.03996383373737335,0.05158444042205801,0.008639032649993883,0.028240753364562998,0.07290347843170175,0.04011115058660506,25.54513
2025-11-07 18:14:52,0.7455875277519226,0.15829531848430634,-1.5845235586166382,-0.48842716217041016,1.936177134513855,1.487648844718933,0.7068,0.1218,-1.5382,-0.4805,1.9085,1.5544,0.038787527751922624,0.03649531848430633,0.04632355861663817,0.007927162170410174,0.027677134513854895,0.0667511552810669,0.03732697613636651,26.56371
2025-11-07 18:14:52,0.7518365979194641,0.16853079199790955,-1.5969200134277344,-0.49063417315483093,1.9432506561279297,1.4694212675094604,0.7121,0.1285,-1.5453,-0.482,1.9169,1.5431,0.039736597919464156,0.04003079199790954,0.05162001342773448,0.008634173154830949,0.02635065612792964,0.07367873249053947,0.04000849418640137,28.800308
2025-11-07 18:14:52,0.7579111456871033,0.17847482860088348,-1.6089924573898315,-0.49275681376457214,1.95005202293396,1.4518744945526123,0.7181,0.1383,-1.5574,-0.4841,1.9204,1.5246,0.03981114568710331,0.04017482860088348,0.05159245738983165,0.008656813764572169,0.029652022933959854,0.07272550544738765,0.04043546230395635,28.236645
2025-11-07 18:14:53,0.7638303637504578,0.18801236152648926,-1.620748519897461,-0.49483153223991394,1.9566270112991333,1.4346017837524414,0.7244,0.1517,-1.5744,-0.4869,1.9295,1.5011,0.03943036375045772,0.036312361526489256,0.046348519897460916,0.007931532239913941,0.027127011299133308,0.0664982162475587,0.037274667493502306,25.698222
2025-11-07 18:14:53,0.7696710228919983,0.1977243721485138,-1.6323665380477905,-0.496925413608551,1.9632902145385742,1.4173541069030762,0.7306,0.1622,-1.5877,-0.4891,1.9425,1.4828,0.039071022891998264,0.03552437214851378,0.04466653804779064,0.007825413608551046,0.020790214538574325,0.06544589309692372,0.03555390905539196,22.992099
2025-11-07 18:14:53,0.7757379412651062,0.20762813091278076,-1.644456148147583,-0.4990557134151459,1.9701509475708008,1.3997957706451416,0.7365,0.1716,-1.5987,-0.4912,1.9478,1.4657,0.03923794126510616,0.03602813091278076,0.045756148147583,0.007855713415145849,0.022350947570800805,0.0659042293548584,0.03618885177771249,21.226867
2025-11-07 18:14:53,0.7812564373016357,0.21666711568832397,-1.6554049253463745,-0.5010096430778503,1.9763424396514893,1.383535623550415,0.7424,0.1816,-1.6111,-0.4933,1.9549,1.4479,0.03885643730163579,0.03506711568832396,0.044304925346374535,0.0077096430778503255,0.021442439651489176,0.06436437644958493,0.035290822919209784,12.529507
2025-11-07 18:14:53,0.7873463034629822,0.22659005224704742,-1.6674697399139404,-0.5031610131263733,1.9831706285476685,1.3659120798110962,0.7483,0.1912,-1.6227,-0.4954,1.9613,1.4306,0.03904630346298221,0.035390052247047415,0.0447697399139404,0.007761013126373284,0.021870628547668414,0.0646879201889039,0.035587609581152604,11.656866
2025-11-07 18:14:53,0.7928667068481445,0.23566164076328278,-1.678452968597412,-0.5051149725914001,1.989387035369873,1.3496633768081665,0.7541,0.2008,-1.6341,-0.4975,1.9677,1.4133,0.03876670684814454,0.03486164076328277,0.044352968597412,0.007614972591400149,0.021687035369873042,0.0636366231918335,0.035153324560324335,-0.647743
2025-11-07 18:14:53,0.8024867177009583,0.25137725472450256,-1.6975741386413574,-0.5085107684135437,2.000222682952881,1.3217066526412964,0.7634,0.2168,-1.6535,-0.501,1.9793,1.3846,0.039086717700958284,0.03457725472450257,0.04407413864135745,0.0075107684135437,0.0209226829528808,0.06289334735870367,0.03484415163199108,10.788001
2025-11-07 18:14:54,0.8080052137374878,0.2604392468929291,-1.7085803747177124,-0.5104436278343201,2.0064563751220703,1.3054311275482178,0.7691,0.2268,-1.6664,-0.5031,1.9856,1.3664,0.03890521373748779,0.033639246892929076,0.0421803747177123,0.007343627834320077,0.02085637512207028,0.060968872451782286,0.0339822851260503,2.786536
