Timestamp,Real_J1,Real_J2,Real_J3,Real_J4,Real_J5,Real_J6,Sim_J1,Sim_J2,Sim_J3,Sim_J4,Sim_J5,Sim_J6,RMSE_per_joint,Avg_RMSE,TimeDelay_ms
2025-11-07 20:39:40,0.0,0.0,0.0,0.0,0.0,0.0,0.0,0.0,0.0,0.0,0.0,0.0,0.0,0.0,0.0,0.0,0.0,0.0,0.0,0.0
2025-11-07 20:39:41,0.0,0.0,0.0,0.0,0.0,0.0,0.0,0.0,0.0,0.0,0.0,0.0,0.0,0.0,0.0,0.0,0.0,0.0,0.0,0.0
2025-11-07 20:39:41,0.0,0.0,0.0,0.0,0.0,0.0,0.0,0.0,0.0,0.0,0.0,0.0,0.0,0.0,0.0,0.0,0.0,0.0,0.0,0.0
2025-11-07 20:39:41,0.0,0.0,0.0,0.0,0.0,0.0,0.0,0.0,0.0,0.0,0.0,0.0,0.0,0.0,0.0,0.0,0.0,0.0,0.0,0.0
2025-11-07 20:39:41,0.0,0.0,0.0,0.0,0.0,0.0,0.0,0.0,0.0,0.0,0.0,0.0,0.0,0.0,0.0,0.0,0.0,0.0,0.0,0.0
2025-11-07 20:39:41,-0.022702915593981743,-0.27997833490371704,-0.9524620771408081,0.1946391463279724,-1.3150031566619873,0.4710509777069092,0.5478,-0.3248,-0.9708,0.135,-1.3527,0.3862,0.5705029155939817,0.04482166509628294,0.01833792285919189,0.0596391463279724,0.03769684333801271,0.08485097770690919,0.13597491182039181,-1.11848
2025-11-07 20:39:42,-0.050289642065763474,-0.2760264277458191,-0.9464028477668762,0.21479181945323944,-1.3083678483963013,0.49668189883232117,0.5355,-0.3222,-0.9659,0.1541,-1.3483,0.4077,0.5857896420657634,0.046173572254180895,0.01949715223312376,0.060691819453239454,0.039932151603698784,0.08898189883232116,0.14017770607372124,13.943961
2025-11-07 20:39:42,-0.07179413735866547,-0.2728204131126404,-0.9416628479957581,0.23047678172588348,-1.3032894134521484,0.516690731048584,0.523,-0.3197,-0.9597,0.1753,-1.3436,0.4342,0.5947941373586655,0.0468795868873596,0.01803715200424194,0.05517678172588347,0.04031058654785147,0.08249073104858401,0.13961482926209767,14.895643
2025-11-07 20:39:42,-0.09214622527360916,-0.26993268728256226,-0.9372507333755493,0.24535639584064484,-1.2985697984695435,0.5357638597488403,0.5107,-0.3171,-0.955,0.19,-1.3389,0.4534,0.6028462252736092,0.04716731271743774,0.017749266624450644,0.055356395840644834,0.04033020153045652,0.0823638597488403,0.14096887695590654,12.635779
2025-11-07 20:39:42,-0.11295467615127563,-0.26679569482803345,-0.9326047301292419,0.26063674688339233,-1.293438196182251,0.5549501180648804,0.4983,-0.3145,-0.9505,0.2048,-1.3343,0.4725,0.6112546761512756,0.047704305171966555,0.017895269870758068,0.055836746883392324,0.040861803817749065,0.0824501180648804,0.14266715332667035,11.299605
2025-11-07 20:39:42,-0.1331150233745575,-0.26382550597190857,-0.9280698895454407,0.27532655000686646,-1.2886767387390137,0.5739254951477051,0.4858,-0.3119,-0.9459,0.2201,-1.3296,0.4919,0.6189150233745575,0.04807449402809144,0.01783011045455929,0.055226550006866465,0.04092326126098622,0.08202549514770507,0.143832489045461,7.501293
2025-11-07 20:39:42,-0.15149785578250885,-0.2610240876674652,-0.9240700006484985,0.2887718975543976,-1.2840805053710938,0.5910313129425049,0.4732,-0.3093,-0.9412,0.2359,-1.3249,0.5118,0.6246978557825089,0.04827591233253481,0.0171299993515015,0.052871897554397584,0.04081949462890622,0.07923131294250485,0.143837745432059,-9.38525
2025-11-07 20:39:42,-0.1791210174560547,-0.2571028470993042,-0.9180031418800354,0.30895522236824036,-1.277561068534851,0.6167945265769958,0.4605,-0.3067,-0.9364,0.2505,-1.3201,0.5325,0.6396210174560547,0.04959715290069577,0.01839685811996461,0.058455222368240356,0.04253893146514898,0.08429452657699588,0.14881728481451673,34.140195
2025-11-07 20:39:43,-0.19939832389354706,-0.25404447317123413,-0.913571834564209,0.32380416989326477,-1.2727028131484985,0.6358599662780762,0.4478,-0.3041,-0.9318,0.2648,-1.3153,0.5513,0.647198323893547,0.05005552682876585,0.018228165435790977,0.05900416989326479,0.04259718685150138,0.08455996627807616,0.15027388986349105,30.573074
2025-11-07 20:39:43,-0.22034291923046112,-0.2510167956352234,-0.908973753452301,0.3389100432395935,-1.2676832675933838,0.6551229357719421,0.4348,-0.3015,-0.9265,0.2842,-1.3104,0.5741,0.6551429192304612,0.0504832043647766,0.017526246547698965,0.0547100432395935,0.04271673240661622,0.08102293577194208,0.15026701359351477,25.842366
2025-11-07 20:39:43,-0.24041889607906342,-0.24796415865421295,-0.9045079350471497,0.35374554991722107,-1.262937068939209,0.6741366386413574,0.4219,-0.2989,-0.9221,0.2985,-1.3054,0.5924,0.6623188960790634,0.05093584134578705,0.017592064952850373,0.05524554991722108,0.04246293106079091,0.08173663864135738,0.15171532033284502,21.018592
2025-11-07 20:39:43,-0.2601669728755951,-0.24526242911815643,-0.9001514315605164,0.3680173456668854,-1.2580218315124512,0.6922932267189026,0.4089,-0.2963,-0.9176,0.3133,-1.3004,0.6113,0.6690669728755951,0.051037570881843575,0.017448568439483614,0.05471734566688535,0.04237816848754883,0.08099322671890263,0.15260697551170985,12.474863
2025-11-07 20:39:43,-0.30056053400039673,-0.2392358034849167,-0.8911948800086975,0.39776697754859924,-1.2483584880828857,0.7301902174949646,0.3828,-0.2911,-0.9093,0.3388,-1.2905,0.6459,0.6833605340003968,0.05186419651508334,0.018105119991302487,0.05896697754859925,0.04214151191711424,0.08429021749496457,0.1564547595779101,8.543968
2025-11-07 20:39:43,-0.3215108811855316,-0.23604896664619446,-0.8866696357727051,0.41288626194000244,-1.2432420253753662,0.7495758533477783,0.3694,-0.2885,-0.9042,0.3581,-1.2855,0.6685,0.6909108811855316,0.05245103335380552,0.017530364227294926,0.05478626194000247,0.042257974624633876,0.08107585334777834,0.15650206144650777,-0.767662
2025-11-07 20:39:43,-0.34775152802467346,-0.2322772890329361,-0.8809037804603577,0.43217989802360535,-1.2371649742126465,0.7742691040039062,0.356,-0.2858,-0.8993,0.373,-1.2801,0.6892,0.7037515280246734,0.0535227109670639,0.018396219539642322,0.05917989802360535,0.04293502578735353,0.08506910400390622,0.16047574772437412,34.048572
2025-11-07 20:39:44,-0.3680863678455353,-0.22918440401554108,-0.8764188289642334,0.4470576047897339,-1.2322213649749756,0.7931351661682129,0.3426,-0.2832,-0.8946,0.3881,-1.2748,0.7085,0.7106863678455353,0.05401559598445893,0.018181171035766552,0.058957604789733886,0.04257863502502435,0.08463516616821287,0.1615090901414553,28.749381
2025-11-07 20:39:44,-0.38760051131248474,-0.22635996341705322,-0.8720757365226746,0.4613523781299591,-1.2274484634399414,0.8114067912101746,0.3291,-0.2806,-0.8901,0.4029,-1.2694,0.7275,0.7167005113124847,0.05424003658294679,0.018024263477325442,0.058452378129959126,0.04195153656005868,0.08390679121017453,0.1622125862121582,18.518752
2025-11-07 20:39:44,-0.4079641103744507,-0.2233111709356308,-0.8675428628921509,0.4761936664581299,-1.2224878072738647,0.8303054571151733,0.3154,-0.2779,-0.8848,0.4223,-1.2642,0.7508,0.7233641103744507,0.05458882906436918,0.017257137107849152,0.053893666458129874,0.041712192726135244,0.07950545711517332,0.1617202321410179,12.262609
2025-11-07 20:39:44,-0.42743799090385437,-0.22055959701538086,-0.8632687926292419,0.4904673397541046,-1.2177661657333374,0.8486576080322266,0.3017,-0.2753,-0.8803,0.4366,-1.2584,0.7692,0.7291379909038544,0.05474040298461913,0.017031207370758028,0.053867339754104626,0.04063383426666256,0.07945760803222657,0.1624780638853709,2.866989
2025-11-07 20:39:44,-0.462529718875885,-0.21538624167442322,-0.8555816411972046,0.5159582495689392,-1.2094413042068481,0.8810725212097168,0.2811,-0.2713,-0.8738,0.4567,-1.2501,0.7964,0.743629718875885,0.05591375832557677,0.01821835880279543,0.059258249568939214,0.040658695793151844,0.0846725212097168,0.16705855042934417,23.23967
2025-11-07 20:39:44,-0.4815702438354492,-0.21250618994235992,-0.8513996005058289,0.5299404859542847,-1.2051430940628052,0.8990335464477539,0.2671,-0.2687,-0.8685,0.476,-1.2452,0.8197,0.7486702438354492,0.05619381005764007,0.017100399494171192,0.05394048595428469,0.04005690593719491,0.07933354644775392,0.165882565287749,13.314422
2025-11-07 20:39:45,-0.5010441541671753,-0.2096664160490036,-0.8471025228500366,0.5442276000976562,-1.2004653215408325,0.9172457456588745,0.2531,-0.266,-0.864,0.4903,-1.2397,0.8384,0.7541441541671753,0.05633358395099641,0.01689747714996337,0.053927600097656236,0.039234678459167505,0.07884574565887448,0.16656387324730557,4.429164
2025-11-07 20:39:45,-0.52251797914505,-0.20651982724666595,-0.842399001121521,0.5599489808082581,-1.1951457262039185,0.9372680187225342,0.2391,-0.2634,-0.8595,0.5051,-1.2345,0.8574,0.76161797914505,0.05688017275333407,0.017100998878479046,0.05484898080825806,0.039354273796081474,0.07986801872253413,0.16827840401728947,9.890152
2025-11-07 20:39:45,-0.5428796410560608,-0.20354007184505463,-0.8378737568855286,0.5748133063316345,-1.1903234720230103,0.9561589956283569,0.2249,-0.2607,-0.855,0.5203,-1.2293,0.8769,0.7677796410560608,0.05715992815494536,0.017126243114471418,0.05451330633163454,0.038976527976989805,0.07925899562835692,0.1691357737104098,7.958413
2025-11-07 20:39:45,-0.5776894688606262,-0.19826318323612213,-0.8301635384559631,0.6003061532974243,-1.1817348003387451,0.9888308644294739,0.2041,-0.2567,-0.8488,0.5396,-1.221,0.9026,0.7817894688606262,0.05843681676387785,0.018636461544036864,0.06070615329742435,0.03926519966125497,0.08623086442947392,0.17417749409278235,27.52514
2025-11-07 20:39:45,-0.5980262160301208,-0.19547517597675323,-0.8257246017456055,0.615135908126831,-1.1769676208496094,1.0075856447219849,0.1904,-0.2541,-0.8443,0.5544,-1.2159,0.9218,0.7884262160301209,0.05862482402324676,0.01857539825439458,0.06073590812683105,0.038932379150390606,0.08578564472198491,0.17518006171782816,22.730701
2025-11-07 20:39:45,-0.6074199676513672,-0.19665825366973877,-0.8274599313735962,0.6223896741867065,-1.1777384281158447,1.0145883560180664,0.1771,-0.2513,-0.8389,0.5747,-1.2114,0.9465,0.7845199676513672,0.054641746330261254,0.011440068626403788,0.047689674186706554,0.033661571884155306,0.0680883560180664,0.16667356411616008,21.940677
2025-11-07 20:39:45,-0.6065398454666138,-0.20329847931861877,-0.8355113863945007,0.6206122040748596,-1.1865512132644653,1.003555178642273,0.1641,-0.2486,-0.834,0.5898,-1.206,0.9661,0.7706398454666138,0.04530152068138121,0.0015113863945007688,0.030812204074859628,0.01944878673553463,0.03745517864227299,0.15086148699919386,18.511598
2025-11-07 20:39:46,-0.604142963886261,-0.2100364863872528,-0.843827486038208,0.6175768375396729,-1.1950583457946777,0.9916629791259766,0.1513,-0.2458,-0.8295,0.6046,-1.2007,0.9851,0.755442963886261,0.03576351361274718,0.014327486038207993,0.012976837539672825,0.005641654205322366,0.006562979125976587,0.13845257240136466,6.61209
2025-11-07 20:39:46,-0.6015793085098267,-0.21678024530410767,-0.852222204208374,0.6144168376922607,-1.203835129737854,0.9792818427085876,0.1386,-0.2431,-0.8251,0.619,-1.1956,1.0039,0.7401793085098267,0.026319754695892345,0.02712220420837408,0.0045831623077392525,0.008235129737854008,0.024618157291412368,0.13850961945851645,7.496003
2025-11-07 20:39:46,-0.5991671681404114,-0.22396311163902283,-0.8612669110298157,0.6110267043113708,-1.2132686376571655,0.9664615988731384,0.1261,-0.2404,-0.8254,0.6223,-1.192,1.0099,0.7252671681404114,0.016436888360977175,0.03586691102981565,0.011273295688629115,0.02126863765716558,0.04343840112686159,0.14225855033397675,11.007258
2025-11-07 20:39:46,-0.596588134765625,-0.2307816594839096,-0.8699415922164917,0.6077765822410583,-1.222142219543457,0.9539807438850403,0.1136,-0.2379,-0.8341,0.6197,-1.1918,1.0044,0.710188134765625,0.007118340516090393,0.03584159221649175,0.011923417758941679,0.03034221954345706,0.050419256114959676,0.14097216015259426,9.224996
2025-11-07 20:39:46,-0.5941855311393738,-0.23792041838169098,-0.8789287805557251,0.6043788194656372,-1.2313119173049927,0.9410319924354553,0.1007,-0.2352,-0.8422,0.6165,-1.1945,0.9939,0.6948855311393738,0.0027204183816909866,0.03672878055572515,0.012121180534362841,0.03681191730499278,0.05286800756454468,0.13935597258011503,14.797215
2025-11-07 20:39:46,-0.5916640758514404,-0.24499207735061646,-0.8876782655715942,0.6011382937431335,-1.240510106086731,0.9284859895706177,0.0873,-0.2328,-0.8509,0.6133,-1.1993,0.9819,0.6789640758514405,0.012192077350616448,0.03677826557159425,0.012161706256866411,0.041210106086730924,0.05341401042938232,0.1391200402577718,11.900079
2025-11-07 20:39:46,-0.5892077684402466,-0.25170132517814636,-0.8962493538856506,0.5979456901550293,-1.2494217157363892,0.9161431789398193,0.0733,-0.2316,-0.8593,0.6101,-1.2058,0.9697,0.6625077684402466,0.020101325178146362,0.03694935388565068,0.012154309844970679,0.04362171573638918,0.05355682106018067,0.13814854902426402,9.563229
2025-11-07 20:39:46,-0.5868799686431885,-0.2585850656032562,-0.9048089981079102,0.5946725606918335,-1.2581509351730347,0.9040937423706055,0.0594,-0.2317,-0.8687,0.6066,-1.213,0.9571,0.6462799686431885,0.026885065603256236,0.03610899810791013,0.011927439308166532,0.04515093517303459,0.05300625762939448,0.13655977741082506,7.258931
2025-11-07 20:39:47,-0.5828187465667725,-0.2698694169521332,-0.9189350008964539,0.5893841981887817,-1.27291738986969,0.8836994767189026,0.0389,-0.2337,-0.88,0.6023,-1.2244,0.9389,0.6217187465667725,0.03616941695213319,0.03893500089645385,0.012915801811218208,0.04851738986969001,0.05520052328109737,0.13557614656289418,24.567308
2025-11-07 20:39:47,-0.580588698387146,-0.2763255536556244,-0.9272319674491882,0.5863085389137268,-1.2812896966934204,0.871730625629425,0.0255,-0.2363,-0.8928,0.598,-1.2328,0.9244,0.606088698387146,0.04002555365562438,0.034431967449188194,0.01169146108627317,0.048489696693420514,0.05266937437057495,0.13223279194037119,18.736837
2025-11-07 20:39:47,-0.5780519247055054,-0.2832687199115753,-0.9358797669410706,0.5830661058425903,-1.2903740406036377,0.8593207001686096,0.0122,-0.2393,-0.9001,0.5947,-1.2411,0.9116,0.5902519247055054,0.043968719911575305,0.035779766941070545,0.011633894157409674,0.0492740406036376,0.05227929983139035,0.13053127435843145,17.924069
2025-11-07 20:39:47,-0.5755822062492371,-0.29023873805999756,-0.94459468126297,0.5797660946846008,-1.2994697093963623,0.846834123134613,-0.0008,-0.2425,-0.9084,0.5916,-1.2495,0.8994,0.574782206249237,0.047738738059997565,0.036194681262969985,0.011833905315399185,0.04996970939636225,0.05256587686538694,0.12884751952489215,11.53322
2025-11-07 20:39:47,-0.573263943195343,-0.2970477044582367,-0.9530200958251953,0.5766022801399231,-1.308022379875183,0.8344932198524475,-0.0136,-0.2456,-0.9169,0.5884,-1.258,0.887,0.5596639431953431,0.05144770445823668,0.036120095825195264,0.011797719860076938,0.0500223798751831,0.0525067801475525,0.12692643722693125,10.450128
2025-11-07 20:39:47,-0.5708038210868835,-0.3036150634288788,-0.9614473581314087,0.5735247135162354,-1.3166851997375488,0.8225262761116028,-0.0263,-0.2487,-0.925,0.5854,-1.2664,0.8749,0.5445038210868836,0.05491506342887878,0.03644735813140865,0.01187528648376468,0.05028519973754886,0.05237372388839723,0.12506674212614696,1.164707
2025-11-07 20:39:48,-0.5685872435569763,-0.31040677428245544,-0.9699437022209167,0.5702688694000244,-1.3256745338439941,0.8102831840515137,-0.0388,-0.2519,-0.9337,0.5821,-1.2749,0.8629,0.5297872435569764,0.05850677428245543,0.036243702220916774,0.011831130599975537,0.05077453384399422,0.05261681594848633,0.1232933667421341,-1.685188
2025-11-07 20:39:48,-0.5661002993583679,-0.3172176480293274,-0.9784017205238342,0.5670455694198608,-1.3343507051467896,0.7980036735534668,-0.0511,-0.2551,-0.9427,0.5788,-1.2836,0.8494,0.5150002993583679,0.0621176480293274,0.035701720523834246,0.011754430580139141,0.050750705146789477,0.05139632644653325,0.12112018834749856,-5.000851
2025-11-07 20:39:48,-0.5635500550270081,-0.3241550624370575,-0.9872278571128845,0.5638280510902405,-1.343387484550476,0.7853463888168335,-0.0631,-0.2594,-0.9506,0.5757,-1.2926,0.8368,0.500450055027008,0.06475506243705748,0.03662785711288452,0.011871948909759511,0.0507874845504761,0.05145361118316649,0.11932433653672536,-5.165676
2025-11-07 20:39:48,-0.5604705810546875,-0.33297738432884216,-0.9984259009361267,0.5596421957015991,-1.354767084121704,0.7694294452667236,-0.075,-0.2643,-0.9593,0.5725,-1.3015,0.8247,0.4854705810546875,0.06867738432884218,0.03912590093612667,0.012857804298400888,0.053267084121704,0.055270554733276356,0.11911155157883961,26.277615
2025-11-07 20:39:48,-0.558010458946228,-0.33970579504966736,-1.0068973302841187,0.5563690662384033,-1.3639329671859741,0.7574394345283508,-0.0867,-0.27,-0.9681,0.5691,-1.3104,0.8122,0.47131045894622803,0.06970579504966734,0.03879733028411869,0.01273093376159673,0.05353296718597411,0.0547605654716492,0.11680634178320569,27.794904
2025-11-07 20:39:48,-0.5556941032409668,-0.34684455394744873,-1.0156525373458862,0.5531381368637085,-1.372977375984192,0.7446172833442688,-0.0982,-0.2759,-0.9766,0.5659,-1.3191,0.7999,0.4574941032409668,0.07094455394744875,0.03905253734588621,0.012761863136291463,0.053877375984191955,0.05528271665573126,0.11490219171841941,28.779498
2025-11-07 20:39:48,-0.5530115962028503,-0.35401400923728943,-1.024787425994873,0.5497556924819946,-1.3822211027145386,0.7316321134567261,-0.1095,-0.2822,-0.9853,0.5627,-1.3278,0.7876,0.44351159620285036,0.07181400923728942,0.03948742599487309,0.012944307518005349,0.05442110271453848,0.05596788654327389,0.11302438803513844,30.534621
2025-11-07 20:39:48,-0.5506147146224976,-0.3607903718948364,-1.0333412885665894,0.5465400815010071,-1.3909105062484741,0.719310462474823,-0.1207,-0.2886,-0.9936,0.5597,-1.3362,0.7757,0.42991471462249753,0.0721903718948364,0.03974128856658932,0.013159918498992895,0.05471050624847407,0.05638953752517695,0.1110177228927612,28.757987
2025-11-07 20:39:49,-0.5482370853424072,-0.3675667345523834,-1.04176664352417,0.5433129668235779,-1.399964451789856,0.7070692777633667,-0.1316,-0.2951,-1.0023,0.5564,-1.3446,0.7636,0.41663708534240723,0.07246673455238345,0.03946664352416995,0.013087033176422125,0.05536445178985594,0.056530722236633246,0.10892544510364532,32.063131
2025-11-07 20:39:49,-0.5449869632720947,-0.37649640440940857,-1.0532253980636597,0.5390945672988892,-1.4116648435592651,0.6906441450119019,-0.1477,-0.3058,-1.017,0.5509,-1.3575,0.744,0.39728696327209473,0.07069640440940855,0.036225398063659764,0.011805432701110785,0.05416484355926521,0.05335585498809814,0.10392248283227286,-1.439341
2025-11-07 20:39:49,-0.5428662300109863,-0.3829563856124878,-1.0613306760787964,0.5361071228981018,-1.4199897050857544,0.6792179346084595,-0.1581,-0.3124,-1.0261,0.5477,-1.366,0.7305,0.3847662300109863,0.07055638561248778,0.035230676078796375,0.011592877101898158,0.05398970508575429,0.051282065391540566,0.10123632321357724,-8.986581
2025-11-07 20:39:49,-0.5394856929779053,-0.3920375406742096,-1.0726053714752197,0.5317736268043518,-1.4316692352294922,0.6628580093383789,-0.1684,-0.3196,-1.0347,0.5444,-1.3747,0.7176,0.3710856929779053,0.0724375406742096,0.03790537147521977,0.012626373195648188,0.056969235229492154,0.05474199066162111,0.10096103403568268,30.846164
2025-11-07 20:39:49,-0.5371904969215393,-0.3988139033317566,-1.081055760383606,0.5285752415657043,-1.440489649772644,0.6504653692245483,-0.1786,-0.3267,-1.0428,0.5412,-1.3832,0.7054,0.3585904969215393,0.0721139033317566,0.03825576038360601,0.012624758434295669,0.05728964977264406,0.05493463077545169,0.09896819993654889,25.578533
2025-11-07 20:39:49,-0.5347245931625366,-0.40557876229286194,-1.0897207260131836,0.5254229307174683,-1.4493783712387085,0.6381686329841614,-0.1885,-0.3344,-1.0543,0.5371,-1.392,0.6913,0.3462245931625366,0.07117876229286196,0.03542072601318358,0.01167706928253176,0.05737837123870859,0.05313136701583865,0.09583514816761018,24.533644
2025-11-07 20:39:49,-0.5322587490081787,-0.41252386569976807,-1.0985162258148193,0.522128701210022,-1.4583734273910522,0.6255861520767212,-0.1982,-0.3414,-1.0619,0.534,-1.4004,0.6789,0.3340587490081787,0.07112386569976809,0.03661622581481927,0.011871298789978058,0.05797342739105216,0.05331384792327876,0.09415956910451251,22.939238
2025-11-07 20:39:50,-0.5299980044364929,-0.4193098247051239,-1.1069109439849854,0.5188498497009277,-1.4671653509140015,0.6131455302238464,-0.2077,-0.3485,-1.0703,0.5308,-1.4086,0.6669,0.3222980044364929,0.07080982470512392,0.03661094398498532,0.011950150299072315,0.05856535091400139,0.05375446977615361,0.09233145735263826,21.203844
2025-11-07 20:39:50,-0.5273922085762024,-0.4260573983192444,-1.1155414581298828,0.5157089829444885,-1.4762287139892578,0.601142168045044,-0.2169,-0.3555,-1.0789,0.5276,-1.4167,0.6547,0.3104922085762024,0.0705573983192444,0.03664145812988284,0.011891017055511433,0.05952871398925774,0.053557831954956,0.09044477133750913,19.157848
2025-11-07 20:39:50,-0.5251506567001343,-0.4326554536819458,-1.123855710029602,0.5126103758811951,-1.484553575515747,0.5892595648765564,-0.2259,-0.3624,-1.0874,0.5245,-1.4247,0.6423,0.2992506567001343,0.0702554536819458,0.03645571002960213,0.011889624118804898,0.05985357551574699,0.053040435123443586,0.08845757586161296,8.477241
2025-11-07 20:39:50,-0.5227039456367493,-0.43939536809921265,-1.1323424577713013,0.5094330906867981,-1.4934062957763672,0.5768860578536987,-0.2347,-0.3695,-1.0963,0.5212,-1.4327,0.6299,0.28800394563674925,0.06989536809921265,0.03604245777130122,0.011766909313201901,0.0607062957763671,0.053013942146301285,0.08657148645718889,6.898896
2025-11-07 20:39:50,-0.520147979259491,-0.4467220604419708,-1.1413488388061523,0.5059701204299927,-1.5028018951416016,0.563950777053833,-0.2433,-0.3763,-1.1046,0.5179,-1.4407,0.6175,0.276847979259491,0.0704220604419708,0.03674883880615232,0.011929879570007351,0.06210189514160147,0.05354922294616704,0.085266646027565,9.981796
2025-11-07 20:39:50,-0.517939031124115,-0.4532108008861542,-1.1497013568878174,0.5028906464576721,-1.5114209651947021,0.5520144701004028,-0.2517,-0.3833,-1.1132,0.5148,-1.4487,0.6051,0.266239031124115,0.0699108008861542,0.036501356887817415,0.011909353542327916,0.06272096519470205,0.05308552989959714,0.08339450625578564,1.551153
2025-11-07 20:39:50,-0.5152698755264282,-0.46052786707878113,-1.1587613821029663,0.49951592087745667,-1.5206571817398071,0.5389622449874878,-0.2599,-0.3901,-1.1215,0.5117,-1.4566,0.593,0.2553698755264282,0.07042786707878113,0.03726138210296637,0.012184079122543379,0.06405718173980723,0.05403775501251218,0.08222302343050641,7.19514
2025-11-07 20:39:51,-0.5128519535064697,-0.4672697186470032,-1.1672002077102661,0.49632522463798523,-1.5294737815856934,0.5268993973731995,-0.268,-0.3971,-1.1306,0.5082,-1.4646,0.5805,0.2448519535064697,0.07016971864700317,0.036600207710266064,0.011874775362014756,0.06487378158569346,0.05360060262680055,0.08032850657304129,4.239843
2025-11-07 20:39:51,-0.510478138923645,-0.47429919242858887,-1.1759458780288696,0.49296197295188904,-1.5388466119766235,0.5140618681907654,-0.2758,-0.4039,-1.1389,0.505,-1.4726,0.568,0.23467813892364503,0.07039919242858889,0.037045878028869605,0.012038027048110966,0.06624661197662363,0.05393813180923457,0.07905766336917879,2.680033
2025-11-07 20:39:51,-0.5080947279930115,-0.48063644766807556,-1.1841238737106323,0.49001097679138184,-1.546698808670044,0.502593457698822,-0.2834,-0.4109,-1.148,0.5018,-1.4807,0.5555,0.2246947279930115,0.06973644766807557,0.036123873710632415,0.011789023208618188,0.06599880867004404,0.05290654230117797,0.07687490392525995,-5.263752
2025-11-07 20:39:51,-0.5057132244110107,-0.4877867102622986,-1.1931072473526,0.48662471771240234,-1.5562235116958618,0.4896620213985443,-0.2908,-0.4177,-1.1572,0.4986,-1.489,0.542,0.21491322441101074,0.07008671026229857,0.03590724735260009,0.011975282287597644,0.06722351169586172,0.052337978601455726,0.07540732576847074,-0.27314
2025-11-07 20:39:51,-0.5033087134361267,-0.4943655729293823,-1.2012929916381836,0.48349156975746155,-1.5648046731948853,0.4776701033115387,-0.2979,-0.4247,-1.1647,0.4954,-1.497,0.5305,0.2054087134361267,0.0696655729293823,0.036592991638183525,0.01190843024253846,0.06780467319488515,0.052829896688461275,0.07403504635492957,-6.635825
2025-11-07 20:39:51,-0.49933376908302307,-0.5057036280632019,-1.2156318426132202,0.4781514108181,-1.5794647932052612,0.4572566747665405,-0.3081,-0.4355,-1.1791,0.49,-1.5096,0.5105,0.1912337690830231,0.0702036280632019,0.03653184261322018,0.011848589181900016,0.06986479320526118,0.053243325233459426,0.0721543245633443,8.369836
2025-11-07 20:39:51,-0.49681803584098816,-0.5124991536140442,-1.224179983139038,0.4749952256679535,-1.5884047746658325,0.44502508640289307,-0.3146,-0.4428,-1.1882,0.4866,-1.5181,0.4978,0.18221803584098817,0.06969915361404416,0.03597998313903816,0.011604774332046486,0.07030477466583251,0.052774913597106954,0.07043027253150941,5.790535
2025-11-07 20:39:52,-0.49456116557121277,-0.5190396308898926,-1.2323176860809326,0.47187933325767517,-1.5968436002731323,0.4330964684486389,-0.3209,-0.4497,-1.1963,0.4835,-1.5263,0.4854,0.17366116557121275,0.06933963088989259,0.0360176860809327,0.011620666742324814,0.07054360027313233,0.05230353155136108,0.06891438018480937,-0.277759
2025-11-07 20:39:52,-0.4922467768192291,-0.5258102416992188,-1.2409253120422363,0.4686349630355835,-1.6057873964309692,0.4208112061023712,-0.3269,-0.4567,-1.2046,0.4804,-1.5344,0.4734,0.1653467768192291,0.06911024169921876,0.036325312042236435,0.011765036964416498,0.07138739643096925,0.05258879389762877,0.0677539263089498,-3.768786
2025-11-07 20:39:52,-0.48953545093536377,-0.5329931378364563,-1.2500638961791992,0.4652755558490753,-1.6150577068328857,0.40782028436660767,-0.3326,-0.4636,-1.2139,0.4772,-1.5429,0.4603,0.15693545093536376,0.06939313783645629,0.03616389617919924,0.011924444150924696,0.0721577068328858,0.05247971563339232,0.06650905859470368,2.794912
2025-11-07 20:39:52,-0.4870293140411377,-0.5401759743690491,-1.2590703964233398,0.4619123041629791,-1.6244932413101196,0.39490991830825806,-0.3381,-0.4706,-1.2217,0.474,-1.5509,0.4488,0.14892931404113768,0.06957597436904905,0.037370396423339836,0.012087695837020851,0.07359324131011968,0.05389008169174192,0.0659077839454015,8.675599
2025-11-07 20:39:52,-0.48453083634376526,-0.5472859740257263,-1.2677239179611206,0.4586065709590912,-1.6335793733596802,0.38221049308776855,-0.3433,-0.4776,-1.2305,0.4707,-1.5591,0.4366,0.14123083634376526,0.0696859740257263,0.03722391796112068,0.01209342904090882,0.07447937335968025,0.05438950691223143,0.06485050627390546,5.553765
2025-11-07 20:39:52,-0.4822548031806946,-0.5535561442375183,-1.2759134769439697,0.4555424451828003,-1.6418055295944214,0.3706730306148529,-0.3482,-0.4846,-1.2391,0.4675,-1.5673,0.4243,0.13405480318069457,0.06895614423751834,0.036813476943969636,0.011957554817199734,0.07450552959442147,0.053626969385147105,0.06331907969315848,-4.599578
2025-11-07 20:39:52,-0.4799365699291229,-0.5606469511985779,-1.2846667766571045,0.45228081941604614,-1.6509904861450195,0.3579927682876587,-0.3528,-0.4917,-1.2487,0.4641,-1.5763,0.4105,0.12713656992912292,0.06894695119857785,0.03596677665710457,0.01181918058395387,0.0746904861450195,0.052507231712341285,0.06184453270435333,-4.594549
2025-11-07 20:39:53,-0.4775301516056061,-0.566949725151062,-1.2926242351531982,0.44930681586265564,-1.659214735031128,0.34642845392227173,-0.357,-0.499,-1.2575,0.4608,-1.5854,0.3974,0.1205301516056061,0.06794972515106201,0.03512423515319818,0.011493184137344348,0.07381473503112801,0.05097154607772825,0.059980596192677815,-12.1056
2025-11-07 20:39:53,-0.47431454062461853,-0.5761861801147461,-1.3042997121810913,0.4449158012866974,-1.671175241470337,0.3298461437225342,-0.361,-0.5061,-1.2658,0.4576,-1.5944,0.385,0.11331454062461854,0.0700861801147461,0.03849971218109127,0.012684198713302619,0.07677524147033687,0.05515385627746583,0.06108562156359354,29.816854
2025-11-07 20:39:53,-0.47178536653518677,-0.5832003355026245,-1.3130837678909302,0.4415966272354126,-1.6803278923034668,0.31743431091308594,-0.3646,-0.5132,-1.2743,0.4544,-1.603,0.3728,0.10718536653518679,0.07000033550262452,0.03878376789093019,0.012803372764587428,0.07732789230346682,0.05536568908691408,0.06024440401395164,25.802932
2025-11-07 20:39:53,-0.4693942964076996,-0.5898827314376831,-1.321601152420044,0.4384347200393677,-1.6891634464263916,0.30492278933525085,-0.3679,-0.5203,-1.2829,0.4513,-1.6118,0.3606,0.10149429640769958,0.06958273143768312,0.038701152420044016,0.012865279960632303,0.0773634464263917,0.05567721066474912,0.05928068621953331,25.698512
2025-11-07 20:39:53,-0.46696868538856506,-0.5971595644950867,-1.3306018114089966,0.43504270911216736,-1.6986255645751953,0.29199132323265076,-0.3709,-0.5271,-1.291,0.4482,-1.6201,0.3486,0.09606868538856506,0.07005956449508666,0.03960181140899666,0.013157290887832629,0.07852556457519522,0.056608676767349264,0.05900359892050425,29.621512
2025-11-07 20:39:53,-0.4643647372722626,-0.6039263010025024,-1.339264988899231,0.4318290054798126,-1.7073149681091309,0.27981534600257874,-0.3734,-0.5352,-1.302,0.4439,-1.6307,0.3346,0.09096473727226256,0.06872630100250243,0.03726498889923091,0.012070994520187395,0.07661496810913082,0.05478465399742127,0.05673777396678923,29.188728
2025-11-07 20:39:53,-0.4627061188220978,-0.6089290380477905,-1.3453912734985352,0.4294686019420624,-1.7137336730957031,0.27071499824523926,-0.3757,-0.5414,-1.3083,0.4416,-1.6384,0.3235,0.0870061188220978,0.06752903804779053,0.03709127349853514,0.012131398057937615,0.07533367309570305,0.05278500175476075,0.05531275054613748,-13.721517
2025-11-07 20:39:53,-0.4593908190727234,-0.6182172894477844,-1.3569153547286987,0.4251581132411957,-1.7259334325790405,0.2542649805545807,-0.3778,-0.5483,-1.3168,0.4385,-1.6471,0.3114,0.08159081907272336,0.06991728944778441,0.04011535472869876,0.013341886758804322,0.07883343257904052,0.05713501944541932,0.056822300338745114,32.340599
2025-11-07 20:39:54,-0.45633819699287415,-0.6268919110298157,-1.3681364059448242,0.4209722578525543,-1.737371802330017,0.2380143702030182,-0.3807,-0.5596,-1.3313,0.4329,-1.6619,0.2918,0.07563819699287416,0.06729191102981569,0.03683640594482429,0.011927742147445686,0.07547180233001716,0.053785629796981815,0.05349194804032647,4.310608
2025-11-07 20:39:54,-0.4539509415626526,-0.6337737441062927,-1.376753568649292,0.41773557662963867,-1.7461599111557007,0.2258019745349884,-0.3826,-0.5668,-1.3404,0.4295,-1.6715,0.2791,0.07135094156265259,0.06697374410629275,0.036353568649291956,0.011764423370361321,0.0746599111557007,0.05329802546501161,0.052400102384885155,-0.248773
2025-11-07 20:39:54,-0.4512549638748169,-0.640943169593811,-1.3857579231262207,0.4143933951854706,-1.7554682493209839,0.21288585662841797,-0.3845,-0.5738,-1.3489,0.4263,-1.6807,0.2665,0.06675496387481689,0.06714316959381106,0.036857923126220715,0.011906604814529431,0.0747682493209838,0.053614143371582046,0.05184084235032399,7.963313
2025-11-07 20:39:54,-0.4488888084888458,-0.6480206251144409,-1.3944556713104248,0.41111451387405396,-1.764425277709961,0.20010779798030853,-0.3864,-0.5808,-1.3575,0.4232,-1.6901,0.254,0.062488808488845804,0.06722062511444094,0.036955671310424876,0.012085486125946066,0.074325277709961,0.05389220201969147,0.051161345128218357,6.069446
2025-11-07 20:39:54,-0.44626951217651367,-0.6551785469055176,-1.4035828113555908,0.40769949555397034,-1.7740411758422852,0.18713606894016266,-0.3883,-0.5879,-1.3663,0.4198,-1.6996,0.2416,0.05796951217651369,0.0672785469055176,0.03728281135559075,0.01210050444602967,0.07444117584228516,0.05446393105983735,0.050589413630962365,9.576515
2025-11-07 20:39:54,-0.4439072012901306,-0.6619951725006104,-1.4121520519256592,0.404439777135849,-1.7826963663101196,0.17482012510299683,-0.3902,-0.5949,-1.3748,0.4166,-1.7088,0.2292,0.053707201290130624,0.06709517250061037,0.03735205192565916,0.012160222864151027,0.07389636631011953,0.05437987489700316,0.04976514829794565,6.772144
2025-11-07 20:39:54,-0.44160622358322144,-0.6687619090080261,-1.4205889701843262,0.40131238102912903,-1.791497826576233,0.16262881457805634,-0.392,-0.6021,-1.3838,0.4132,-1.7185,0.2165,0.04960622358322142,0.06666190900802615,0.03678897018432625,0.011887618970870983,0.072997826576233,0.05387118542194366,0.04863562229077025,5.516113
2025-11-07 20:39:55,-0.4388546347618103,-0.6759467124938965,-1.4297007322311401,0.397939532995224,-1.8009161949157715,0.14975295960903168,-0.3938,-0.6091,-1.3924,0.4101,-1.728,0.204,0.04505463476181032,0.06684671249389651,0.037300732231140055,0.012160467004776021,0.0729161949157715,0.05424704039096831,0.048087630299727124,7.997738
2025-11-07 20:39:55,-0.43654218316078186,-0.6829416751861572,-1.438484787940979,0.3945954740047455,-1.8100403547286987,0.13693079352378845,-0.3957,-0.6162,-1.4012,0.4067,-1.7376,0.1914,0.040842183160781864,0.06674167518615726,0.037284787940979,0.012104525995254523,0.0724403547286987,0.054469206476211535,0.04731378891468049,9.168468
2025-11-07 20:39:55,-0.4340322017669678,-0.6896087527275085,-1.4469983577728271,0.39136067032814026,-1.818856954574585,0.1246321052312851,-0.3975,-0.6231,-1.4097,0.4035,-1.7468,0.179,0.03653220176696775,0.06650875272750856,0.037298357772827195,0.012139329671859767,0.07205695457458505,0.0543678947687149,0.04648391521374387,5.914371
2025-11-07 20:39:55,-0.43167370557785034,-0.6965059041976929,-1.4555214643478394,0.38822945952415466,-1.8275729417800903,0.1125079020857811,-0.3992,-0.6303,-1.4187,0.4002,-1.7566,0.1663,0.03247370557785034,0.0662059041976929,0.03682146434783928,0.011970540475845337,0.07097294178009039,0.053792097914218906,0.04537277571558953,2.379921
2025-11-07 20:39:55,-0.42920783162117004,-0.7036120891571045,-1.4646620750427246,0.3848508596420288,-1.8370729684829712,0.09946715086698532,-0.401,-0.6373,-1.4273,0.397,-1.7661,0.1538,0.02820783162117002,0.06631208915710451,0.037362075042724596,0.012149140357971211,0.07097296848297119,0.05433284913301467,0.04488949229915937,5.595345
2025-11-07 20:39:55,-0.4215033948421478,-0.7068449258804321,-1.4685890674591064,0.37992677092552185,-1.840152382850647,0.08986251056194305,-0.4027,-0.6444,-1.4362,0.3936,-1.7756,0.1412,0.018803394842147825,0.062444925880432156,0.032389067459106524,0.013673229074478155,0.0645523828506469,0.05133748943805694,0.04053341492414475,3.783124
2025-11-07 20:39:55,-0.4086812436580658,-0.7068641185760498,-1.4685622453689575,0.37312930822372437,-1.8359111547470093,0.08386081457138062,-0.4045,-0.6513,-1.4446,0.3904,-1.7848,0.1288,0.00418124365806577,0.055564118576049815,0.023962245368957413,0.01727069177627566,0.051111154747009335,0.04493918542861938,0.03283810659249623,8.890428
2025-11-07 20:39:56,-0.3968580961227417,-0.7064499258995056,-1.4677435159683228,0.3667728900909424,-1.831297755241394,0.07919367402791977,-0.4062,-0.6584,-1.4537,0.3871,-1.7946,0.116,0.009341903877258306,0.04804992589950563,0.014043515968322762,0.020327109909057617,0.03669775524139407,0.03680632597208024,0.02754442281126977,0.629969
2025-11-07 20:39:56,-0.383562296628952,-0.7053013443946838,-1.466813564300537,0.35971465706825256,-1.8264832496643066,0.07365408539772034,-0.4078,-0.6653,-1.4621,0.3838,-1.8039,0.1036,0.02423770337104797,0.040001344394683835,0.004713564300537154,0.02408534293174741,0.02258324966430658,0.02994591460227966,0.024261186544100435,4.194878
2025-11-07 20:39:56,-0.3702511787414551,-0.7043541073799133,-1.4659334421157837,0.35252413153648376,-1.8217616081237793,0.06842321157455444,-0.4088,-0.6697,-1.4653,0.3779,-1.8094,0.0936,0.03854882125854492,0.03465410737991337,0.0006334421157836445,0.02537586846351625,0.0123616081237794,0.02517678842544556,0.022791772627830525,9.766587
2025-11-07 20:39:56,-0.3493008613586426,-0.7031134963035583,-1.4645662307739258,0.3413088023662567,-1.8137083053588867,0.05968910828232765,-0.4086,-0.675,-1.4671,0.3689,-1.8151,0.0839,0.05929913864135744,0.028113496303558305,0.0025337692260742894,0.027591197633743292,0.001391694641113217,0.02421089171767235,0.02385669802725315,30.113568
2025-11-07 20:39:56,-0.3365112841129303,-0.7023656964302063,-1.4637781381607056,0.33445000648498535,-1.8091329336166382,0.05475160852074623,-0.4074,-0.6783,-1.4671,0.362,-1.8173,0.0784,0.07088871588706969,0.024065696430206285,0.0033218618392945043,0.027549993515014637,0.008167066383361732,0.023648391479253766,0.026273620922366767,26.005717
2025-11-07 20:39:56,-0.32384252548217773,-0.7016351222991943,-1.4629919528961182,0.3276180326938629,-1.8045214414596558,0.049442119896411896,-0.4057,-0.6816,-1.4665,0.3526,-1.8181,0.0721,0.08185747451782227,0.020035122299194352,0.0035080471038817507,0.02498196730613711,0.013578558540344288,0.0226578801035881,0.027769841645161313,24.256266
2025-11-07 20:39:56,-0.31051990389823914,-0.7008777260780334,-1.4621464014053345,0.32057321071624756,-1.7996803522109985,0.044073186814785004,-0.404,-0.6849,-1.4659,0.3481,-1.8182,0.0676,0.09348009610176089,0.015977726078033494,0.003753598594665508,0.027526789283752462,0.018519647789001503,0.02352681318521499,0.03046411183873814,27.659346
2025-11-07 20:39:57,-0.29796427488327026,-0.7001817226409912,-1.4613487720489502,0.3138313889503479,-1.7950688600540161,0.03896119445562363,-0.4023,-0.6881,-1.465,0.3414,-1.8172,0.0625,0.10433572511672973,0.012081722640991166,0.0036512279510498846,0.02756861104965208,0.022131139945983813,0.023538805544376373,0.03221787204146384,28.129601
2025-11-07 20:39:57,-0.2850826680660248,-0.6994377374649048,-1.460528016090393,0.30692845582962036,-1.7903928756713867,0.0336076021194458,-0.4006,-0.6907,-1.4641,0.3345,-1.8154,0.0575,0.11551733193397523,0.008737737464904805,0.0035719839096068906,0.027571544170379658,0.025007124328613184,0.0238923978805542,0.03404968661467233,22.463252
2025-11-07 20:39:57,-0.2724733352661133,-0.6986956596374512,-1.459713101387024,0.3001559376716614,-1.7859978675842285,0.028733378276228905,-0.399,-0.6928,-1.4633,0.3277,-1.813,0.0523,0.12652666473388674,0.0058956596374512005,0.0035868986129761193,0.027544062328338614,0.02700213241577143,0.023566621723771095,0.035687006575365866,27.169964
2025-11-07 20:39:57,-0.25912579894065857,-0.6979056596755981,-1.4588675498962402,0.2930114269256592,-1.780927062034607,0.02315160445868969,-0.3973,-0.6945,-1.4624,0.3206,-1.81,0.047,0.13817420105934142,0.0034056596755981383,0.003532450103759688,0.027588573074340816,0.02907293796539312,0.02384839554131031,0.03760370290329058,27.960559
2025-11-07 20:39:57,-0.24771679937839508,-0.697261393070221,-1.4581503868103027,0.2869119346141815,-1.776653528213501,0.018704978749155998,-0.395,-0.6957,-1.4616,0.3139,-1.8067,0.0418,0.14728320062160494,0.0015613930702209622,0.003449613189697276,0.026988065385818494,0.030046471786498996,0.023095021250844,0.03873729421744745,10.323828
2025-11-07 20:39:57,-0.23512665927410126,-0.6965212225914001,-1.457358479499817,0.2801988422870636,-1.772106647491455,0.01356614287942648,-0.392,-0.6967,-1.4608,0.3049,-1.8028,0.0357,0.15687334072589876,0.00017877740859983948,0.003441520500183204,0.024701157712936406,0.03069335250854488,0.022133857120573523,0.0396703343294561,8.519471
2025-11-07 20:39:57,-0.22223930060863495,-0.6957101225852966,-1.4565492868423462,0.27329209446907043,-1.7672122716903687,0.008220219984650612,-0.3886,-0.6974,-1.4599,0.2978,-1.7987,0.0303,0.16636069939136505,0.001689877414703389,0.003350713157653784,0.024507905530929575,0.03148772830963131,0.02207978001534939,0.04157945063660542,6.85922
2025-11-07 20:39:58,-0.20967791974544525,-0.6949872374534607,-1.4557631015777588,0.26647356152534485,-1.7625800371170044,0.003355582943186164,-0.3848,-0.6979,-1.459,0.291,-1.7944,0.0249,0.17512208025455472,0.0029127625465392715,0.0032368984222412855,0.024526438474655132,0.0318199628829956,0.021544417056813835,0.04319375993963331,3.228868
2025-11-07 20:39:58,-0.19748276472091675,-0.6943122744560242,-1.4549942016601562,0.26004424691200256,-1.7582286596298218,-0.0017851701704785228,-0.3808,-0.6982,-1.4582,0.2849,-1.7902,0.0201,0.18331723527908328,0.003887725543975873,0.0032057983398436907,0.024855753087997423,0.031971340370178236,0.021885170170478523,0.04485383713192617,-4.856186
2025-11-07 20:39:58,-0.1848868727684021,-0.6936373710632324,-1.4541888236999512,0.253225713968277,-1.7537615299224854,-0.006674733944237232,-0.3764,-0.6983,-1.4573,0.2782,-1.7857,0.0147,0.1915131272315979,0.00466262893676761,0.003111176300048868,0.024974286031723025,0.03193847007751471,0.02137473394423723,0.04626240375364823,-7.487076
2025-11-07 20:39:58,-0.17277033627033234,-0.6929087042808533,-1.4534295797348022,0.24681366980075836,-1.7493512630462646,-0.011807817034423351,-0.3718,-0.6983,-1.4565,0.2711,-1.781,0.0093,0.19902966372966768,0.00539129571914676,0.0030704202651976598,0.024286330199241646,0.03164873695373527,0.02110781703442335,0.047422377316902055,-12.161657
2025-11-07 20:39:58,-0.15183725953102112,-0.6916546821594238,-1.452091097831726,0.2355734258890152,-1.741411805152893,-0.020382769405841827,-0.3646,-0.698,-1.4553,0.2601,-1.774,0.0014,0.21276274046897886,0.006345317840576126,0.003208902168273964,0.0245265741109848,0.032588194847106955,0.021782769405841826,0.05020241647362709,4.388807
2025-11-07 20:39:58,-0.1384877860546112,-0.6908838748931885,-1.4512417316436768,0.22839055955410004,-1.7366409301757812,-0.025914687663316727,-0.3596,-0.6978,-1.4544,0.2533,-1.7694,-0.0036,0.22111221394538877,0.006916125106811499,0.0031582683563231573,0.02490944044589999,0.032759069824218834,0.022314687663316728,0.05186163422365983,10.048614
2025-11-07 20:39:58,-0.12589572370052338,-0.6901302933692932,-1.4504517316818237,0.22171007096767426,-1.7318947315216064,-0.031086120754480362,-0.3544,-0.6974,-1.4536,0.2469,-1.7648,-0.0087,0.22850427629947662,0.007269706630706807,0.0031482683181762727,0.025189929032325753,0.03290526847839348,0.022386120754480363,0.053233928252259886,7.525599
2025-11-07 20:39:59,-0.1134091168642044,-0.6893824934959412,-1.4496617317199707,0.2149413824081421,-1.7274465560913086,-0.03620769828557968,-0.3491,-0.6971,-1.4529,0.24,-1.7602,-0.0137,0.23569088313579561,0.007717506504058891,0.003238268280029377,0.0250586175918579,0.03275344390869139,0.02250769828557968,0.05449440295100214,8.867545
2025-11-07 20:39:59,-0.1003837063908577,-0.6886672377586365,-1.4488468170166016,0.20808832347393036,-1.7228920459747314,-0.04154403507709503,-0.3438,-0.6966,-1.4521,0.2334,-1.7556,-0.0187,0.2434162936091423,0.007932762241363522,0.003253182983398384,0.025311676526069637,0.032707954025268604,0.02284403507709503,0.05591098407705625,3.58704
2025-11-07 20:39:59,-0.08709175884723663,-0.6879597306251526,-1.4480146169662476,0.20087669789791107,-1.717893362045288,-0.04673847556114197,-0.3383,-0.6961,-1.4512,0.2262,-1.7509,-0.024,0.25120824115276336,0.008140269374847464,0.003185383033752487,0.02532330210208894,0.033006637954711815,0.022738475561141967,0.05726705152988434,10.65596
2025-11-07 20:39:59,-0.07444600760936737,-0.6872425675392151,-1.4472092390060425,0.19418855011463165,-1.7132933139801025,-0.05195976421236992,-0.3327,-0.6956,-1.4504,0.2197,-1.7463,-0.0292,0.2582539923906326,0.008357432460784908,0.003190760993957431,0.025511449885368354,0.033006686019897424,0.02275976421236992,0.05851334766050178,8.858597
2025-11-07 20:39:59,-0.06197282299399376,-0.6865119934082031,-1.4464000463485718,0.18745820224285126,-1.708782434463501,-0.056912604719400406,-0.327,-0.695,-1.4496,0.2125,-1.7416,-0.0344,0.26502717700600625,0.008488006591796826,0.0031999536514282223,0.025041797757148737,0.03281756553649906,0.022512604719400406,0.05951451754371325,6.330163
2025-11-07 20:39:59,-0.048985760658979416,-0.6857373714447021,-1.4455697536468506,0.1805322766304016,-1.7039090394973755,-0.06245794519782066,-0.3212,-0.6944,-1.4488,0.2059,-1.7369,-0.0397,0.27221423934102057,0.008662628555297869,0.003230246353149502,0.02536772336959839,0.03299096050262462,0.022757945197820664,0.06087062388658527,6.084265
2025-11-07 20:39:59,-0.035609446465969086,-0.6849204897880554,-1.4447318315505981,0.17338968813419342,-1.699100136756897,-0.06780578941106796,-0.3153,-0.6938,-1.448,0.1989,-1.7322,-0.0448,0.27969055353403094,0.008879510211944552,0.0032681684494018093,0.025510311865806573,0.03309986324310299,0.023005789411067963,0.062242366119225796,7.853193
2025-11-07 20:39:59,-0.02387065812945366,-0.6842072010040283,-1.443991780281067,0.16707351803779602,-1.6945077180862427,-0.0724690854549408,-0.3093,-0.6932,-1.4472,0.1918,-1.7275,-0.0501,0.28542934187054636,0.008992798995971718,0.0032082197189331474,0.024726481962203978,0.03299228191375736,0.022369085454940797,0.06295303498605889,0.909361
2025-11-07 20:40:00,-0.010862501338124275,-0.6834594011306763,-1.4431864023208618,0.16016484797000885,-1.689799427986145,-0.07787636667490005,-0.3032,-0.6926,-1.4463,0.1851,-1.7228,-0.0553,0.29233749866187575,0.009140598869323724,0.0031135976791381026,0.024935152029991137,0.03300057201385509,0.022576366674900053,0.06418396432151398,0.741252
2025-11-07 20:40:00,0.002437111921608448,-0.6826751232147217,-1.442361831665039,0.15297047793865204,-1.6850589513778687,-0.08305738866329193,-0.2971,-0.6919,-1.4455,0.1783,-1.7181,-0.0605,0.2995371119216084,0.00922487678527828,0.0031381683349609446,0.025329522061347948,0.03304104862213131,0.022557388663291933,0.06547135273143646,4.482205
2025-11-07 20:40:00,0.015755899250507355,-0.6819254159927368,-1.441510558128357,0.14592184126377106,-1.6800696849822998,-0.08857779949903488,-0.291,-0.6912,-1.4447,0.1714,-1.7134,-0.0658,0.30675589925050734,0.00927458400726322,0.0031894418716431616,0.02547815873622894,0.03333031501770023,0.022777799499034884,0.06680103306372963,6.693936
2025-11-07 20:40:00,0.028392067179083824,-0.681269645690918,-1.440703272819519,0.13908028602600098,-1.6756176948547363,-0.09374348074197769,-0.2847,-0.6905,-1.4439,0.1646,-1.7087,-0.0708,0.31309206717908383,0.009230354309082034,0.0031967271804809183,0.02551971397399902,0.03308230514526378,0.02294348074197769,0.06784410808831455,3.038145
2025-11-07 20:40:00,0.04085182771086693,-0.680546760559082,-1.4398940801620483,0.13247458636760712,-1.6710385084152222,-0.09885547310113907,-0.2785,-0.6898,-1.4431,0.158,-1.7041,-0.0761,0.31935182771086695,0.009253239440917937,0.0032059198379517095,0.025525413632392885,0.03306149158477778,0.022755473101139068,0.06885889421800771,1.639942
2025-11-07 20:40:00,0.0626266822218895,-0.6792313456535339,-1.4385000467300415,0.12082207947969437,-1.6630288362503052,-0.10735948383808136,-0.269,-0.6888,-1.4418,0.1484,-1.6971,-0.0837,0.3316266822218895,0.009568654346466032,0.0032999532699584666,0.027577920520305638,0.03407116374969488,0.023659483838081363,0.07163397632439931,18.545632
2025-11-07 20:40:00,0.07511520385742188,-0.6784969568252563,-1.4377100467681885,0.11405722051858902,-1.6583281755447388,-0.11254433542490005,-0.2626,-0.6881,-1.441,0.1417,-1.6924,-0.0889,0.3377152038574219,0.009603043174743697,0.003289953231811582,0.027642779481410973,0.034071824455261135,0.023644335424900048,0.07266118993759156,25.77631
2025-11-07 20:40:01,0.08846084028482437,-0.6777050495147705,-1.4368970394134521,0.10699515789747238,-1.6534072160720825,-0.1180168092250824,-0.2562,-0.6874,-1.4402,0.1348,-1.6878,-0.094,0.34466084028482435,0.009694950485229503,0.0033029605865477762,0.02780484210252762,0.03439278392791745,0.024016809225082397,0.07397886443535485,30.858217
2025-11-07 20:40:01,0.10142681002616882,-0.6769552826881409,-1.4360686540603638,0.09999828785657883,-1.648831844329834,-0.1232035830616951,-0.2497,-0.6867,-1.4394,0.1276,-1.683,-0.0995,0.35112681002616886,0.009744717311859108,0.0033313459396362433,0.027601712143421164,0.03416815567016607,0.023703583061695094,0.0749460540254911,29.406473
2025-11-07 20:40:01,0.11406873166561127,-0.6762669086456299,-1.435265302658081,0.09329096227884293,-1.6440799236297607,-0.12843254208564758,-0.2432,-0.6859,-1.4385,0.1209,-1.6784,-0.1046,0.35726873166561124,0.009633091354370071,0.003234697341918835,0.027609037721157068,0.03432007637023915,0.023832542085647584,0.07598302942315732,27.172148
2025-11-07 20:40:01,0.12652848660945892,-0.6755766272544861,-1.4344656467437744,0.08656828850507736,-1.6395995616912842,-0.13324540853500366,-0.2366,-0.6852,-1.4377,0.1141,-1.6737,-0.1098,0.36312848660945896,0.009623372745513947,0.003234353256225564,0.02753171149492263,0.034100438308715786,0.023445408535003667,0.07684396182497343,25.029388
2025-11-07 20:40:01,0.13877733051776886,-0.6748652458190918,-1.4336622953414917,0.08002585917711258,-1.6353545188903809,-0.13835355639457703,-0.2299,-0.6845,-1.4369,0.105,-1.6688,-0.1159,0.36867733051776885,0.0096347541809082,0.003237704658508367,0.024974140822887417,0.0334454811096192,0.022453556394577023,0.07707049461404485,17.760929
2025-11-07 20:40:01,0.1509360373020172,-0.6741596460342407,-1.4328876733779907,0.07352370023727417,-1.6307942867279053,-0.14328914880752563,-0.2232,-0.6837,-1.436,0.0979,-1.664,-0.1215,0.3741360373020172,0.009540353965759252,0.0031123266220092205,0.02437629976272583,0.03320571327209465,0.021789148807525638,0.07769331328868863,9.583448
2025-11-07 20:40:01,0.1626671552658081,-0.6734405755996704,-1.4321666955947876,0.0672152042388916,-1.6263328790664673,-0.14792177081108093,-0.2165,-0.683,-1.4352,0.0913,-1.6593,-0.1267,0.37916715526580813,0.009559424400329641,0.0030333044052124336,0.024084795761108405,0.03296712093353271,0.021221770811080926,0.0783389285961787,-0.29409
2025-11-07 20:40:02,0.17496584355831146,-0.6727119088172913,-1.4314054250717163,0.06067277491092682,-1.6218904256820679,-0.1529647260904312,-0.2097,-0.6822,-1.4343,0.0846,-1.6546,-0.1318,0.38466584355831146,0.009488091182708769,0.0028945749282835997,0.023927225089073176,0.0327095743179322,0.021164726090431213,0.07914167252779007,-8.647716
2025-11-07 20:40:02,0.18827120959758759,-0.6719257831573486,-1.4305616617202759,0.05349566414952278,-1.6169410943984985,-0.15822820365428925,-0.2029,-0.6815,-1.4334,0.078,-1.6499,-0.1372,0.39117120959758755,0.009574216842651362,0.0028383382797241286,0.02450433585047722,0.03295890560150139,0.021028203654289257,0.08034586830437182,-3.620564
2025-11-07 20:40:02,0.20073673129081726,-0.671176016330719,-1.429787039756775,0.04684777185320854,-1.6123770475387573,-0.1634725034236908,-0.196,-0.6807,-1.4326,0.0716,-1.6452,-0.1423,0.39673673129081727,0.009523983669280978,0.0028129602432251932,0.024752228146791455,0.03282295246124267,0.021172503423690786,0.08130355987250805,-5.13066
2025-11-07 20:40:02,0.21304500102996826,-0.6704761385917664,-1.4290008544921875,0.04023439809679985,-1.6078852415084839,-0.16848862171173096,-0.1891,-0.68,-1.4318,0.0648,-1.6406,-0.1473,0.40214500102996825,0.009523861408233691,0.0027991455078124616,0.024565601903200146,0.03271475849151617,0.02118862171173097,0.08215616500874362,-12.598037
2025-11-07 20:40:02,0.22548367083072662,-0.6697743535041809,-1.4281975030899048,0.033615272492170334,-1.6033554077148438,-0.17353540658950806,-0.1822,-0.6793,-1.4311,0.0583,-1.636,-0.1523,0.40768367083072665,0.009525646495819107,0.0029024969100952536,0.024684727507829664,0.03264459228515615,0.021235406589508066,0.08311275676985581,-14.146456
2025-11-07 20:40:02,0.2427179515361786,-0.6688252091407776,-1.4271160364151,0.02439221180975437,-1.597031593322754,-0.18067418038845062,-0.1752,-0.6785,-1.4303,0.0511,-1.6314,-0.1575,0.4179179515361786,0.009674790859222404,0.003183963584899807,0.026707788190245628,0.034368406677246055,0.02317418038845062,0.08583784687270718,27.773433
2025-11-07 20:40:02,0.25563982129096985,-0.6680793166160583,-1.4262933731079102,0.017491215839982033,-1.5923271179199219,-0.18576699495315552,-0.1682,-0.6778,-1.4294,0.0445,-1.6269,-0.1627,0.42383982129096986,0.009720683383941608,0.0031066268920898477,0.027008784160017965,0.03457288208007814,0.023066994953155506,0.08688596546004217,26.638973
2025-11-07 20:40:03,0.2731962203979492,-0.6670227646827698,-1.4251928329467773,0.008141603320837021,-1.5859254598617554,-0.1932758241891861,-0.1576,-0.6767,-1.4283,0.0337,-1.62,-0.1704,0.4307962203979492,0.009677235317230193,0.0031071670532225593,0.02555839667916298,0.034074540138244735,0.0228758241891861,0.08768156396249928,12.322332
2025-11-07 20:40:03,0.2861219346523285,-0.6662807464599609,-1.4243855476379395,0.00112555839587003,-1.5810691118240356,-0.1983916461467743,-0.1506,-0.6759,-1.4275,0.0267,-1.6155,-0.1756,0.4367219346523285,0.009619253540039008,0.003114452362060538,0.02557444160412997,0.03443088817596429,0.022791646146774286,0.08870876941354944,2.695592
2025-11-07 20:40:03,0.29874467849731445,-0.6655558943748474,-1.4235801696777344,-0.005558762699365616,-1.576410174369812,-0.20358993113040924,-0.1435,-0.6752,-1.4267,0.02,-1.611,-0.1806,0.4422446784973144,0.00964410562515261,0.0031198303222657042,0.025558762699365616,0.034589825630187976,0.02298993113040923,0.08969118898411593,4.755635
2025-11-07 20:40:03,0.31204813718795776,-0.6647850871086121,-1.422724962234497,-0.012743545696139336,-1.5717322826385498,-0.20877094566822052,-0.1365,-0.6745,-1.4258,0.0128,-1.6065,-0.186,0.4485481371879578,0.009714912891387928,0.003075037765502886,0.025543545696139335,0.034767717361450234,0.02277094566822052,0.09073671609510976,6.331997
2025-11-07 20:40:03,0.32418957352638245,-0.6640430092811584,-1.421961784362793,-0.01920352131128311,-1.567367672920227,-0.21390211582183838,-0.1293,-0.6737,-1.425,0.0057,-1.6019,-0.1913,0.4534895735263824,0.009656990718841518,0.0030382156372070757,0.024903521311283112,0.03453232707977305,0.02260211582183838,0.09137045734922093,0.654496
2025-11-07 20:40:03,0.33681806921958923,-0.6633470058441162,-1.4211546182632446,-0.025997139513492584,-1.5628207921981812,-0.21906012296676636,-0.1222,-0.673,-1.4242,-0.001,-1.5974,-0.1966,0.4590180692195892,0.009652994155883832,0.0030453817367552816,0.024997139513492583,0.03457920780181878,0.02246012296676636,0.09229215256571767,0.930511
2025-11-07 20:40:03,0.34894612431526184,-0.6626969575881958,-1.4203838109970093,-0.03246095031499863,-1.5581941604614258,-0.22395353019237518,-0.1151,-0.6722,-1.4234,-0.0079,-1.5928,-0.2018,0.4640461243152618,0.009503042411804219,0.0030161890029907212,0.024560950314998626,0.03460583953857421,0.022153530192375176,0.09298094596266747,-5.111373
2025-11-07 20:40:04,0.3615841865539551,-0.6619682908058167,-1.419595718383789,-0.039237309247255325,-1.553586483001709,-0.22904634475708008,-0.1079,-0.6715,-1.4224,-0.0147,-1.5881,-0.2073,0.4694841865539551,0.009531709194183335,0.002804281616211046,0.024537309247255328,0.03451351699829108,0.021746344757080066,0.09376955806116265,-9.341076
2025-11-07 20:40:04,0.37407463788986206,-0.6612051725387573,-1.4188038110733032,-0.045921631157398224,-1.5490776300430298,-0.23396658897399902,-0.1008,-0.6707,-1.4216,-0.0214,-1.5835,-0.2126,0.47487463788986206,0.009494827461242639,0.002796188926696752,0.024521631157398225,0.03442236995697012,0.021366588973999012,0.09457937406102813,-9.247168
2025-11-07 20:40:04,0.3907988667488098,-0.660221517086029,-1.4177510738372803,-0.05486665666103363,-1.542932152748108,-0.24089059233665466,-0.0936,-0.67,-1.4208,-0.0279,-1.5789,-0.2176,0.48439886674880983,0.009778482913970987,0.0030489261627197894,0.02696665666103363,0.03596784725189206,0.023290592336654675,0.09724189534584682,29.189589
2025-11-07 20:40:04,0.4034465253353119,-0.6594890356063843,-1.416953444480896,-0.061702460050582886,-1.5383871793746948,-0.24582426249980927,-0.0864,-0.6692,-1.42,-0.0347,-1.5744,-0.2227,0.4898465253353119,0.00971096439361574,0.003046555519103933,0.027002460050582884,0.0360128206253052,0.023124262499809256,0.09812393140395483,26.302763
2025-11-07 20:40:04,0.41591012477874756,-0.6587162613868713,-1.4161748886108398,-0.06832925975322723,-1.533532738685608,-0.25124111771583557,-0.0791,-0.6685,-1.4192,-0.0436,-1.5698,-0.2286,0.49501012477874756,0.009783738613128645,0.0030251113891601733,0.024729259753227234,0.036267261314392174,0.022641117715835574,0.09857610226074857,26.304196
2025-11-07 20:40:04,0.42927876114845276,-0.6579224467277527,-1.4153177738189697,-0.07551787048578262,-1.5286517143249512,-0.25655829906463623,-0.0719,-0.6678,-1.4184,-0.0484,-1.5654,-0.2331,0.5011787611484527,0.009877553272247264,0.0030822261810303786,0.027117870485782625,0.03674828567504873,0.02345829906463623,0.10024383263786633,31.665464
2025-11-07 20:40:04,0.44220638275146484,-0.6572072505950928,-1.4144893884658813,-0.08241119980812073,-1.5240346193313599,-0.2617776691913605,-0.0647,-0.667,-1.4176,-0.0548,-1.561,-0.238,0.5069063827514648,0.009792749404907264,0.0031106115341186236,0.027611199808120726,0.03696538066864008,0.023777669191360484,0.10136066555976868,31.4059
2025-11-07 20:40:04,0.45099034905433655,-0.6567221283912659,-1.4139199256896973,-0.08717996627092361,-1.5208337306976318,-0.2653805911540985,-0.0574,-0.6663,-1.4168,-0.0616,-1.5566,-0.243,0.5083903490543366,0.009577871608734134,0.0028800743103027937,0.025579966270923613,0.03576626930236815,0.022380591154098517,0.10076252028346062,-11.88013
2025-11-07 20:40:05,0.46816518902778625,-0.655771017074585,-1.4128443002700806,-0.09632440656423569,-1.5144035816192627,-0.2720898389816284,-0.0501,-0.6656,-1.416,-0.0682,-1.5522,-0.2482,0.5182651890277863,0.009828982925415009,0.003155699729919359,0.02812440656423569,0.03779641838073733,0.023889838981628414,0.10351008926828702,30.494363
2025-11-07 20:40:05,0.4806383550167084,-0.6550213098526001,-1.4120657444000244,-0.10300489515066147,-1.5100483894348145,-0.27734947204589844,-0.0428,-0.6648,-1.4152,-0.0754,-1.5477,-0.2536,0.5234383550167083,0.009778690147399849,0.0031342555999755994,0.027604895150661474,0.03765161056518562,0.023749472045898445,0.1042262130876382,28.246413
2025-11-07 20:40:05,0.49748530983924866,-0.6540299654006958,-1.4110283851623535,-0.11203812062740326,-1.5037074089050293,-0.2838478088378906,-0.0317,-0.6637,-1.414,-0.0871,-1.5409,-0.2617,0.5291853098392486,0.009670034599304156,0.002971614837646408,0.024938120627403262,0.03719259109497064,0.022147808837890637,0.1043509133060773,-0.89298
2025-11-07 20:40:05,0.5092222094535828,-0.6533108949661255,-1.4102632999420166,-0.11825457960367203,-1.4996427297592163,-0.2887929677963257,-0.0244,-0.6629,-1.413,-0.0937,-1.5363,-0.2672,0.5336222094535827,0.009589105033874556,0.002736700057983432,0.024554579603672022,0.03665727024078369,0.02159296779632569,0.1047921386977037,-10.454265
2025-11-07 20:40:05,0.5242226123809814,-0.6517059803009033,-1.4085279703140259,-0.12686596810817719,-1.4944428205490112,-0.29476398229599,-0.017,-0.6622,-1.4122,-0.1007,-1.5317,-0.2725,0.5412226123809815,0.01049401969909669,0.003672029685974021,0.026165968108177187,0.03725717945098883,0.02226398229598997,0.10684596527020136,26.52156
2025-11-07 20:40:05,0.5301342010498047,-0.6489946842193604,-1.4054619073867798,-0.13199521601200104,-1.4943022727966309,-0.29699018597602844,-0.0095,-0.6614,-1.4113,-0.1099,-1.527,-0.2785,0.5396342010498046,0.012405315780639636,0.005838092613220214,0.02209521601200104,0.032697727203369054,0.018490185976028417,0.10519345643917717,24.550456
2025-11-07 20:40:05,0.535503089427948,-0.645878791809082,-1.402246356010437,-0.1369192898273468,-1.4950711727142334,-0.2983688414096832,-0.0021,-0.6607,-1.4105,-0.1162,-1.5224,-0.2838,0.537603089427948,0.014821208190917923,0.008253643989563075,0.020719289827346804,0.027328827285766577,0.01456884140968323,0.10388248335520427,23.789688
2025-11-07 20:40:06,0.5405729413032532,-0.642973780632019,-1.3990576267242432,-0.1415729969739914,-1.495726227760315,-0.29994502663612366,0.0053,-0.6599,-1.4097,-0.1227,-1.5179,-0.2888,0.5352729413032532,0.016926219367981,0.010642373275756789,0.01887299697399139,0.022173772239685086,0.011145026636123656,0.10250555496613185,13.278082
2025-11-07 20:40:06,0.5458363890647888,-0.6397371292114258,-1.3957959413528442,-0.1464817374944687,-1.496345043182373,-0.30162280797958374,0.0128,-0.659,-1.4084,-0.1284,-1.5136,-0.2929,0.5330363890647888,0.01926287078857425,0.012604058647155858,0.018081737494468703,0.01725495681762701,0.008722807979583747,0.1014938034653664,11.481191
2025-11-07 20:40:06,0.5511899590492249,-0.636659562587738,-1.3924250602722168,-0.1515074521303177,-1.4970228672027588,-0.30300721526145935,0.0201,-0.6579,-1.4059,-0.1334,-1.5099,-0.2955,0.5310899590492248,0.021240437412262003,0.01347493972778313,0.018107452130317697,0.01287713279724123,0.007507215261459366,0.10071618939638138,7.278569
2025-11-07 20:40:06,0.5566030144691467,-0.6336145997047424,-1.3891711235046387,-0.15629538893699646,-1.497660756111145,-0.3044204115867615,0.0275,-0.6565,-1.4028,-0.1383,-1.5069,-0.2973,0.5291030144691468,0.02288540029525754,0.013628876495361375,0.017995388936996454,0.009239243888854887,0.007120411586761466,0.09999538927872975,6.75382
2025-11-07 20:40:06,0.5618166327476501,-0.6304756999015808,-1.3858999013900757,-0.161261647939682,-1.4982701539993286,-0.3061518967151642,0.0349,-0.6549,-1.3996,-0.143,-1.5046,-0.299,0.5269166327476501,0.024424300098419227,0.013700098609924272,0.01826164793968202,0.006329846000671324,0.0071518967151641966,0.09946407035191851,10.22022
2025-11-07 20:40:06,0.5672661066055298,-0.6273195147514343,-1.382482886314392,-0.16622024774551392,-1.4989365339279175,-0.30759957432746887,0.0423,-0.653,-1.3964,-0.1479,-1.5028,-0.3006,0.5249661066055298,0.0256804852485657,0.013917113685607996,0.018320247745513912,0.003863466072082433,0.006999574327468894,0.09895783228079479,7.542211
2025-11-07 20:40:06,0.572575569152832,-0.6243014335632324,-1.3792346715927124,-0.17107528448104858,-1.4996352195739746,-0.30893030762672424,0.0498,-0.6509,-1.393,-0.153,-1.5014,-0.3021,0.5227755691528321,0.026598566436767612,0.013765328407287614,0.018075284481048587,0.0017647804260254585,0.0068303076267242635,0.09830163942178094,5.517015
2025-11-07 20:40:07,0.5775629281997681,-0.6213235855102539,-1.3760497570037842,-0.17584596574306488,-1.500246524810791,-0.3106004297733307,0.0572,-0.6487,-1.3896,-0.1578,-1.5003,-0.3035,0.520362928199768,0.027376414489746148,0.013550242996215767,0.018045965743064885,5.3475189208951335e-05,0.0071004297733306965,0.09774824273188908,-2.301041
2025-11-07 20:40:07,0.5825809836387634,-0.6182805299758911,-1.3729722499847412,-0.18034052848815918,-1.5008065700531006,-0.3123108148574829,0.0647,-0.6463,-1.3859,-0.1629,-1.4995,-0.3053,0.5178809836387634,0.028019470024108872,0.012927750015258699,0.01744052848815919,0.0013065700531005309,0.007010814857482894,0.09743101951281229,-8.720304
2025-11-07 20:40:07,0.5879786610603333,-0.6151723265647888,-1.3694958686828613,-0.18544676899909973,-1.5014159679412842,-0.31356483697891235,0.0722,-0.6438,-1.3824,-0.1677,-1.4989,-0.3068,0.5157786610603332,0.02862767343521122,0.012904131317138745,0.017746768999099743,0.0025159679412842806,0.006764836978912336,0.09738967328866326,-12.071795
2025-11-07 20:40:07,0.593351423740387,-0.6121465563774109,-1.3662725687026978,-0.19022320210933685,-1.5020215511322021,-0.3149147629737854,0.0797,-0.6414,-1.379,-0.1725,-1.4986,-0.3082,0.513651423740387,0.02925344362258908,0.01272743129730225,0.017723202109336866,0.0034215511322022163,0.006714762973785426,0.09724863581260046,-9.869903
2025-11-07 20:40:07,0.5986053347587585,-0.6090881824493408,-1.3630110025405884,-0.1950993537902832,-1.5026443004608154,-0.31681495904922485,0.0872,-0.639,-1.3757,-0.1772,-1.4983,-0.3099,0.5114053347587586,0.029911817550659192,0.012688997459411544,0.017899353790283207,0.0043443004608154645,0.006914959049224845,0.09719412717819213,-13.164236
2025-11-07 20:40:07,0.607327938079834,-0.6039109826087952,-1.3575519323349,-0.20322944223880768,-1.503760576248169,-0.3189663887023926,0.0986,-0.6353,-1.3706,-0.1854,-1.4982,-0.3122,0.508727938079834,0.03138901739120481,0.013048067665100138,0.01782944223880767,0.005560576248168969,0.006766388702392601,0.09722023838758469,4.163768
2025-11-07 20:40:07,0.6128770709037781,-0.6005496382713318,-1.3540947437286377,-0.20837979018688202,-1.5044896602630615,-0.32047542929649353,0.1061,-0.6329,-1.3672,-0.1902,-1.4982,-0.3136,0.5067770709037781,0.03235036172866823,0.013105256271362276,0.01817979018688201,0.006289660263061547,0.00687542929649354,0.09726292810837428,7.939959
2025-11-07 20:40:08,0.6185489892959595,-0.5974663496017456,-1.3506202697753906,-0.21357613801956177,-1.5052109956741333,-0.3224715292453766,0.1137,-0.6305,-1.3639,-0.195,-1.4984,-0.3153,0.5048489892959594,0.033033650398254344,0.013279730224609265,0.01857613801956176,0.006810995674133347,0.007171529245376562,0.09728683880964911,10.775077
2025-11-07 20:40:08,0.6239946484565735,-0.594149112701416,-1.347287654876709,-0.2185424119234085,-1.5058109760284424,-0.32389238476753235,0.1213,-0.6281,-1.3605,-0.2001,-1.4986,-0.3169,0.5026946484565735,0.033950887298583976,0.013212345123291058,0.018442411923408508,0.007210976028442451,0.006992384767532334,0.0970839422663053,10.125109
2025-11-07 20:40:08,0.6292273998260498,-0.5912441611289978,-1.343880295753479,-0.22346456348896027,-1.506395697593689,-0.32523268461227417,0.129,-0.6256,-1.3572,-0.2049,-1.4989,-0.3182,0.5002273998260498,0.03435583887100224,0.013319704246520958,0.018564563488960267,0.007495697593689066,0.007032684612274187,0.09683264810641608,5.685996
2025-11-07 20:40:08,0.6344813108444214,-0.5879345536231995,-1.340676188468933,-0.22828510403633118,-1.5070127248764038,-0.3269737660884857,0.1366,-0.6232,-1.3538,-0.2101,-1.4992,-0.3197,0.4978813108444214,0.03526544637680051,0.013123811531066787,0.018185104036331168,0.00781272487640372,0.007273766088485734,0.09659036062558489,4.895311
2025-11-07 20:40:08,0.6398099660873413,-0.585023820400238,-1.3372381925582886,-0.23331080377101898,-1.507625937461853,-0.3285825252532959,0.1443,-0.6208,-1.3504,-0.215,-1.4997,-0.3214,0.4955099660873413,0.03577617959976198,0.01316180744171147,0.018310803771018985,0.007925937461852994,0.007182525253295879,0.09631120326916377,4.483707
2025-11-07 20:40:08,0.6452000141143799,-0.5817583799362183,-1.3339842557907104,-0.23819461464881897,-1.5082467794418335,-0.3298211991786957,0.152,-0.6184,-1.347,-0.2201,-1.5001,-0.323,0.49320001411437986,0.03664162006378169,0.013015744209289526,0.01809461464881898,0.008146779441833507,0.006821199178695669,0.09598666194279988,3.585176
2025-11-07 20:40:08,0.6504212617874146,-0.5787594318389893,-1.330701470375061,-0.24300748109817505,-1.5088979005813599,-0.33143380284309387,0.1597,-0.616,-1.3435,-0.2252,-1.5005,-0.3245,0.49072126178741454,0.037240568161010734,0.012798529624938881,0.017807481098175038,0.008397900581359918,0.006933802843093861,0.09564992401599881,-0.897378
2025-11-07 20:40:09,0.655907154083252,-0.575472891330719,-1.3273708820343018,-0.24810989201068878,-1.5096440315246582,-0.33310776948928833,0.1674,-0.6136,-1.3402,-0.23,-1.501,-0.3261,0.48850715408325196,0.03812710866928104,0.0128291179656983,0.018109892010688772,0.008644031524658313,0.007007769489288329,0.0955375122904778,-1.532508
2025-11-07 20:40:09,0.6608638763427734,-0.5727673172950745,-1.3242683410644531,-0.25261786580085754,-1.510300874710083,-0.3343483805656433,0.1752,-0.6112,-1.3365,-0.2349,-1.5015,-0.3278,0.4856638763427734,0.0384326827049255,0.012231658935546896,0.017717865800857546,0.008800874710082951,0.00654838056564333,0.09489922317663828,-11.689578
2025-11-07 20:40:09,0.6662078499794006,-0.5694999694824219,-1.3209261894226074,-0.25762057304382324,-1.510915994644165,-0.33585742115974426,0.1829,-0.6087,-1.3331,-0.2399,-1.5021,-0.3292,0.4833078499794006,0.039200030517578144,0.01217381057739253,0.01772057304382324,0.008815994644165048,0.00665742115974427,0.09464594665368398,-12.406994
2025-11-07 20:40:09,0.673478901386261,-0.5653601288795471,-1.3164527416229248,-0.2642991244792938,-1.5117038488388062,-0.3382159173488617,0.1907,-0.6063,-1.3298,-0.2447,-1.5026,-0.3308,0.482778901386261,0.04093987112045283,0.013347258377075288,0.019599124479293822,0.009103848838806217,0.007415917348861711,0.09553082025845848,32.784254
2025-11-07 20:40:09,0.6786599159240723,-0.5621618032455444,-1.3131393194198608,-0.2690966725349426,-1.5123019218444824,-0.3395121395587921,0.1985,-0.6039,-1.3265,-0.2497,-1.5032,-0.3324,0.48015991592407226,0.04173819675445556,0.013360680580139173,0.01939667253494262,0.00910192184448233,0.007112139558792141,0.09514492119948066,31.049951
2025-11-07 20:40:09,0.6839272379875183,-0.5592337846755981,-1.3098680973052979,-0.2740437388420105,-1.512896180152893,-0.3409406542778015,0.2063,-0.6015,-1.3233,-0.2543,-1.5038,-0.3337,0.47762723798751827,0.04226621532440189,0.01343190269470207,0.019743738842010472,0.00909618015289304,0.007240654277801517,0.09490098821322122,30.264456
2025-11-07 20:40:09,0.6892769932746887,-0.5558552145957947,-1.3064051866531372,-0.27901768684387207,-1.5135226249694824,-0.34286195039749146,0.2143,-0.5991,-1.3193,-0.261,-1.5043,-0.3356,0.47497699327468873,0.04324478540420529,0.01289481334686271,0.01801768684387206,0.009222624969482451,0.007261950397491446,0.09426980903943379,25.940413
2025-11-07 20:40:09,0.6949681043624878,-0.5526856184005737,-1.3029978275299072,-0.2841910421848297,-1.5142232179641724,-0.3442808985710144,0.222,-0.5967,-1.3164,-0.2642,-1.505,-0.3371,0.4729681043624878,0.04401438159942628,0.013402172470092788,0.01999104218482972,0.00922321796417247,0.0071808985710143935,0.09446330285867059,31.522311
2025-11-07 20:40:10,0.7020666003227234,-0.5486032962799072,-1.298539638519287,-0.29080823063850403,-1.5151857137680054,-0.34604498744010925,0.2339,-0.5931,-1.3114,-0.2723,-1.5059,-0.3392,0.4681666003227234,0.044496703720092734,0.01286036148071279,0.018508230638504042,0.009285713768005355,0.006844987440109251,0.0933604328950246,8.236403
2025-11-07 20:40:10,0.7071306109428406,-0.5456120371818542,-1.2954621315002441,-0.2953718304634094,-1.5158274173736572,-0.3477860391139984,0.2418,-0.5907,-1.3081,-0.2772,-1.5064,-0.3407,0.46533061094284056,0.045087962818145755,0.0126378684997559,0.018171830463409422,0.009427417373657265,0.00708603911399841,0.09295695486863455,-0.834278
2025-11-07 20:40:10,0.7122905850410461,-0.5426015853881836,-1.292244553565979,-0.3001367747783661,-1.516419768333435,-0.34936028718948364,0.2497,-0.5883,-1.3043,-0.2823,-1.5071,-0.3426,0.4625905850410461,0.04569841461181645,0.012055446434021011,0.017836774778366093,0.009319768333434952,0.006760287189483627,0.09237687939802804,-11.577074
2025-11-07 20:40:10,0.7191033363342285,-0.5385768413543701,-1.2880280017852783,-0.3064049780368805,-1.5172038078308105,-0.35095369815826416,0.2577,-0.5859,-1.3008,-0.2872,-1.5077,-0.344,0.46140333633422853,0.04732315864562986,0.012771998214721636,0.019204978036880482,0.009503807830810507,0.006953698158264188,0.0928601628700892,25.921998
2025-11-07 20:40:10,0.7247177362442017,-0.5354666709899902,-1.2845842838287354,-0.3116473853588104,-1.517839789390564,-0.3528021574020386,0.2657,-0.5835,-1.2975,-0.2922,-1.5083,-0.3455,0.45901773624420167,0.048033329010009784,0.012915716171264746,0.01944738535881041,0.00953978939056399,0.0073021574020386,0.09270935226281489,32.042922
2025-11-07 20:40:10,0.7301231026649475,-0.5321667194366455,-1.2811059951782227,-0.31661364436149597,-1.5184719562530518,-0.35450294613838196,0.2736,-0.581,-1.2944,-0.2968,-1.509,-0.3472,0.4565231026649475,0.04883328056335445,0.013294004821777339,0.019813644361495963,0.00947195625305186,0.007302946138381949,0.09253982246716819,27.801256
2025-11-07 20:40:10,0.7354268431663513,-0.5291965007781982,-1.2778539657592773,-0.32147058844566345,-1.5190889835357666,-0.35572248697280884,0.2817,-0.5786,-1.291,-0.3018,-1.5097,-0.3487,0.4537268431663513,0.04940349922180176,0.013146034240722582,0.01967058844566344,0.00938898353576656,0.007022486972808828,0.0920597392638524,25.994947
2025-11-07 20:40:11,0.740893542766571,-0.5257546305656433,-1.2743276357650757,-0.3266727030277252,-1.5197819471359253,-0.3572583794593811,0.2897,-0.5762,-1.2878,-0.3063,-1.5103,-0.35,0.45119354276657103,0.050445369434356735,0.013472364234924372,0.020372703027725203,0.009481947135925317,0.007258379459381126,0.09203738434314729,29.423976
2025-11-07 20:40:11,0.746187686920166,-0.5228649973869324,-1.2710967063903809,-0.3315143287181854,-1.5204768180847168,-0.35899943113327026,0.2977,-0.5738,-1.2844,-0.3116,-1.5109,-0.3516,0.448487686920166,0.050935002613067604,0.013303293609619127,0.019914328718185437,0.009576818084716887,0.00739943113327024,0.09160276017983755,30.859359
2025-11-07 20:40:11,0.7515758275985718,-0.5195688605308533,-1.267693281173706,-0.3366071581840515,-1.5211527347564697,-0.3605027496814728,0.3058,-0.5714,-1.2811,-0.3165,-1.5116,-0.3533,0.44577582759857176,0.05183113946914675,0.01340671882629385,0.02010715818405151,0.009552734756469672,0.007202749681472775,0.0913127214193344,26.901923
2025-11-07 20:40:11,0.75697922706604,-0.5165718793869019,-1.2644526958465576,-0.34136632084846497,-1.521765947341919,-0.36185649037361145,0.3139,-0.569,-1.2777,-0.3214,-1.5122,-0.3547,0.44307922706604,0.052428120613098095,0.01324730415344244,0.019966320848464947,0.009565947341918957,0.007156490373611435,0.09090723506609598,26.906021
2025-11-07 20:40:11,0.7622254490852356,-0.513375461101532,-1.2611795663833618,-0.3462578058242798,-1.5223828554153442,-0.3636128902435303,0.3221,-0.5666,-1.2736,-0.3281,-1.5128,-0.3564,0.4401254490852356,0.05322453889846801,0.012420433616638249,0.018157805824279782,0.009582855415344316,0.007212890243530279,0.09012066218058268,26.438712
2025-11-07 20:40:11,0.7677631378173828,-0.5102959871292114,-1.2577204704284668,-0.3514733612537384,-1.5230283737182617,-0.36521780490875244,0.3301,-0.5642,-1.2707,-0.3314,-1.5135,-0.3579,0.4376631378173828,0.05390401287078861,0.012979529571533144,0.02007336125373843,0.009528373718261651,0.0073178049087524455,0.09024437002340951,28.83803
2025-11-07 20:40:11,0.7732394337654114,-0.5070419907569885,-1.2543150186538696,-0.35643962025642395,-1.523641586303711,-0.36656197905540466,0.3383,-0.5618,-1.2674,-0.3365,-1.5143,-0.3594,0.4349394337654114,0.05475800924301144,0.013084981346130453,0.01993962025642393,0.009341586303710958,0.007161979055404666,0.08987093499501549,28.064087
2025-11-07 20:40:12,0.7783706188201904,-0.5039893984794617,-1.2510610818862915,-0.3613617718219757,-1.524271845817566,-0.3682723641395569,0.3464,-0.5594,-1.2642,-0.3413,-1.5149,-0.3608,0.43197061882019044,0.05541060152053834,0.013138918113708487,0.020061771821975716,0.009371845817566005,0.007472364139556875,0.08957102003892266,26.803326
2025-11-07 20:40:12,0.7840386629104614,-0.5005839467048645,-1.2475539445877075,-0.3664507567882538,-1.5249648094177246,-0.36982741951942444,0.3546,-0.557,-1.2608,-0.3462,-1.5155,-0.3625,0.4294386629104614,0.05641605329513555,0.013246055412292401,0.020250756788253776,0.00946480941772454,0.00732741951942445,0.08935729289054868,30.571961
2025-11-07 20:40:12,0.7911659479141235,-0.49660903215408325,-1.2430000305175781,-0.3731158971786499,-1.525883674621582,-0.3716682195663452,0.367,-0.5533,-1.2554,-0.3546,-1.5164,-0.3649,0.42416594791412354,0.05669096784591676,0.012399969482421946,0.018515897178649876,0.009483674621582061,0.006768219566345213,0.08800411276817323,2.667699
2025-11-07 20:40:12,0.7964965105056763,-0.49328795075416565,-1.239809274673462,-0.3779824674129486,-1.5265272855758667,-0.37333449721336365,0.3752,-0.5508,-1.2521,-0.3595,-1.5172,-0.3664,0.4212965105056763,0.05751204924583431,0.012290725326538077,0.018482467412948622,0.009327285575866595,0.006934497213363644,0.08764058921337126,2.837052
2025-11-07 20:40:12,0.8015912771224976,-0.4904194176197052,-1.2366070747375488,-0.3826553523540497,-1.5270949602127075,-0.3751004934310913,0.3835,-0.5482,-1.2486,-0.3647,-1.5179,-0.3681,0.41809127712249755,0.05778058238029482,0.011992925262451104,0.01795535235404966,0.009194960212707493,0.007000493431091326,0.08700259846051533,-3.966592
2025-11-07 20:40:12,0.8067722916603088,-0.4873763620853424,-1.233460545539856,-0.3874777853488922,-1.52765691280365,-0.3762893080711365,0.3918,-0.5454,-1.2448,-0.3696,-1.5187,-0.3697,0.41497229166030886,0.05802363791465759,0.01133945446014395,0.017877785348892228,0.008956912803649963,0.0065893080711365015,0.08629323170979819,-11.6174
2025-11-07 20:40:12,0.8138707876205444,-0.4832557141780853,-1.2289774417877197,-0.3940470814704895,-1.5285625457763672,-0.37827008962631226,0.4001,-0.5426,-1.2412,-0.3748,-1.5194,-0.3712,0.4137707876205444,0.059344285821914644,0.012222558212280354,0.01924708147048948,0.009162545776367104,0.0070700896263122814,0.08680289142131804,32.24633
2025-11-07 20:40:13,0.8192435503005981,-0.48010721802711487,-1.2257024049758911,-0.39894622564315796,-1.5292004346847534,-0.3801434636116028,0.4084,-0.5398,-1.238,-0.3794,-1.5202,-0.3728,0.41084355030059816,0.05969278197288508,0.012297595024108876,0.019546225643157944,0.009000434684753422,0.007343463611602763,0.08645400853951772,31.478839
2025-11-07 20:40:13,0.8228445649147034,-0.4780689477920532,-1.223426342010498,-0.40233439207077026,-1.5296142101287842,-0.3810005486011505,0.4168,-0.537,-1.2348,-0.3841,-1.5209,-0.3745,0.40604456491470337,0.05893105220794681,0.01137365798950185,0.018234392070770267,0.008714210128784261,0.006500548601150513,0.08496640431880949,-12.320339
2025-11-07 20:40:13,0.8299832940101624,-0.4738447368144989,-1.218931794166565,-0.4089401066303253,-1.5305179357528687,-0.3826860189437866,0.4252,-0.5342,-1.2315,-0.389,-1.5216,-0.3758,0.40478329401016233,0.06035526318550111,0.012568205833435098,0.019940106630325305,0.008917935752868589,0.006886018943786598,0.08557513739267984,29.283689
2025-11-07 20:40:13,0.8354615569114685,-0.4707307815551758,-1.2155628204345703,-0.4140041470527649,-1.5312412977218628,-0.3845536410808563,0.4336,-0.5313,-1.2282,-0.394,-1.5224,-0.3773,0.4018615569114685,0.06056921844482421,0.012637179565429646,0.020004147052764876,0.008841297721862817,0.007253641080856299,0.08519450679620107,31.218032
2025-11-07 20:40:13,0.8405773639678955,-0.4675304889678955,-1.2122129201889038,-0.418782502412796,-1.531829833984375,-0.3861662447452545,0.442,-0.5284,-1.2249,-0.3989,-1.5232,-0.379,0.3985773639678955,0.06086951103210447,0.012687079811096291,0.019882502412796044,0.00862983398437489,0.007166244745254513,0.08463542265892028,27.504361
2025-11-07 20:40:13,0.8459712266921997,-0.46450087428092957,-1.209006905555725,-0.42374110221862793,-1.5324164628982544,-0.3874490261077881,0.4504,-0.5254,-1.2214,-0.404,-1.5241,-0.3805,0.3955712266921997,0.06089912571907041,0.012393094444274944,0.019741102218627904,0.008316462898254384,0.006949026107788081,0.08397833968003592,26.621229
2025-11-07 20:40:13,0.8514072895050049,-0.46127185225486755,-1.2055861949920654,-0.4287092685699463,-1.5330790281295776,-0.3891153335571289,0.459,-0.5221,-1.2174,-0.4104,-1.5251,-0.3821,0.39240728950500486,0.060828147745132455,0.011813805007934608,0.018309268569946302,0.007979028129577737,0.007015333557128911,0.08305881208578748,23.630474
2025-11-07 20:40:14,0.8567148447036743,-0.4583093523979187,-1.2023494243621826,-0.4335355758666992,-1.5336732864379883,-0.390793114900589,0.4675,-0.519,-1.2139,-0.4154,-1.526,-0.3838,0.3892148447036743,0.060690647602081316,0.011550575637817362,0.018135575866699227,0.007673286437988258,0.006993114900589015,0.08237634085814158,21.811902
2025-11-07 20:40:14,0.8619917631149292,-0.45519155263900757,-1.1990705728530884,-0.4384807348251343,-1.5342940092086792,-0.3921104073524475,0.476,-0.5159,-1.2105,-0.4205,-1.5269,-0.3855,0.3859917631149292,0.06070844736099246,0.01142942714691153,0.017980734825134292,0.007394009208679275,0.0066104073524475004,0.08168579816818237,19.435126
2025-11-07 20:40:14,0.867330014705658,-0.4520162045955658,-1.1957265138626099,-0.4434354901313782,-1.5350040197372437,-0.3935562074184418,0.4846,-0.5129,-1.2073,-0.4251,-1.5276,-0.3869,0.382730014705658,0.06088379540443423,0.011573486137390177,0.018335490131378196,0.007404019737243583,0.006656207418441751,0.08126383558909099,18.337616
2025-11-07 20:40:14,0.8722904920578003,-0.44905754923820496,-1.1926029920578003,-0.44803550839424133,-1.5356401205062866,-0.39513811469078064,0.4931,-0.5098,-1.204,-0.4301,-1.5284,-0.3884,0.3791904920578003,0.060742450761795075,0.011397007942199666,0.01793550839424135,0.00724012050628664,0.006738114690780617,0.08054061572551728,7.39467
2025-11-07 20:40:14,0.880984365940094,-0.44407209753990173,-1.1872435808181763,-0.4559815526008606,-1.5366917848587036,-0.39744484424591064,0.5059,-0.5054,-1.1993,-0.4368,-1.5294,-0.3908,0.375084365940094,0.06132790246009823,0.012056419181823763,0.019181552600860574,0.0072917848587035206,0.006644844245910664,0.08026447821458178,19.833565
2025-11-07 20:40:14,0.8862382173538208,-0.4410482347011566,-1.1839877367019653,-0.4608519375324249,-1.5372651815414429,-0.3990171551704407,0.5146,-0.502,-1.1953,-0.4434,-1.5303,-0.3924,0.37163821735382085,0.060951765298843386,0.011312263298034697,0.01745193753242491,0.0069651815414428775,0.006617155170440647,0.07915608669916789,19.40602
2025-11-07 20:40:14,0.8913866281509399,-0.4378633201122284,-1.1806033849716187,-0.4657299816608429,-1.5378575325012207,-0.40073904395103455,0.5232,-0.4989,-1.1919,-0.448,-1.531,-0.394,0.36818662815093994,0.06103667988777162,0.011296615028381307,0.017729981660842886,0.006857532501220787,0.006739043951034529,0.0786410801966985,17.721784
2025-11-07 20:40:15,0.8969224095344543,-0.4348663091659546,-1.1772956848144531,-0.4707134962081909,-1.53848397731781,-0.40214648842811584,0.5318,-0.4959,-1.1888,-0.4527,-1.5317,-0.3955,0.3651224095344543,0.06103369083404542,0.011504315185546954,0.018013496208190927,0.006783977317809997,0.0066464884281158265,0.07818406291802724,13.954661
2025-11-07 20:40:15,0.9021187424659729,-0.4315873980522156,-1.1740341186523438,-0.4756260812282562,-1.5391199588775635,-0.4035193920135498,0.5403,-0.4929,-1.1856,-0.4574,-1.5323,-0.3969,0.3618187424659729,0.06131260194778443,0.011565881347656237,0.018226081228256252,0.006819958877563481,0.00661939201354983,0.07772710964679719,11.801941
2025-11-07 20:40:15,0.9073419570922852,-0.4287399649620056,-1.1708492040634155,-0.4803028106689453,-1.5397065877914429,-0.4052700400352478,0.5489,-0.4898,-1.1824,-0.4623,-1.533,-0.3984,0.3584419570922851,0.0610600350379944,0.011550795936584368,0.018002810668945324,0.006706587791442953,0.006870040035247826,0.07710537109375,4.268047
2025-11-07 20:40:15,0.9126015901565552,-0.42556270956993103,-1.1675606966018677,-0.4851635992527008,-1.54036545753479,-0.40677526593208313,0.5576,-0.4868,-1.179,-0.4671,-1.5336,-0.4001,0.3550015901565552,0.06123729043006898,0.011439303398132372,0.01806359925270079,0.006765457534789965,0.006675265932083119,0.07653041778405507,-0.329347
2025-11-07 20:40:15,0.9177979826927185,-0.4226730763912201,-1.1643413305282593,-0.4900704324245453,-1.54110586643219,-0.40797561407089233,0.5662,-0.4838,-1.1757,-0.4721,-1.5342,-0.4016,0.35159798269271847,0.061126923608779915,0.01135866947174069,0.01797043242454527,0.006905866432189933,0.0063756140708923215,0.0758892481168111,1.634072
2025-11-07 20:40:15,0.9232397675514221,-0.41936540603637695,-1.1610298156738281,-0.4951153099536896,-1.5418291091918945,-0.40961888432502747,0.5748,-0.4807,-1.1724,-0.477,-1.5348,-0.403,0.34843976755142214,0.06133459396362306,0.011370184326171984,0.018115309953689596,0.007029109191894589,0.006618884325027441,0.07548464155197147,30.593062
2025-11-07 20:40:15,0.9233126044273376,-0.41932132840156555,-1.160910964012146,-0.4954700469970703,-1.5418614149093628,-0.40972626209259033,0.5834,-0.4776,-1.169,-0.4817,-1.5355,-0.4048,0.3399126044273376,0.05827867159843447,0.008089035987854043,0.013770046997070295,0.006361414909362706,0.004926262092590339,0.07188967266877491,-9.837892
2025-11-07 20:40:16,0.9233298897743225,-0.41931939125061035,-1.1608648300170898,-0.4955390691757202,-1.5418614149093628,-0.409975528717041,0.592,-0.4745,-1.1657,-0.4866,-1.5361,-0.4063,0.33132988977432254,0.055180608749389626,0.004835169982910115,0.008939069175720238,0.005761414909362772,0.003675528717041021,0.06828694688479105,31.912474
2025-11-07 20:40:16,0.9233298897743225,-0.41931939125061035,-1.1608610153198242,-0.495540976524353,-1.5418614149093628,-0.41005799174308777,0.6007,-0.4715,-1.1625,-0.4914,-1.5367,-0.4076,0.3226298897743225,0.05218060874938962,0.00163898468017587,0.004140976524353024,0.005161414909362838,0.0024579917430877507,0.06470164439678193,31.041546
2025-11-07 20:40:16,0.9233298897743225,-0.41931939125061035,-1.1608591079711914,-0.495540976524353,-1.5418405532836914,-0.41005799174308777,0.6093,-0.4686,-1.1598,-0.4951,-1.5373,-0.4089,0.31402988977432256,0.049280608749389665,0.0010591079711914642,0.0004409765243530428,0.004540553283691295,0.0011579917430877829,0.06175152134100597,28.119352
2025-11-07 20:40:16,0.9233298897743225,-0.41931939125061035,-1.1608591079711914,-0.495540976524353,-1.5418158769607544,-0.41005799174308777,0.6177,-0.4661,-1.1589,-0.4955,-1.5377,-0.4095,0.3056298897743225,0.04678060874938966,0.001959107971191365,4.097652435303134e-05,0.004115876960754328,0.0005579917430877934,0.05984740862051644,27.271718
2025-11-07 20:40:16,0.9233298897743225,-0.41931939125061035,-1.1608591079711914,-0.495540976524353,-1.5417969226837158,-0.41005799174308777,0.626,-0.4636,-1.1587,-0.4955,-1.538,-0.4098,0.2973298897743225,0.04428060874938966,0.002159107971191343,4.097652435303134e-05,0.0037969226837157866,0.00025799174308777095,0.057977582907676684,32.929801
2025-11-07 20:40:16,0.9233298897743225,-0.41931939125061035,-1.1608591079711914,-0.495540976524353,-1.5417873859405518,-0.41005608439445496,0.6342,-0.4612,-1.1586,-0.4955,-1.5383,-0.41,0.2891298897743225,0.04188060874938965,0.002259107971191332,4.097652435303134e-05,0.003487385940551757,5.608439445498048e-05,0.056142342225710545,32.184122
2025-11-07 20:40:16,0.9233222007751465,-0.41931939125061035,-1.1608591079711914,-0.495540976524353,-1.5417816638946533,-0.4100388288497925,0.6465,-0.4575,-1.1586,-0.4955,-1.5386,-0.41,0.2768222007751465,0.038180608749389666,0.002259107971191332,4.097652435303134e-05,0.0031816638946533526,3.8828849792504894e-05,0.053420564460754404,8.451122
2025-11-07 20:40:17,0.923316478729248,-0.41931939125061035,-1.1608591079711914,-0.495540976524353,-1.5417816638946533,-0.41000428795814514,0.6546,-0.4551,-1.1586,-0.4955,-1.5388,-0.4101,0.2687164787292481,0.03578060874938965,0.002259107971191332,4.097652435303134e-05,0.0029816638946533747,9.571204185487847e-05,0.05164575798511506,2.237761
2025-11-07 20:40:17,0.9233126044273376,-0.41931939125061035,-1.1608591079711914,-0.495540976524353,-1.5417797565460205,-0.4097147583961487,0.6626,-0.4526,-1.1586,-0.4955,-1.5389,-0.4101,0.2607126044273377,0.03328060874938965,0.002259107971191332,4.097652435303134e-05,0.002879756546020573,0.00038524160385133843,0.04992638263702393,-7.460495
2025-11-07 20:40:17,0.923308789730072,-0.41931939125061035,-1.1608591079711914,-0.495540976524353,-1.5417797565460205,-0.4097147583961487,0.6706,-0.4502,-1.1585,-0.4955,-1.539,-0.4101,0.25270878973007205,0.030880608749389638,0.002359107971191321,4.097652435303134e-05,0.002779756546020584,0.00038524160385133843,0.04819241352081299,-9.295139
2025-11-07 20:40:17,0.9233068823814392,-0.41931939125061035,-1.1608591079711914,-0.495540976524353,-1.5417797565460205,-0.4097147583961487,0.6785,-0.4478,-1.1585,-0.4955,-1.5391,-0.41,0.24480688238143922,0.028480608749389624,0.002359107971191321,4.097652435303134e-05,0.002679756546020595,0.00028524160385129393,0.04644209562937418,1.29723
2025-11-07 20:40:17,0.9233049750328064,-0.41931939125061035,-1.1608591079711914,-0.495540976524353,-1.5417797565460205,-0.4097147583961487,0.6863,-0.4453,-1.1585,-0.4955,-1.5392,-0.4099,0.23700497503280638,0.025980608749389622,0.002359107971191321,4.097652435303134e-05,0.0025797565460206062,0.00018524160385130495,0.044691777737935375,-1.058145
2025-11-07 20:40:17,0.9233049750328064,-0.41931939125061035,-1.1608591079711914,-0.495540976524353,-1.5417797565460205,-0.4097147583961487,0.694,-0.4429,-1.1585,-0.4955,-1.5393,-0.4098,0.22930497503280645,0.023580608749389664,0.002359107971191321,4.097652435303134e-05,0.0024797565460206172,8.524160385131596e-05,0.04297511107126873,4.607483
2025-11-07 20:40:17,0.9233049750328064,-0.41931939125061035,-1.1608591079711914,-0.495540976524353,-1.5417797565460205,-0.4097243547439575,0.7016,-0.4404,-1.1585,-0.4955,-1.5395,-0.4097,0.2217049750328064,0.021080608749389662,0.002359107971191321,4.097652435303134e-05,0.0022797565460204172,2.4354743957510916e-05,0.041248296594619725,7.281685
2025-11-07 20:40:17,0.9233049750328064,-0.41931939125061035,-1.1608591079711914,-0.495540976524353,-1.5417797565460205,-0.40973585844039917,0.7091,-0.438,-1.1585,-0.4955,-1.5396,-0.4097,0.21420497503280644,0.01868060874938965,0.002359107971191321,4.097652435303134e-05,0.0021797565460204282,3.5858440399161307e-05,0.03958354721069334,-0.326502
2025-11-07 20:40:18,0.9233049750328064,-0.41931939125061035,-1.1608591079711914,-0.495540976524353,-1.5417797565460205,-0.40975886583328247,0.7164,-0.4356,-1.1585,-0.4955,-1.5397,-0.4097,0.20690497503280636,0.016280608749389636,0.002359107971191321,4.097652435303134e-05,0.0020797565460204392,5.886583328246209e-05,0.03795404844284054,-2.933395
2025-11-07 20:40:18,0.9233030080795288,-0.41931939125061035,-1.1608591079711914,-0.495540976524353,-1.5417797565460205,-0.4099985361099243,0.7236,-0.4335,-1.1587,-0.4955,-1.5399,-0.4097,0.1997030080795288,0.014180608749389645,0.002159107971191343,4.097652435303134e-05,0.0018797565460204613,0.0002985361099243078,0.0363769989967346,-3.659218
2025-11-07 20:40:18,0.9233030080795288,-0.41931939125061035,-1.1608591079711914,-0.495540976524353,-1.5417797565460205,-0.4099985361099243,0.7306,-0.4317,-1.1588,-0.4955,-1.54,-0.4097,0.19270300807952878,0.012380608749389621,0.002059107971191354,4.097652435303134e-05,0.0017797565460204723,0.0002985361099243078,0.0348769989967346,31.993909
2025-11-07 20:40:18,0.9233030080795288,-0.41931939125061035,-1.1608591079711914,-0.495540976524353,-1.5417797565460205,-0.4099985361099243,0.7376,-0.4302,-1.1589,-0.4955,-1.5402,-0.4097,0.18570300807952878,0.010880608749389675,0.001959107971191365,4.097652435303134e-05,0.0015797565460204943,0.0002985361099243078,0.03341033233006794,29.321862
2025-11-07 20:40:18,0.9233030080795288,-0.41931939125061035,-1.1608591079711914,-0.495540976524353,-1.5417797565460205,-0.4099985361099243,0.7444,-0.4289,-1.1589,-0.4955,-1.5403,-0.4098,0.17890300807952886,0.009580608749389652,0.001959107971191365,4.097652435303134e-05,0.0014797565460205053,0.0001985361099243188,0.03202699899673462,27.495033
2025-11-07 20:40:18,0.9233030080795288,-0.41931939125061035,-1.1608591079711914,-0.495540976524353,-1.5417797565460205,-0.4099985361099243,0.751,-0.4278,-1.1589,-0.4955,-1.5404,-0.4099,0.1723030080795288,0.008480608749389662,0.001959107971191365,4.097652435303134e-05,0.0013797565460205163,9.853610992432982e-05,0.030710332330067952,29.880585
2025-11-07 20:40:18,0.9233030080795288,-0.41931939125061035,-1.1608591079711914,-0.4955390691757202,-1.5417797565460205,-0.4099985361099243,0.7574,-0.4268,-1.159,-0.4955,-1.5405,-0.41,0.16590300807952885,0.007480608749389661,0.001859107971191376,3.906917572021884e-05,0.0012797565460205274,1.4638900756591688e-06,0.02942716906865438,27.438305
2025-11-07 20:40:19,0.9233030080795288,-0.41932132840156555,-1.1608591079711914,-0.4955371618270874,-1.5417797565460205,-0.4099947214126587,0.7667,-0.4256,-1.159,-0.4955,-1.5406,-0.41,0.15660300807952876,0.006278671598434427,0.001859107971191376,3.716182708740634e-05,0.0011797565460205384,5.278587341284169e-06,0.027660497434933966,-2.853985
2025-11-07 20:40:19,0.9233030080795288,-0.41932323575019836,-1.1608591079711914,-0.4955352246761322,-1.5417797565460205,-0.40998703241348267,0.7726,-0.425,-1.159,-0.4955,-1.5407,-0.41,0.15070300807952886,0.005676764249801625,0.001859107971191376,3.5224676132206145e-05,0.0010797565460205494,1.296758651730956e-05,0.02656113818486532,-9.966628
2025-11-07 20:40:19,0.9233030080795288,-0.4193270802497864,-1.1608591079711914,-0.4955352246761322,-1.5417797565460205,-0.4099717140197754,0.7783,-0.4244,-1.159,-0.4955,-1.5407,-0.41,0.14500300807952882,0.0050729197502136225,0.001859107971191376,3.5224676132206145e-05,0.0010797565460205494,2.828598022458495e-05,0.02551305050055186,30.253605
2025-11-07 20:40:19,0.9233030080795288,-0.4193289875984192,-1.1608591079711914,-0.4955352246761322,-1.5417797565460205,-0.40993911027908325,0.7839,-0.4239,-1.159,-0.4955,-1.5407,-0.41,0.13940300807952877,0.00457101240158081,0.001859107971191376,3.5224676132206145e-05,0.0010797565460205494,6.088972091672362e-05,0.024501499899228407,26.247227
2025-11-07 20:40:19,0.9233030080795288,-0.419330894947052,-1.1608591079711914,-0.4955352246761322,-1.5417797565460205,-0.4098125696182251,0.7891,-0.4235,-1.1591,-0.4955,-1.5408,-0.41,0.13420300807952878,0.004169105052947986,0.001759107971191387,3.5224676132206145e-05,0.0009797565460205604,0.00018743038177487792,0.023555605451265966,32.782691
2025-11-07 20:40:19,0.9233030080795288,-0.4193328320980072,-1.1608591079711914,-0.4955352246761322,-1.5417797565460205,-0.4098125696182251,0.7941,-0.4232,-1.1591,-0.4955,-1.5408,-0.41,0.12920300807952878,0.0038671679019928185,0.001759107971191387,3.5224676132206145e-05,0.0009797565460205604,0.00018743038177487792,0.022671949259440105,30.120232
2025-11-07 20:40:19,0.9233030080795288,-0.41933473944664,-1.1608591079711914,-0.4955352246761322,-1.5417797565460205,-0.4098125696182251,0.7989,-0.4229,-1.1591,-0.4955,-1.5408,-0.41,0.12440300807952875,0.0035652605533599835,0.001759107971191387,3.5224676132206145e-05,0.0009797565460205604,0.00018743038177487792,0.021821631368001294,29.179811
2025-11-07 20:40:20,0.9233030080795288,-0.4193366467952728,-1.1608591079711914,-0.4955352246761322,-1.5417797565460205,-0.4098125696182251,0.8034,-0.4226,-1.1591,-0.4955,-1.5408,-0.41,0.1199030080795288,0.0032633532047271485,0.001759107971191387,3.5224676132206145e-05,0.0009797565460205604,0.00018743038177487792,0.021021313476562498,27.428706
2025-11-07 20:40:20,0.9233030080795288,-0.4193366467952728,-1.1608591079711914,-0.4955352246761322,-1.5417797565460205,-0.4098125696182251,0.8077,-0.4224,-1.1591,-0.4955,-1.5408,-0.4099,0.11560300807952884,0.0030633532047271705,0.001759107971191387,3.5224676132206145e-05,0.0009797565460205604,8.743038177488893e-05,0.020254646809895843,19.383848
2025-11-07 20:40:20,0.9233030080795288,-0.419338583946228,-1.1608591079711914,-0.4955352246761322,-1.5417797565460205,-0.4098125696182251,0.8116,-0.4222,-1.1591,-0.4955,-1.5408,-0.4098,0.11170300807952882,0.0028614160537719924,0.001759107971191387,3.5224676132206145e-05,0.0009797565460205604,1.2569618225100054e-05,0.019558513824145012,18.748449
2025-11-07 20:40:20,0.9233030080795288,-0.419338583946228,-1.1608591079711914,-0.4955352246761322,-1.5417816638946533,-0.4098125696182251,0.8153,-0.4221,-1.1591,-0.4955,-1.5408,-0.4098,0.10800300807952878,0.002761416053771948,0.001759107971191387,3.5224676132206145e-05,0.000981663894653373,1.2569618225100054e-05,0.018925498382250466,16.430866
2025-11-07 20:40:20,0.9233030080795288,-0.419338583946228,-1.1608591079711914,-0.4955352246761322,-1.5417835712432861,-0.4098125696182251,0.8188,-0.4219,-1.1591,-0.4955,-1.5408,-0.4098,0.10450300807952884,0.00256141605377197,0.001759107971191387,3.5224676132206145e-05,0.0009835712432861854,1.2569618225100054e-05,0.018309149607022613,12.217093
2025-11-07 20:40:20,0.9233030080795288,-0.41934049129486084,-1.1608610153198242,-0.4955352246761322,-1.5417835712432861,-0.4098125696182251,0.822,-0.4218,-1.1591,-0.4955,-1.5408,-0.4098,0.10130300807952886,0.0024595087051391684,0.0017610153198241996,3.5224676132206145e-05,0.0009835712432861854,1.2569618225100054e-05,0.017759149607022618,4.902936
2025-11-07 20:40:20,0.9233030080795288,-0.41934049129486084,-1.160862922668457,-0.4955352246761322,-1.541785478591919,-0.4098125696182251,0.825,-0.4217,-1.1591,-0.4955,-1.5408,-0.4098,0.09830300807952885,0.0023595087051391794,0.001762922668457012,3.5224676132206145e-05,0.000985478591918998,1.2569618225100054e-05,0.017243118723233558,6.088162
2025-11-07 20:40:21,0.9233030080795288,-0.41934049129486084,-1.1608648300170898,-0.4955352246761322,-1.541785478591919,-0.4098125696182251,0.8278,-0.4216,-1.1591,-0.4955,-1.5408,-0.4098,0.09550300807952883,0.002259508705139135,0.0017648300170898246,3.5224676132206145e-05,0.000985478591918998,1.2569618225100054e-05,0.016760103281339016,5.825472
2025-11-07 20:40:21,0.9233030080795288,-0.41934049129486084,-1.1608648300170898,-0.4955352246761322,-1.541785478591919,-0.4098125696182251,0.8319,-0.4215,-1.1591,-0.4955,-1.5407,-0.4098,0.09140300807952884,0.002159508705139146,0.0017648300170898246,3.5224676132206145e-05,0.0010854785919189869,1.2569618225100054e-05,0.016076769948005682,-8.760411
2025-11-07 20:40:21,0.9233030080795288,-0.41934049129486084,-1.1608668565750122,-0.4955352246761322,-1.541785478591919,-0.4098163843154907,0.8346,-0.4215,-1.1591,-0.4955,-1.5407,-0.4098,0.0887030080795288,0.002159508705139146,0.0017668565750121878,3.5224676132206145e-05,0.0010854785919189869,1.6384315490725054e-05,0.01562774349053701,-9.080189
2025-11-07 20:40:21,0.9233030080795288,-0.41934049129486084,-1.1608668565750122,-0.4955352246761322,-1.5417873859405518,-0.40982022881507874,0.8374,-0.4214,-1.1591,-0.4955,-1.5407,-0.4098,0.08590300807952878,0.002059508705139157,0.0017668565750121878,3.5224676132206145e-05,0.0010873859405517994,2.022881507873775e-05,0.01514536879857381,-11.784849
2025-11-07 20:40:21,0.9233030080795288,-0.41934049129486084,-1.1608668565750122,-0.4955352246761322,-1.5417873859405518,-0.40982598066329956,0.8401,-0.4214,-1.1591,-0.4955,-1.5407,-0.4098,0.08320300807952885,0.002059508705139157,0.0017668565750121878,3.5224676132206145e-05,0.0010873859405517994,2.5980663299562945e-05,0.01469632743994396,-12.00043
2025-11-07 20:40:21,0.9233030080795288,-0.41934239864349365,-1.1608668565750122,-0.4955352246761322,-1.5417873859405518,-0.4098317325115204,0.8429,-0.4213,-1.1591,-0.4955,-1.5407,-0.4098,0.08040300807952883,0.0019576013565063555,0.0017668565750121878,3.5224676132206145e-05,0.0010873859405517994,3.173251152038814e-05,0.01421363485654196,32.247982
2025-11-07 20:40:21,0.9233030080795288,-0.41934239864349365,-1.1608668565750122,-0.4955352246761322,-1.5417873859405518,-0.4098355770111084,0.8456,-0.4213,-1.1591,-0.4955,-1.5407,-0.4098,0.07770300807952879,0.0019576013565063555,0.0017668565750121878,3.5224676132206145e-05,0.0010873859405517994,3.5577011108400836e-05,0.01376427560647329,30.508721
2025-11-07 20:40:22,0.9233030080795288,-0.41934239864349365,-1.1608668565750122,-0.4955352246761322,-1.5417873859405518,-0.4098413288593292,0.8484,-0.4213,-1.1591,-0.4955,-1.5407,-0.4098,0.07490300807952877,0.0019576013565063555,0.0017668565750121878,3.5224676132206145e-05,0.0010873859405517994,4.132885932922603e-05,0.013298567581176757,29.197434
2025-11-07 20:40:22,0.9233030080795288,-0.41934239864349365,-1.1608668565750122,-0.4955352246761322,-1.5417873859405518,-0.40984898805618286,0.8511,-0.4213,-1.1591,-0.4955,-1.5407,-0.4098,0.07220300807952884,0.0019576013565063555,0.0017668565750121878,3.5224676132206145e-05,0.0010873859405517994,4.8988056182863726e-05,0.012849844113985709,26.96363
2025-11-07 20:40:22,0.9233030080795288,-0.41934239864349365,-1.1608668565750122,-0.4955352246761322,-1.5417873859405518,-0.4098566472530365,0.8539,-0.4213,-1.1591,-0.4955,-1.5406,-0.4098,0.06940300807952882,0.0019576013565063555,0.0017668565750121878,3.5224676132206145e-05,0.0011873859405517884,5.664725303650142e-05,0.012401120646794642,28.773197
2025-11-07 20:40:22,0.9233030080795288,-0.41934239864349365,-1.1608668565750122,-0.4955352246761322,-1.5417873859405518,-0.40987199544906616,0.8566,-0.4212,-1.1591,-0.4955,-1.5406,-0.4098,0.06670300807952878,0.0018576013565063665,0.0017668565750121878,3.5224676132206145e-05,0.0011873859405517884,7.199544906616451e-05,0.011937012012799583,31.913666
2025-11-07 20:40:22,0.9233030080795288,-0.41934239864349365,-1.1608668565750122,-0.4955352246761322,-1.5417873859405518,-0.40989115834236145,0.8594,-0.4212,-1.1591,-0.4955,-1.5406,-0.4098,0.06390300807952876,0.0018576013565063665,0.0017668565750121878,3.5224676132206145e-05,0.0011873859405517884,9.11583423614526e-05,0.011473539161682126,33.222859
2025-11-07 20:40:22,0.9233030080795288,-0.41934239864349365,-1.1608668565750122,-0.4955352246761322,-1.5417873859405518,-0.4099026620388031,0.8621,-0.4212,-1.1591,-0.4955,-1.5406,-0.4098,0.06120300807952883,0.0018576013565063665,0.0017668565750121878,3.5224676132206145e-05,0.0011873859405517884,0.00010266203880310298,0.011025456444422413,27.081856
2025-11-07 20:40:22,0.9233030080795288,-0.41934239864349365,-1.1608668565750122,-0.4955352246761322,-1.5417873859405518,-0.4099045991897583,0.8649,-0.4212,-1.1591,-0.4955,-1.5406,-0.4099,0.058403008079528806,0.0018576013565063665,0.0017668565750121878,3.5224676132206145e-05,0.0011873859405517884,4.599189758314193e-06,0.010542445969581612,33.80078
2025-11-07 20:40:22,0.9233030080795288,-0.41934239864349365,-1.1608668565750122,-0.4955352246761322,-1.5417873859405518,-0.4099045991897583,0.8676,-0.4212,-1.1591,-0.4955,-1.5406,-0.4099,0.05570300807952877,0.0018576013565063665,0.0017668565750121878,3.5224676132206145e-05,0.0011873859405517884,4.599189758314193e-06,0.010092445969581606,33.072312
2025-11-07 20:40:23,0.9233030080795288,-0.41934239864349365,-1.1608668565750122,-0.4955352246761322,-1.5417873859405518,-0.4099065065383911,0.8703,-0.4212,-1.1591,-0.4955,-1.5405,-0.4099,0.053003008079528846,0.0018576013565063665,0.0017668565750121878,3.5224676132206145e-05,0.0012873859405517774,6.506538391126693e-06,0.009659430527687085,29.335508
2025-11-07 20:40:23,0.9233030080795288,-0.41934239864349365,-1.1608668565750122,-0.4955352246761322,-1.5417873859405518,-0.4099065065383911,0.8731,-0.4212,-1.1591,-0.4955,-1.5405,-0.4099,0.05020300807952882,0.0018576013565063665,0.0017668565750121878,3.5224676132206145e-05,0.0012873859405517774,6.506538391126693e-06,0.009192763861020414,34.230738
2025-11-07 20:40:23,0.9233030080795288,-0.41934239864349365,-1.1608668565750122,-0.4955352246761322,-1.5417873859405518,-0.4099065065383911,0.8758,-0.4212,-1.1591,-0.4955,-1.5405,-0.4099,0.047503008079528786,0.0018576013565063665,0.0017668565750121878,3.5224676132206145e-05,0.0012873859405517774,6.506538391126693e-06,0.008742763861020408,-7.232852
2025-11-07 20:40:23,0.9233030080795288,-0.41934239864349365,-1.1608668565750122,-0.4955352246761322,-1.5417873859405518,-0.4099065065383911,0.88,-0.4212,-1.1591,-0.4955,-1.5405,-0.4099,0.043303008079528804,0.0018576013565063665,0.0017668565750121878,3.5224676132206145e-05,0.0012873859405517774,6.506538391126693e-06,0.008042763861020411,-0.439457
2025-11-07 20:40:23,0.9233030080795288,-0.41934239864349365,-1.1608668565750122,-0.4955352246761322,-1.5417873859405518,-0.4099065065383911,0.8827,-0.4212,-1.1591,-0.4955,-1.5405,-0.4099,0.04060300807952877,0.0018576013565063665,0.0017668565750121878,3.5224676132206145e-05,0.0012873859405517774,6.506538391126693e-06,0.007592763861020406,-10.448084
2025-11-07 20:40:23,0.9233030080795288,-0.41934239864349365,-1.1608668565750122,-0.4955352246761322,-1.5417873859405518,-0.4099065065383911,0.8855,-0.4212,-1.1592,-0.4955,-1.5404,-0.4099,0.037803008079528855,0.0018576013565063665,0.0016668565750121989,3.5224676132206145e-05,0.0013873859405517663,6.506538391126693e-06,0.007126097194353753,28.239912
2025-11-07 20:40:23,0.9233030080795288,-0.41934239864349365,-1.1608668565750122,-0.4955352246761322,-1.5417873859405518,-0.4099065065383911,0.8882,-0.4212,-1.1592,-0.4955,-1.5404,-0.4099,0.03510300807952882,0.0018576013565063665,0.0016668565750121989,3.5224676132206145e-05,0.0013873859405517663,6.506538391126693e-06,0.006676097194353747,26.617081
2025-11-07 20:40:24,0.9233030080795288,-0.41934239864349365,-1.1608668565750122,-0.4955371618270874,-1.5417873859405518,-0.4099065065383911,0.891,-0.4212,-1.1592,-0.4955,-1.5404,-0.4099,0.032303008079528794,0.0018576013565063665,0.0016668565750121989,3.716182708740634e-05,0.0013873859405517663,6.506538391126693e-06,0.00620975338617961,25.558796
2025-11-07 20:40:24,0.9233030080795288,-0.41934239864349365,-1.1608668565750122,-0.4955390691757202,-1.5417873859405518,-0.4099065065383911,0.8937,-0.4212,-1.1592,-0.4955,-1.5403,-0.4099,0.02960300807952876,0.0018576013565063665,0.0016668565750121989,3.906917572021884e-05,0.0014873859405517553,6.506538391126693e-06,0.005776737944285071,23.766304
2025-11-07 20:40:24,0.9233030080795288,-0.41934239864349365,-1.1608668565750122,-0.4955390691757202,-1.5417873859405518,-0.4099065065383911,0.8964,-0.4212,-1.1592,-0.4955,-1.5403,-0.4099,0.026903008079528834,0.0018576013565063665,0.0016668565750121989,3.906917572021884e-05,0.0014873859405517553,6.506538391126693e-06,0.005326737944285083,19.705331
2025-11-07 20:40:24,0.9233030080795288,-0.41934239864349365,-1.1608668565750122,-0.4955390691757202,-1.5417873859405518,-0.4099065065383911,0.8992,-0.4212,-1.1592,-0.4955,-1.5403,-0.4099,0.02410300807952881,0.0018576013565063665,0.0016668565750121989,3.906917572021884e-05,0.0014873859405517553,6.506538391126693e-06,0.004860071277618412,14.717423
2025-11-07 20:40:24,0.9233030080795288,-0.41934239864349365,-1.1608668565750122,-0.4955390691757202,-1.5417873859405518,-0.4099065065383911,0.9019,-0.4211,-1.1592,-0.4955,-1.5402,-0.4099,0.021403008079528774,0.001757601356506322,0.0016668565750121989,3.906917572021884e-05,0.0015873859405517443,6.506538391126693e-06,0.004410071277618398,8.081448
2025-11-07 20:40:24,0.9233030080795288,-0.41934239864349365,-1.1608668565750122,-0.4955390691757202,-1.5417873859405518,-0.4099065065383911,0.9043,-0.4211,-1.1592,-0.4955,-1.5402,-0.4099,0.019003008079528816,0.001757601356506322,0.0016668565750121989,3.906917572021884e-05,0.0015873859405517443,6.506538391126693e-06,0.004010071277618404,6.078914
2025-11-07 20:40:24,0.9233030080795288,-0.41934239864349365,-1.1608668565750122,-0.4955390691757202,-1.5417873859405518,-0.4099065065383911,0.9065,-0.4211,-1.1592,-0.4955,-1.5401,-0.4099,0.016803008079528836,0.001757601356506322,0.0016668565750121989,3.906917572021884e-05,0.0016873859405517333,6.506538391126693e-06,0.003660071277618406,2.346828
2025-11-07 20:40:25,0.9233030080795288,-0.41934239864349365,-1.1608668565750122,-0.4955390691757202,-1.5417873859405518,-0.4099065065383911,0.9084,-0.4211,-1.1592,-0.4955,-1.5401,-0.4099,0.014903008079528823,0.001757601356506322,0.0016668565750121989,3.906917572021884e-05,0.0016873859405517333,6.506538391126693e-06,0.003343404610951737,3.818641
2025-11-07 20:40:25,0.9233030080795288,-0.41934239864349365,-1.1608668565750122,-0.4955390691757202,-1.5417873859405518,-0.4099065065383911,0.9101,-0.4211,-1.1592,-0.4955,-1.5401,-0.4099,0.013203008079528789,0.001757601356506322,0.0016668565750121989,3.906917572021884e-05,0.0016873859405517333,6.506538391126693e-06,0.003060071277618398,7.737052
2025-11-07 20:40:25,0.9233030080795288,-0.41934239864349365,-1.1608668565750122,-0.4955390691757202,-1.5417873859405518,-0.4099065065383911,0.9116,-0.4211,-1.1592,-0.4955,-1.54,-0.4099,0.011703008079528843,0.001757601356506322,0.0016668565750121989,3.906917572021884e-05,0.0017873859405517223,6.506538391126693e-06,0.0028267379442850717,7.184811
2025-11-07 20:40:25,0.9233030080795288,-0.41934239864349365,-1.1608668565750122,-0.4955390691757202,-1.5417873859405518,-0.4099065065383911,0.9129,-0.4211,-1.1592,-0.4955,-1.54,-0.4099,0.010403008079528764,0.001757601356506322,0.0016668565750121989,3.906917572021884e-05,0.0017873859405517223,6.506538391126693e-06,0.002610071277618392,11.775051
2025-11-07 20:40:25,0.9233030080795288,-0.41934239864349365,-1.1608668565750122,-0.4955390691757202,-1.5417873859405518,-0.4099065065383911,0.9141,-0.4211,-1.1592,-0.4955,-1.5399,-0.4099,0.009203008079528785,0.001757601356506322,0.0016668565750121989,3.906917572021884e-05,0.0018873859405517113,6.506538391126693e-06,0.0024267379442850603,10.828618
2025-11-07 20:40:25,0.9233030080795288,-0.41934239864349365,-1.1608668565750122,-0.4955390691757202,-1.5417873859405518,-0.4099065065383911,0.9151,-0.4211,-1.1592,-0.4955,-1.5399,-0.4099,0.008203008079528784,0.001757601356506322,0.0016668565750121989,3.906917572021884e-05,0.0018873859405517113,6.506538391126693e-06,0.0022600712776183938,6.326236
2025-11-07 20:40:25,0.9233030080795288,-0.41934239864349365,-1.1608668565750122,-0.4955390691757202,-1.5417873859405518,-0.4099065065383911,0.9165,-0.4211,-1.1592,-0.4955,-1.5399,-0.4099,0.006803008079528827,0.001757601356506322,0.0016668565750121989,3.906917572021884e-05,0.0018873859405517113,6.506538391126693e-06,0.0020267379442850675,23.073383
2025-11-07 20:40:26,0.9233030080795288,-0.41934239864349365,-1.1608668565750122,-0.4955390691757202,-1.5417873859405518,-0.4099065065383911,0.9172,-0.4211,-1.1592,-0.4955,-1.5398,-0.4099,0.006103008079528793,0.001757601356506322,0.0016668565750121989,3.906917572021884e-05,0.0019873859405517003,6.506538391126693e-06,0.00192673794428506,27.268311
2025-11-07 20:40:26,0.9233030080795288,-0.41934239864349365,-1.1608668565750122,-0.4955390691757202,-1.5417873859405518,-0.4099065065383911,0.9179,-0.4211,-1.1592,-0.4955,-1.5398,-0.4099,0.005403008079528759,0.001757601356506322,0.0016668565750121989,3.906917572021884e-05,0.0019873859405517003,6.506538391126693e-06,0.0018100712776183876,17.149084
2025-11-07 20:40:26,0.9233030080795288,-0.41934239864349365,-1.1608668565750122,-0.4955390691757202,-1.5417873859405518,-0.4099065065383911,0.9185,-0.4211,-1.1592,-0.4955,-1.5398,-0.4099,0.0048030080795288255,0.001757601356506322,0.0016668565750121989,3.906917572021884e-05,0.0019873859405517003,6.506538391126693e-06,0.0017100712776183986,22.100191
2025-11-07 20:40:26,0.9233030080795288,-0.41934239864349365,-1.1608668565750122,-0.4955390691757202,-1.5417873859405518,-0.4099065065383911,0.9191,-0.4211,-1.1592,-0.4955,-1.5398,-0.4099,0.0042030080795287805,0.001757601356506322,0.0016668565750121989,3.906917572021884e-05,0.0019873859405517003,6.506538391126693e-06,0.0016100712776183912,27.095582
2025-11-07 20:40:26,0.9233030080795288,-0.41934239864349365,-1.1608668565750122,-0.4955390691757202,-1.5417873859405518,-0.4099045991897583,0.9195,-0.4211,-1.1592,-0.4955,-1.5398,-0.4099,0.0038030080795288246,0.001757601356506322,0.0016668565750121989,3.906917572021884e-05,0.0019873859405517003,4.599189758314193e-06,0.0015430867195129299,23.89061
2025-11-07 20:40:26,0.9233030080795288,-0.41934239864349365,-1.1608668565750122,-0.4955390691757202,-1.5417873859405518,-0.4099026620388031,0.92,-0.4211,-1.1592,-0.4955,-1.5397,-0.4099,0.0033030080795287686,0.001757601356506322,0.0016668565750121989,3.906917572021884e-05,0.0020873859405516892,2.6620388031139974e-06,0.0014760971943537187,24.129264
2025-11-07 20:40:26,0.9233030080795288,-0.41934239864349365,-1.1608668565750122,-0.4955390691757202,-1.5417873859405518,-0.4099007546901703,0.9203,-0.4211,-1.1592,-0.4955,-1.5397,-0.4099,0.0030030080795288017,0.001757601356506322,0.0016668565750121989,3.906917572021884e-05,0.0020873859405516892,7.546901703014974e-07,0.001425779302914922,32.716736
2025-11-07 20:40:27,0.9233030080795288,-0.41934239864349365,-1.1608668565750122,-0.4955390691757202,-1.5417873859405518,-0.4098988473415375,0.9207,-0.4211,-1.1592,-0.4955,-1.5397,-0.4099,0.0026030080795288457,0.001757601356506322,0.0016668565750121989,3.906917572021884e-05,0.0020873859405516892,1.1526584625110026e-06,0.0013591789642969643,26.273256
2025-11-07 20:40:27,0.9233030080795288,-0.41934239864349365,-1.1608668565750122,-0.4955390691757202,-1.5417873859405518,-0.4098988473415375,0.921,-0.4211,-1.1592,-0.4955,-1.5397,-0.4099,0.0023030080795287677,0.001757601356506322,0.0016668565750121989,3.906917572021884e-05,0.0020873859405516892,1.1526584625110026e-06,0.0013091789642969514,-17.603819
2025-11-07 20:40:27,0.9233030080795288,-0.41934239864349365,-1.1608668565750122,-0.4955390691757202,-1.541785478591919,-0.4098969101905823,0.9212,-0.4211,-1.1592,-0.4955,-1.5397,-0.4099,0.0021030080795287898,0.001757601356506322,0.0016668565750121989,3.906917572021884e-05,0.0020854785919188767,3.089809417711198e-06,0.001275850598017353,33.868599
2025-11-07 20:40:27,0.9233030080795288,-0.41934239864349365,-1.1608668565750122,-0.4955390691757202,-1.541785478591919,-0.40989500284194946,0.9215,-0.4211,-1.1592,-0.4955,-1.5397,-0.4099,0.0018030080795288228,0.001757601356506322,0.0016668565750121989,3.906917572021884e-05,0.0020854785919188767,4.997158050523698e-06,0.0012261684894561604,30.150148
2025-11-07 20:40:27,0.9233030080795288,-0.41934239864349365,-1.1608668565750122,-0.4955390691757202,-1.5417835712432861,-0.40989309549331665,0.9217,-0.4211,-1.1592,-0.4955,-1.5397,-0.4099,0.0016030080795288448,0.001757601356506322,0.0016668565750121989,3.906917572021884e-05,0.0020835712432860642,6.904506683336198e-06,0.0011928351561228308,25.216956
2025-11-07 20:40:27,0.9233030080795288,-0.41934239864349365,-1.1608668565750122,-0.4955390691757202,-1.5417835712432861,-0.40989115834236145,0.9218,-0.4211,-1.1592,-0.4955,-1.5397,-0.4099,0.0015030080795288558,0.001757601356506322,0.0016668565750121989,3.906917572021884e-05,0.0020835712432860642,8.841657638536393e-06,0.0011764913479486994,22.638295
2025-11-07 20:40:27,0.9233030080795288,-0.41934239864349365,-1.1608668565750122,-0.4955390691757202,-1.5417835712432861,-0.40989115834236145,0.922,-0.4211,-1.1592,-0.4955,-1.5397,-0.4099,0.0013030080795287668,0.001757601356506322,0.0016668565750121989,3.906917572021884e-05,0.0020835712432860642,8.841657638536393e-06,0.0011431580146153513,17.82997
2025-11-07 20:40:27,0.9233030080795288,-0.41934239864349365,-1.1608668565750122,-0.4955390691757202,-1.5417835712432861,-0.40988925099372864,0.9222,-0.4211,-1.1592,-0.4955,-1.5396,-0.4099,0.0011030080795287889,0.001757601356506322,0.0016668565750121989,3.906917572021884e-05,0.0021835712432860532,1.0749006271348893e-05,0.0011268092393874884,9.396843
2025-11-07 20:40:28,0.9233030080795288,-0.41934239864349365,-1.1608668565750122,-0.4955390691757202,-1.5417835712432861,-0.4098873436450958,0.9223,-0.4211,-1.1592,-0.4955,-1.5396,-0.4099,0.0010030080795287999,0.001757601356506322,0.0016668565750121989,3.906917572021884e-05,0.0021835712432860532,1.2656354904161393e-05,0.0011104604641596256,9.281202
2025-11-07 20:40:28,0.9233030080795288,-0.41934239864349365,-1.1608668565750122,-0.4955390691757202,-1.5417835712432861,-0.4098854064941406,0.9224,-0.4211,-1.1592,-0.4955,-1.5396,-0.4099,0.0009030080795288109,0.001757601356506322,0.0016668565750121989,3.906917572021884e-05,0.0021835712432860532,1.4593505859361589e-05,0.0010941166559854942,17.543555
2025-11-07 20:40:28,0.9233030080795288,-0.41934239864349365,-1.1608668565750122,-0.4955390691757202,-1.5417835712432861,-0.4098854064941406,0.9225,-0.4211,-1.1592,-0.4955,-1.5396,-0.4099,0.0008030080795288219,0.001757601356506322,0.0016668565750121989,3.906917572021884e-05,0.0021835712432860532,1.4593505859361589e-05,0.0010774499893188294,17.971018
2025-11-07 20:40:28,0.9233030080795288,-0.41934239864349365,-1.1608668565750122,-0.4955390691757202,-1.5417835712432861,-0.4098834991455078,0.9226,-0.4211,-1.1592,-0.4955,-1.5396,-0.4099,0.0007030080795288329,0.001757601356506322,0.0016668565750121989,3.906917572021884e-05,0.0021835712432860532,1.650085449217409e-05,0.0010611012140909666,5.863785
2025-11-07 20:40:28,0.9233030080795288,-0.41934239864349365,-1.1608668565750122,-0.4955390691757202,-1.5417835712432861,-0.4098834991455078,0.9227,-0.4211,-1.1592,-0.4955,-1.5396,-0.4099,0.0006030080795288439,0.001757601356506322,0.0016668565750121989,3.906917572021884e-05,0.0021835712432860532,1.650085449217409e-05,0.0010444345474243018,3.01974
2025-11-07 20:40:28,0.9233030080795288,-0.41934239864349365,-1.1608668565750122,-0.4955390691757202,-1.5417835712432861,-0.409881591796875,0.9228,-0.4211,-1.1592,-0.4955,-1.5396,-0.4099,0.000503008079528855,0.001757601356506322,0.0016668565750121989,3.906917572021884e-05,0.0021835712432860532,1.840820312498659e-05,0.0010280857721964391,-0.270855
2025-11-07 20:40:28,0.9233030080795288,-0.41934239864349365,-1.1608668565750122,-0.4955390691757202,-1.5417835712432861,-0.409881591796875,0.9228,-0.4211,-1.1592,-0.4955,-1.5396,-0.4099,0.000503008079528855,0.001757601356506322,0.0016668565750121989,3.906917572021884e-05,0.0021835712432860532,1.840820312498659e-05,0.0010280857721964391,-1.662907
2025-11-07 20:40:29,0.9233030080795288,-0.41934239864349365,-1.1608668565750122,-0.4955390691757202,-1.5417835712432861,-0.4098796546459198,0.9229,-0.4211,-1.1592,-0.4955,-1.5396,-0.4099,0.00040300807952875495,0.001757601356506322,0.0016668565750121989,3.906917572021884e-05,0.0021835712432860532,2.0345354080186784e-05,0.0010117419640222891,-1.508071
2025-11-07 20:40:29,0.9233030080795288,-0.41934239864349365,-1.1608668565750122,-0.4955390691757202,-1.5417835712432861,-0.4098796546459198,0.9229,-0.4211,-1.1592,-0.4955,-1.5396,-0.4099,0.00040300807952875495,0.001757601356506322,0.0016668565750121989,3.906917572021884e-05,0.0021835712432860532,2.0345354080186784e-05,0.0010117419640222891,-11.030193
2025-11-07 20:40:29,0.9233030080795288,-0.41934239864349365,-1.1608668565750122,-0.4955390691757202,-1.5417835712432861,-0.409877747297287,0.923,-0.4211,-1.1592,-0.4955,-1.5396,-0.4099,0.00030300807952876596,0.001757601356506322,0.0016668565750121989,3.906917572021884e-05,0.0021835712432860532,2.2252702712999284e-05,0.0009953931887944263,30.731125
2025-11-07 20:40:29,0.9233030080795288,-0.41934239864349365,-1.1608668565750122,-0.4955390691757202,-1.5417835712432861,-0.409877747297287,0.923,-0.4211,-1.1592,-0.4955,-1.5396,-0.4099,0.00030300807952876596,0.001757601356506322,0.0016668565750121989,3.906917572021884e-05,0.0021835712432860532,2.2252702712999284e-05,0.0009953931887944263,28.558879
2025-11-07 20:40:29,0.9233030080795288,-0.41934239864349365,-1.1608668565750122,-0.4955390691757202,-1.5417835712432861,-0.409877747297287,0.923,-0.4211,-1.1592,-0.4955,-1.5396,-0.4099,0.00030300807952876596,0.001757601356506322,0.0016668565750121989,3.906917572021884e-05,0.0021835712432860532,2.2252702712999284e-05,0.0009953931887944263,29.00619
2025-11-07 20:40:29,0.9233030080795288,-0.41934239864349365,-1.1608668565750122,-0.4955390691757202,-1.5417835712432861,-0.409877747297287,0.9231,-0.4211,-1.1592,-0.4955,-1.5396,-0.4099,0.00020300807952877697,0.001757601356506322,0.0016668565750121989,3.906917572021884e-05,0.0021835712432860532,2.2252702712999284e-05,0.0009787265221277615,29.094598
2025-11-07 20:40:29,0.9233030080795288,-0.41934239864349365,-1.1608668565750122,-0.4955390691757202,-1.5417835712432861,-0.4098758399486542,0.9231,-0.4211,-1.1592,-0.4955,-1.5396,-0.4099,0.00020300807952877697,0.001757601356506322,0.0016668565750121989,3.906917572021884e-05,0.0021835712432860532,2.4160051345811784e-05,0.0009790444135665637,24.820651
2025-11-07 20:40:30,0.9233030080795288,-0.41934239864349365,-1.1608668565750122,-0.4955390691757202,-1.5417835712432861,-0.4098758399486542,0.9231,-0.4211,-1.1592,-0.4955,-1.5396,-0.4099,0.00020300807952877697,0.001757601356506322,0.0016668565750121989,3.906917572021884e-05,0.0021835712432860532,2.4160051345811784e-05,0.0009790444135665637,24.708518
2025-11-07 20:40:30,0.9233030080795288,-0.41934239864349365,-1.1608668565750122,-0.4955390691757202,-1.5417835712432861,-0.4098758399486542,0.9231,-0.4211,-1.1592,-0.4955,-1.5396,-0.4099,0.00020300807952877697,0.001757601356506322,0.0016668565750121989,3.906917572021884e-05,0.0021835712432860532,2.4160051345811784e-05,0.0009790444135665637,14.593106
2025-11-07 20:40:30,0.9233030080795288,-0.41934239864349365,-1.1608668565750122,-0.4955390691757202,-1.5417835712432861,-0.4098758399486542,0.9231,-0.4211,-1.1592,-0.4955,-1.5396,-0.4099,0.00020300807952877697,0.001757601356506322,0.0016668565750121989,3.906917572021884e-05,0.0021835712432860532,2.4160051345811784e-05,0.0009790444135665637,3.146451
2025-11-07 20:40:30,0.9233030080795288,-0.41934239864349365,-1.1608668565750122,-0.4955390691757202,-1.5417835712432861,-0.4098758399486542,0.9232,-0.4211,-1.1592,-0.4955,-1.5396,-0.4099,0.00010300807952878799,0.001757601356506322,0.0016668565750121989,3.906917572021884e-05,0.0021835712432860532,2.4160051345811784e-05,0.0009623777468998987,11.309284
2025-11-07 20:40:30,0.9233030080795288,-0.41934239864349365,-1.1608668565750122,-0.4955390691757202,-1.5417835712432861,-0.409873902797699,0.9232,-0.4211,-1.1592,-0.4955,-1.5396,-0.4099,0.00010300807952878799,0.001757601356506322,0.0016668565750121989,3.906917572021884e-05,0.0021835712432860532,2.609720230101198e-05,0.0009627006053924322,30.580037
2025-11-07 20:40:30,0.9233030080795288,-0.41934239864349365,-1.1608668565750122,-0.4955390691757202,-1.5417835712432861,-0.409873902797699,0.9232,-0.4211,-1.1592,-0.4955,-1.5396,-0.4099,0.00010300807952878799,0.001757601356506322,0.0016668565750121989,3.906917572021884e-05,0.0021835712432860532,2.609720230101198e-05,0.0009627006053924322,23.426997
2025-11-07 20:40:30,0.9233030080795288,-0.41934239864349365,-1.1608668565750122,-0.4955390691757202,-1.5417835712432861,-0.409873902797699,0.9232,-0.4211,-1.1592,-0.4955,-1.5396,-0.4099,0.00010300807952878799,0.001757601356506322,0.0016668565750121989,3.906917572021884e-05,0.0021835712432860532,2.609720230101198e-05,0.0009627006053924322,24.945117
2025-11-07 20:40:31,0.9233030080795288,-0.41934239864349365,-1.1608668565750122,-0.4955371618270874,-1.5417835712432861,-0.409873902797699,0.9232,-0.4211,-1.1592,-0.4955,-1.5396,-0.4099,0.00010300807952878799,0.001757601356506322,0.0016668565750121989,3.716182708740634e-05,0.0021835712432860532,2.609720230101198e-05,0.0009623827139536301,24.003605
2025-11-07 20:40:31,0.9233030080795288,-0.41934239864349365,-1.1608668565750122,-0.4955371618270874,-1.5417835712432861,-0.409873902797699,0.9232,-0.4211,-1.1592,-0.4955,-1.5396,-0.4099,0.00010300807952878799,0.001757601356506322,0.0016668565750121989,3.716182708740634e-05,0.0021835712432860532,2.609720230101198e-05,0.0009623827139536301,16.673818
2025-11-07 20:40:31,0.9233030080795288,-0.41934239864349365,-1.1608668565750122,-0.4955371618270874,-1.5417835712432861,-0.409873902797699,0.9232,-0.4211,-1.1592,-0.4955,-1.5396,-0.4099,0.00010300807952878799,0.001757601356506322,0.0016668565750121989,3.716182708740634e-05,0.0021835712432860532,2.609720230101198e-05,0.0009623827139536301,5.901857
2025-11-07 20:40:31,0.9233030080795288,-0.41934239864349365,-1.1608668565750122,-0.4955352246761322,-1.5417835712432861,-0.409873902797699,0.9232,-0.4211,-1.1592,-0.4955,-1.5396,-0.4099,0.00010300807952878799,0.001757601356506322,0.0016668565750121989,3.5224676132206145e-05,0.0021835712432860532,2.609720230101198e-05,0.0009620598554610967,4.549232
2025-11-07 20:40:31,0.9233030080795288,-0.41934239864349365,-1.1608668565750122,-0.4955352246761322,-1.5417835712432861,-0.409873902797699,0.9232,-0.4211,-1.1592,-0.4955,-1.5396,-0.4099,0.00010300807952878799,0.001757601356506322,0.0016668565750121989,3.5224676132206145e-05,0.0021835712432860532,2.609720230101198e-05,0.0009620598554610967,-12.760988
2025-11-07 20:40:31,0.9233030080795288,-0.41934239864349365,-1.1608668565750122,-0.4955352246761322,-1.5417835712432861,-0.409873902797699,0.9232,-0.4211,-1.1592,-0.4955,-1.5396,-0.4099,0.00010300807952878799,0.001757601356506322,0.0016668565750121989,3.5224676132206145e-05,0.0021835712432860532,2.609720230101198e-05,0.0009620598554610967,21.814807
2025-11-07 20:40:31,0.9233030080795288,-0.41934239864349365,-1.1608668565750122,-0.4955352246761322,-1.5417835712432861,-0.409873902797699,0.9232,-0.4211,-1.1592,-0.4955,-1.5396,-0.4099,0.00010300807952878799,0.001757601356506322,0.0016668565750121989,3.5224676132206145e-05,0.0021835712432860532,2.609720230101198e-05,0.0009620598554610967,27.922517
2025-11-07 20:40:32,0.9233030080795288,-0.41934239864349365,-1.1608668565750122,-0.4955352246761322,-1.5417835712432861,-0.409873902797699,0.9233,-0.4211,-1.1592,-0.4955,-1.5396,-0.4099,3.0080795287990014e-06,0.001757601356506322,0.0016668565750121989,3.5224676132206145e-05,0.0021835712432860532,2.609720230101198e-05,0.0009453931887944319,29.638694
2025-11-07 20:40:32,0.9233030080795288,-0.41934239864349365,-1.1608668565750122,-0.4955352246761322,-1.5417835712432861,-0.409873902797699,0.9233,-0.4211,-1.1592,-0.4955,-1.5396,-0.4099,3.0080795287990014e-06,0.001757601356506322,0.0016668565750121989,3.5224676132206145e-05,0.0021835712432860532,2.609720230101198e-05,0.0009453931887944319,27.971189
2025-11-07 20:40:32,0.9233030080795288,-0.41934239864349365,-1.1608668565750122,-0.4955352246761322,-1.5417835712432861,-0.409873902797699,0.9233,-0.4211,-1.1592,-0.4955,-1.5396,-0.4099,3.0080795287990014e-06,0.001757601356506322,0.0016668565750121989,3.5224676132206145e-05,0.0021835712432860532,2.609720230101198e-05,0.0009453931887944319,26.610408
2025-11-07 20:40:32,0.9233030080795288,-0.41934239864349365,-1.1608668565750122,-0.4955352246761322,-1.5417835712432861,-0.409873902797699,0.9233,-0.4211,-1.1592,-0.4955,-1.5396,-0.4099,3.0080795287990014e-06,0.001757601356506322,0.0016668565750121989,3.5224676132206145e-05,0.0021835712432860532,2.609720230101198e-05,0.0009453931887944319,17.960618
2025-11-07 20:40:32,0.9233030080795288,-0.41934239864349365,-1.1608668565750122,-0.4955352246761322,-1.5417835712432861,-0.409873902797699,0.9233,-0.4211,-1.1592,-0.4955,-1.5396,-0.4099,3.0080795287990014e-06,0.001757601356506322,0.0016668565750121989,3.5224676132206145e-05,0.0021835712432860532,2.609720230101198e-05,0.0009453931887944319,25.17748
2025-11-07 20:40:32,0.9233030080795288,-0.41934239864349365,-1.1608668565750122,-0.4955352246761322,-1.5417835712432861,-0.409873902797699,0.9233,-0.4211,-1.1592,-0.4955,-1.5396,-0.4099,3.0080795287990014e-06,0.001757601356506322,0.0016668565750121989,3.5224676132206145e-05,0.0021835712432860532,2.609720230101198e-05,0.0009453931887944319,31.25935
2025-11-07 20:40:32,0.9233049750328064,-0.41934239864349365,-1.1608668565750122,-0.4955352246761322,-1.5417835712432861,-0.409873902797699,0.9233,-0.4211,-1.1592,-0.4955,-1.5396,-0.4099,4.975032806386892e-06,0.001757601356506322,0.0016668565750121989,3.5224676132206145e-05,0.0021835712432860532,2.609720230101198e-05,0.0009457210143406966,26.552358
2025-11-07 20:40:33,0.9233049750328064,-0.41934239864349365,-1.1608668565750122,-0.4955352246761322,-1.5417835712432861,-0.409873902797699,0.9233,-0.4211,-1.1592,-0.4955,-1.5396,-0.4099,4.975032806386892e-06,0.001757601356506322,0.0016668565750121989,3.5224676132206145e-05,0.0021835712432860532,2.609720230101198e-05,0.0009457210143406966,-0.914291
2025-11-07 20:40:33,0.9233049750328064,-0.41934239864349365,-1.1608668565750122,-0.4955352246761322,-1.5417835712432861,-0.409873902797699,0.9233,-0.4211,-1.1592,-0.4955,-1.5396,-0.4099,4.975032806386892e-06,0.001757601356506322,0.0016668565750121989,3.5224676132206145e-05,0.0021835712432860532,2.609720230101198e-05,0.0009457210143406966,2.968302
2025-11-07 20:40:33,0.9233049750328064,-0.41934239864349365,-1.1608668565750122,-0.4955352246761322,-1.5417835712432861,-0.409873902797699,0.9233,-0.4211,-1.1592,-0.4955,-1.5396,-0.4099,4.975032806386892e-06,0.001757601356506322,0.0016668565750121989,3.5224676132206145e-05,0.0021835712432860532,2.609720230101198e-05,0.0009457210143406966,0.969927
2025-11-07 20:40:33,0.9233049750328064,-0.41934239864349365,-1.1608668565750122,-0.4955352246761322,-1.5417835712432861,-0.409873902797699,0.9233,-0.4211,-1.1592,-0.4955,-1.5396,-0.4099,4.975032806386892e-06,0.001757601356506322,0.0016668565750121989,3.5224676132206145e-05,0.0021835712432860532,2.609720230101198e-05,0.0009457210143406966,-0.326322
2025-11-07 20:40:33,0.9233049750328064,-0.41934239864349365,-1.1608668565750122,-0.4955352246761322,-1.5417835712432861,-0.409873902797699,0.9233,-0.4211,-1.1592,-0.4955,-1.5396,-0.4099,4.975032806386892e-06,0.001757601356506322,0.0016668565750121989,3.5224676132206145e-05,0.0021835712432860532,2.609720230101198e-05,0.0009457210143406966,-3.994697
2025-11-07 20:40:33,0.9233049750328064,-0.41934239864349365,-1.1608668565750122,-0.4955352246761322,-1.5417835712432861,-0.409873902797699,0.9233,-0.4211,-1.1592,-0.4955,-1.5396,-0.4099,4.975032806386892e-06,0.001757601356506322,0.0016668565750121989,3.5224676132206145e-05,0.0021835712432860532,2.609720230101198e-05,0.0009457210143406966,0.92949
2025-11-07 20:40:33,0.9233049750328064,-0.41934239864349365,-1.1608668565750122,-0.4955352246761322,-1.5417835712432861,-0.409873902797699,0.9233,-0.4211,-1.1592,-0.4955,-1.5396,-0.4099,4.975032806386892e-06,0.001757601356506322,0.0016668565750121989,3.5224676132206145e-05,0.0021835712432860532,2.609720230101198e-05,0.0009457210143406966,8.354017
2025-11-07 20:40:33,0.9233049750328064,-0.41934239864349365,-1.1608668565750122,-0.4955352246761322,-1.5417835712432861,-0.409873902797699,0.9233,-0.4211,-1.1592,-0.4955,-1.5396,-0.4099,4.975032806386892e-06,0.001757601356506322,0.0016668565750121989,3.5224676132206145e-05,0.0021835712432860532,2.609720230101198e-05,0.0009457210143406966,-4.049301
2025-11-07 20:40:34,0.9233049750328064,-0.41934239864349365,-1.1608668565750122,-0.4955352246761322,-1.5417835712432861,-0.409873902797699,0.9233,-0.4211,-1.1592,-0.4955,-1.5396,-0.4099,4.975032806386892e-06,0.001757601356506322,0.0016668565750121989,3.5224676132206145e-05,0.0021835712432860532,2.609720230101198e-05,0.0009457210143406966,-4.513424
2025-11-07 20:40:34,0.9233049750328064,-0.41934239864349365,-1.1608668565750122,-0.4955352246761322,-1.5417835712432861,-0.409873902797699,0.9233,-0.4211,-1.1592,-0.4955,-1.5396,-0.4099,4.975032806386892e-06,0.001757601356506322,0.0016668565750121989,3.5224676132206145e-05,0.0021835712432860532,2.609720230101198e-05,0.0009457210143406966,31.77378
2025-11-07 20:40:34,0.9233049750328064,-0.41934239864349365,-1.1608668565750122,-0.4955352246761322,-1.5417835712432861,-0.409873902797699,0.9233,-0.4211,-1.1592,-0.4955,-1.5396,-0.4099,4.975032806386892e-06,0.001757601356506322,0.0016668565750121989,3.5224676132206145e-05,0.0021835712432860532,2.609720230101198e-05,0.0009457210143406966,28.199815
2025-11-07 20:40:34,0.9233068823814392,-0.41934239864349365,-1.1608668565750122,-0.4955352246761322,-1.5417835712432861,-0.409873902797699,0.9233,-0.4211,-1.1592,-0.4955,-1.5396,-0.4099,6.882381439199392e-06,0.001757601356506322,0.0016668565750121989,3.5224676132206145e-05,0.0021835712432860532,2.609720230101198e-05,0.0009460389057794986,25.062952
2025-11-07 20:40:34,0.9233068823814392,-0.41934239864349365,-1.1608668565750122,-0.4955352246761322,-1.5417835712432861,-0.409873902797699,0.9233,-0.4211,-1.1592,-0.4955,-1.5396,-0.4099,6.882381439199392e-06,0.001757601356506322,0.0016668565750121989,3.5224676132206145e-05,0.0021835712432860532,2.609720230101198e-05,0.0009460389057794986,16.340493
2025-11-07 20:40:34,0.9233068823814392,-0.41934239864349365,-1.1608668565750122,-0.4955352246761322,-1.5417835712432861,-0.409873902797699,0.9233,-0.4211,-1.1592,-0.4955,-1.5396,-0.4099,6.882381439199392e-06,0.001757601356506322,0.0016668565750121989,3.5224676132206145e-05,0.0021835712432860532,2.609720230101198e-05,0.0009460389057794986,14.717744
2025-11-07 20:40:34,0.9233068823814392,-0.41934239864349365,-1.1608668565750122,-0.4955352246761322,-1.5417835712432861,-0.409873902797699,0.9233,-0.4211,-1.1592,-0.4955,-1.5396,-0.4099,6.882381439199392e-06,0.001757601356506322,0.0016668565750121989,3.5224676132206145e-05,0.0021835712432860532,2.609720230101198e-05,0.0009460389057794986,13.457104
2025-11-07 20:40:35,0.9233068823814392,-0.41934239864349365,-1.1608668565750122,-0.4955352246761322,-1.5417835712432861,-0.409873902797699,0.9233,-0.4211,-1.1592,-0.4955,-1.5396,-0.4099,6.882381439199392e-06,0.001757601356506322,0.0016668565750121989,3.5224676132206145e-05,0.0021835712432860532,2.609720230101198e-05,0.0009460389057794986,15.795115
2025-11-07 20:40:35,0.9233068823814392,-0.41934239864349365,-1.1608668565750122,-0.4955352246761322,-1.5417835712432861,-0.409873902797699,0.9233,-0.4211,-1.1592,-0.4955,-1.5396,-0.4099,6.882381439199392e-06,0.001757601356506322,0.0016668565750121989,3.5224676132206145e-05,0.0021835712432860532,2.609720230101198e-05,0.0009460389057794986,6.353979
2025-11-07 20:40:35,0.9233068823814392,-0.41934239864349365,-1.1608668565750122,-0.4955352246761322,-1.5417835712432861,-0.409873902797699,0.9233,-0.4211,-1.1592,-0.4955,-1.5396,-0.4099,6.882381439199392e-06,0.001757601356506322,0.0016668565750121989,3.5224676132206145e-05,0.0021835712432860532,2.609720230101198e-05,0.0009460389057794986,27.786066
2025-11-07 20:40:35,0.9233068823814392,-0.41934239864349365,-1.1608668565750122,-0.4955352246761322,-1.5417835712432861,-0.409873902797699,0.9233,-0.4211,-1.1592,-0.4955,-1.5396,-0.4099,6.882381439199392e-06,0.001757601356506322,0.0016668565750121989,3.5224676132206145e-05,0.0021835712432860532,2.609720230101198e-05,0.0009460389057794986,18.638019
2025-11-07 20:40:35,0.9233068823814392,-0.41934239864349365,-1.1608668565750122,-0.4955352246761322,-1.5417835712432861,-0.409873902797699,0.9233,-0.4211,-1.1592,-0.4955,-1.5396,-0.4099,6.882381439199392e-06,0.001757601356506322,0.0016668565750121989,3.5224676132206145e-05,0.0021835712432860532,2.609720230101198e-05,0.0009460389057794986,13.051381
2025-11-07 20:40:35,0.9233068823814392,-0.41934239864349365,-1.1608668565750122,-0.4955352246761322,-1.5417835712432861,-0.409873902797699,0.9233,-0.4211,-1.1592,-0.4955,-1.5396,-0.4099,6.882381439199392e-06,0.001757601356506322,0.0016668565750121989,3.5224676132206145e-05,0.0021835712432860532,2.609720230101198e-05,0.0009460389057794986,6.939163
